customer_id,customer_city,customer_state_province,marital_status,gender,num_children_at_home,total_revenue,days_visited,income,age,num_stores
1787,Hidalgo,Zacatecas,M,F,1,1046.14,45,20000,64,2
5466,Merida,Yucatan,S,M,0,1010.5399999999996,30,40000,46,1
1770,Hidalgo,Zacatecas,S,M,0,956.11,37,40000,80,2
4386,Hidalgo,Zacatecas,S,M,0,934.9899999999996,37,20000,57,2
4026,Hidalgo,Zacatecas,M,F,2,930.7599999999996,33,100000,25,2
7633,Hidalgo,Zacatecas,S,F,0,905.4000000000004,34,60000,33,2
7836,Hidalgo,Zacatecas,S,M,0,893.7599999999996,32,40000,29,2
4226,Hidalgo,Zacatecas,M,F,5,885.1800000000004,29,80000,57,2
4579,Hidalgo,Zacatecas,M,F,1,879.9900000000002,36,60000,84,2
4620,Hidalgo,Zacatecas,M,F,1,866.7199999999997,39,40000,41,2
1942,Hidalgo,Zacatecas,S,F,0,866.0999999999996,36,100000,60,2
1259,Hidalgo,Zacatecas,M,F,0,859.8299999999996,37,20000,28,2
4953,Hidalgo,Zacatecas,S,M,0,857.1099999999996,34,20000,19,2
4853,Hidalgo,Zacatecas,S,M,0,848.8300000000005,34,40000,48,2
6311,Hidalgo,Zacatecas,S,M,0,848.1800000000002,43,80000,86,2
7472,Hidalgo,Zacatecas,M,M,0,840.8100000000002,41,20000,39,2
7016,Hidalgo,Zacatecas,S,F,0,836.3400000000001,34,40000,73,2
1444,Hidalgo,Zacatecas,M,F,5,830.3299999999998,39,20000,88,2
7134,Hidalgo,Zacatecas,M,F,1,823.5599999999997,34,40000,57,2
6652,Hidalgo,Zacatecas,M,F,2,823.3999999999995,34,80000,41,2
850,Hidalgo,Zacatecas,M,M,1,820.8300000000003,36,100000,70,2
6033,Merida,Yucatan,S,M,0,805.8299999999996,26,140000,43,1
1612,Hidalgo,Zacatecas,M,M,2,799.41,37,140000,40,2
4256,Hidalgo,Zacatecas,M,F,1,798.7600000000004,39,20000,21,2
6934,Hidalgo,Zacatecas,S,F,0,796.8000000000001,34,80000,49,2
7152,Hidalgo,Zacatecas,M,M,0,787.2200000000004,40,140000,81,2
8279,Hidalgo,Zacatecas,S,F,0,782.1500000000001,34,80000,25,2
5478,Hidalgo,Zacatecas,S,M,0,777.21,34,40000,27,2
5295,Spokane,WA,S,M,0,772.9700000000005,27,40000,56,1
9610,Merida,Yucatan,S,M,0,772.0399999999995,28,40000,54,1
4771,Hidalgo,Zacatecas,S,M,0,770.4399999999996,37,40000,87,2
6406,Hidalgo,Zacatecas,M,M,2,768.33,30,20000,66,2
4676,Spokane,WA,M,F,0,768.0200000000003,35,40000,68,1
5129,Merida,Yucatan,S,F,0,765.1199999999997,27,60000,58,1
1693,Hidalgo,Zacatecas,M,M,3,765.0699999999998,38,40000,35,2
272,Hidalgo,Zacatecas,S,F,0,763.5699999999999,35,40000,82,2
5114,Hidalgo,Zacatecas,M,F,1,759.7900000000006,29,40000,58,2
4871,Merida,Yucatan,S,F,0,748.8800000000001,28,80000,44,1
4325,Hidalgo,Zacatecas,S,F,0,745.9400000000003,34,80000,39,2
1853,Hidalgo,Zacatecas,S,F,0,742.7900000000001,36,20000,28,2
9143,Merida,Yucatan,M,F,3,737.56,26,60000,42,1
1720,Spokane,WA,S,F,0,736.3699999999998,28,40000,76,1
4225,Hidalgo,Zacatecas,S,M,0,735.06,32,120000,88,2
3808,Hidalgo,Zacatecas,M,F,3,730.32,33,120000,40,2
6527,Hidalgo,Zacatecas,S,F,0,726.9899999999998,23,100000,55,2
7812,Merida,Yucatan,S,F,0,712.0499999999989,35,60000,45,1
1871,Hidalgo,Zacatecas,M,F,0,711.9199999999993,35,40000,55,2
7793,Hidalgo,Zacatecas,M,M,4,711.4299999999996,35,40000,79,2
789,Hidalgo,Zacatecas,M,F,3,707.5699999999999,39,60000,45,2
7782,Hidalgo,Zacatecas,S,F,0,707.54,41,40000,74,2
3858,Hidalgo,Zacatecas,S,F,0,705.3299999999999,29,20000,79,2
5148,Hidalgo,Zacatecas,S,F,0,701.22,29,40000,27,2
4727,Spokane,WA,M,F,3,700.9800000000001,22,150000,69,1
1636,Hidalgo,Zacatecas,S,F,0,699.46000000000015,37,40000,69,2
2998,Merida,Yucatan,M,M,3,698.72,26,140000,34,1
7239,Hidalgo,Zacatecas,S,M,0,698.7099999999997,36,40000,65,2
5559,Merida,Yucatan,M,F,3,698.41,31,140000,18,1
7069,Hidalgo,Zacatecas,M,F,1,697.7900000000003,33,140000,73,2
4731,Hidalgo,Zacatecas,S,F,0,696.1800000000003,38,20000,68,2
3495,Hidalgo,Zacatecas,M,F,1,688.8300000000003,24,20000,18,2
6387,Merida,Yucatan,S,F,0,681.8800000000003,26,60000,23,1
4049,Hidalgo,Zacatecas,S,F,0,680.4799999999999,31,80000,38,2
6260,Hidalgo,Zacatecas,S,F,0,680.47,28,140000,48,2
4780,Hidalgo,Zacatecas,M,F,3,678.9400000000002,32,60000,65,2
7261,Hidalgo,Zacatecas,S,M,0,675.3299999999999,31,40000,63,2
5348,Hidalgo,Zacatecas,S,F,0,674.0500000000001,28,20000,74,2
5642,Merida,Yucatan,S,M,0,673.6500000000003,23,40000,32,1
1495,Hidalgo,Zacatecas,M,F,2,669.06,30,40000,52,2
3210,Hidalgo,Zacatecas,S,M,0,668.46000000000015,27,40000,71,2
4391,Spokane,WA,M,F,3,667.4100000000002,24,40000,61,1
5512,Merida,Yucatan,S,F,0,664.8299999999999,26,40000,47,1
4732,Camacho,Zacatecas,M,M,1,662.5800000000002,28,60000,40,1
4914,Hidalgo,Zacatecas,S,F,0,661.0399999999993,27,60000,40,2
9868,Hidalgo,Zacatecas,M,F,0,659.51,34,80000,41,2
1297,Spokane,WA,S,M,0,650.3600000000002,28,40000,37,1
5481,Merida,Yucatan,M,F,1,648.5800000000003,31,40000,40,1
1222,Hidalgo,Zacatecas,M,M,1,643.4400000000004,36,40000,41,2
8915,Hidalgo,Zacatecas,S,M,0,640.6899999999998,33,20000,68,2
1284,Hidalgo,Zacatecas,S,F,0,639.9699999999997,30,40000,27,2
5102,Merida,Yucatan,S,F,0,638.45,25,80000,35,1
597,Hidalgo,Zacatecas,S,M,0,637.2300000000001,30,40000,24,2
1550,Orizaba,Veracruz,S,F,0,635.03,27,40000,29,1
5174,Spokane,WA,M,M,2,634.9400000000003,27,40000,55,1
4174,Camacho,Zacatecas,S,F,0,634.05,25,60000,81,1
8087,Merida,Yucatan,M,F,2,631.21,28,20000,24,1
9644,Hidalgo,Zacatecas,M,F,1,630.2099999999996,31,20000,72,2
2023,Hidalgo,Zacatecas,M,F,0,628.3499999999998,32,40000,45,2
8169,Hidalgo,Zacatecas,M,F,3,626.81,28,80000,61,2
3753,Merida,Yucatan,M,F,3,621.61,20,40000,56,1
4009,Hidalgo,Zacatecas,M,M,0,621.1699999999998,32,60000,67,2
7063,Hidalgo,Zacatecas,M,F,4,613.6099999999997,28,120000,65,2
8364,Camacho,Zacatecas,M,F,0,613.53,24,40000,43,1
7356,Merida,Yucatan,M,F,2,612.0699999999999,28,20000,50,1
2175,Camacho,Zacatecas,M,F,5,610.7000000000003,22,120000,56,1
1930,Merida,Yucatan,S,F,0,610.6800000000002,28,20000,57,1
1753,Merida,Yucatan,M,F,0,610.3900000000001,27,20000,64,1
8775,Merida,Yucatan,M,F,1,608.6099999999998,25,140000,54,1
4913,Merida,Yucatan,S,M,0,607.7199999999999,25,100000,27,1
4655,Merida,Yucatan,M,F,2,607.3599999999998,27,60000,60,1
2063,Orizaba,Veracruz,M,M,2,605.0400000000002,25,20000,48,1
6669,Hidalgo,Zacatecas,M,M,4,601.0300000000001,32,60000,80,2
8355,Hidalgo,Zacatecas,M,F,4,600.9300000000001,31,80000,73,2
2118,Merida,Yucatan,S,F,0,598.09,29,20000,83,1
486,Merida,Yucatan,M,M,2,597.1999999999995,24,40000,29,1
2446,Camacho,Zacatecas,S,M,0,597.01,25,20000,48,1
6193,Merida,Yucatan,M,M,5,595.2299999999998,23,100000,33,1
9480,Merida,Yucatan,M,M,3,593.6999999999998,23,40000,31,1
3661,Merida,Yucatan,M,M,1,589.1600000000002,26,120000,76,1
322,Hidalgo,Zacatecas,S,M,0,588.4200000000001,24,20000,24,2
8670,Merida,Yucatan,M,M,1,587.81,29,40000,50,1
6394,Merida,Yucatan,M,M,0,585.5100000000001,26,20000,44,1
6111,Camacho,Zacatecas,S,M,0,583.6,19,60000,21,1
8452,Spokane,WA,M,M,4,583.57,20,140000,53,1
3864,Merida,Yucatan,S,M,0,582.49,26,80000,47,1
1119,Merida,Yucatan,M,F,0,582.3999999999995,26,40000,55,1
3440,Hidalgo,Zacatecas,M,F,1,580.5500000000002,17,20000,64,2
7711,Merida,Yucatan,M,M,0,579.42,27,80000,57,1
564,Hidalgo,Zacatecas,M,F,3,579.2600000000004,28,150000,57,2
4761,Merida,Yucatan,M,F,1,578.3100000000001,22,20000,59,1
5665,Merida,Yucatan,M,F,3,577.0100000000002,25,80000,56,1
2310,Hidalgo,Zacatecas,M,F,1,576.5699999999999,26,20000,61,2
1425,Orizaba,Veracruz,M,F,1,575.46000000000015,25,40000,85,1
4495,Merida,Yucatan,S,F,0,573.1599999999999,26,40000,33,1
6075,Merida,Yucatan,M,F,2,572.3,28,80000,40,1
1593,Merida,Yucatan,S,F,0,570.4400000000002,25,40000,34,1
2130,Merida,Yucatan,M,M,3,569.5899999999999,28,140000,26,1
9790,Merida,Yucatan,M,F,0,567.37,23,120000,46,1
9249,Merida,Yucatan,M,F,1,565.6299999999999,22,40000,57,1
1050,Merida,Yucatan,S,F,0,564.4600000000003,31,100000,29,1
8204,Merida,Yucatan,S,M,0,563.57,22,20000,66,1
8615,Merida,Yucatan,M,M,2,561.0700000000003,27,100000,60,1
8928,Merida,Yucatan,M,M,0,556.4499999999995,28,20000,28,1
5432,Spokane,WA,M,M,3,554.9599999999999,22,20000,31,1
8697,Hidalgo,Zacatecas,S,F,0,554.1700000000005,28,40000,59,2
6632,Merida,Yucatan,S,M,0,553.8800000000002,26,80000,30,1
3909,Camacho,Zacatecas,S,F,0,552.12,21,40000,80,1
7234,Spokane,WA,M,F,3,551.47,25,40000,31,1
6227,Hidalgo,Zacatecas,M,F,3,547.3499999999999,24,60000,68,2
5124,Camacho,Zacatecas,S,M,0,547.1400000000002,23,60000,54,1
5536,Orizaba,Veracruz,S,F,0,546.0099999999999,25,60000,41,1
5071,Orizaba,Veracruz,M,F,1,545.1900000000002,21,40000,36,1
9262,Merida,Yucatan,M,M,2,545.17,27,60000,25,1
6679,Merida,Yucatan,S,M,0,542.38,22,150000,54,1
3571,Merida,Yucatan,S,F,0,538.48,21,40000,48,1
5542,Spokane,WA,S,M,0,538.45,19,40000,74,1
9116,Hidalgo,Zacatecas,S,M,0,537.4500000000003,24,20000,81,2
7977,Hidalgo,Zacatecas,M,F,1,536.1399999999999,26,80000,53,2
5592,Spokane,WA,S,F,0,535.58,25,20000,86,1
1972,Hidalgo,Zacatecas,S,F,0,534.9799999999999,28,60000,85,2
6569,Merida,Yucatan,M,M,0,533.7300000000001,24,40000,84,1
728,Merida,Yucatan,M,F,4,533.3799999999998,26,20000,24,1
4021,Spokane,WA,M,M,1,532.96,26,40000,51,1
3125,Merida,Yucatan,S,M,0,531.7000000000002,20,150000,35,1
6912,Spokane,WA,M,F,3,530.7700000000001,20,20000,23,1
8345,Merida,Yucatan,S,F,0,530.05,22,40000,85,1
4175,Spokane,WA,M,F,5,530.0400000000001,28,140000,84,1
8522,Hidalgo,Zacatecas,M,F,0,528.9899999999999,29,140000,70,2
3317,Hidalgo,Zacatecas,M,F,3,528.21,26,60000,63,2
4003,Camacho,Zacatecas,M,F,4,527.28999999999985,23,40000,30,1
4419,Hidalgo,Zacatecas,S,M,0,526.51,27,40000,44,2
2221,Hidalgo,Zacatecas,S,M,0,526.4800000000001,25,40000,86,2
4647,Merida,Yucatan,S,M,0,524.7099999999999,27,80000,18,1
7862,Spokane,WA,M,M,4,524.2900000000001,22,40000,87,1
4250,Orizaba,Veracruz,M,F,0,523.6000000000003,22,140000,67,1
10208,Merida,Yucatan,S,M,0,523.38,26,100000,29,1
4397,Spokane,WA,S,M,0,523.2299999999999,26,40000,76,1
2510,Hidalgo,Zacatecas,S,M,0,522.9899999999998,30,20000,31,2
7055,Hidalgo,Zacatecas,M,M,1,522.9800000000001,27,140000,39,2
5757,Hidalgo,Zacatecas,S,M,0,522.6399999999999,30,40000,79,2
5851,Merida,Yucatan,M,F,0,522.1799999999998,23,40000,39,1
8498,Camacho,Zacatecas,S,F,0,521.5300000000003,23,20000,84,1
5712,Camacho,Zacatecas,M,F,1,519.9599999999998,25,80000,80,1
3390,Hidalgo,Zacatecas,M,F,2,519.2299999999998,27,40000,35,2
8287,Orizaba,Veracruz,M,M,5,518.6500000000002,23,40000,72,1
4094,Spokane,WA,S,F,0,514.8499999999999,23,20000,34,1
8710,Merida,Yucatan,M,M,3,513.8399999999998,27,40000,19,1
4932,Camacho,Zacatecas,S,F,0,511.5700000000001,17,60000,35,1
1419,Merida,Yucatan,S,M,0,510.79,23,80000,67,1
9625,Merida,Yucatan,M,F,2,510.53,26,80000,20,1
2852,Merida,Yucatan,M,M,0,509.8200000000001,27,40000,71,1
3225,Hidalgo,Zacatecas,S,M,0,509.50999999999976,26,150000,33,2
8275,Spokane,WA,M,F,2,507.5300000000002,21,60000,58,1
3982,Merida,Yucatan,S,F,0,506.3300000000001,23,40000,85,1
4571,Camacho,Zacatecas,M,F,3,506.0700000000001,24,40000,49,1
6034,Merida,Yucatan,S,M,0,504.86999999999995,22,40000,62,1
2528,Hidalgo,Zacatecas,S,M,0,504.85,22,40000,75,2
1571,Hidalgo,Zacatecas,S,F,0,504.1400000000001,35,100000,40,2
8351,Spokane,WA,S,M,0,502.73999999999984,22,80000,80,1
6151,Camacho,Zacatecas,M,F,0,502.19999999999976,26,40000,42,1
1567,Spokane,WA,M,M,1,501.2300000000002,25,60000,35,1
5294,Camacho,Zacatecas,S,F,0,501.11000000000007,23,20000,59,1
3761,Orizaba,Veracruz,S,F,0,499.9000000000001,21,60000,53,1
2099,Merida,Yucatan,M,M,0,498.76000000000016,29,40000,63,1
7315,Merida,Yucatan,S,F,0,497.91,22,60000,50,1
5700,Hidalgo,Zacatecas,M,M,2,497.52000000000015,26,40000,51,2
5881,Merida,Yucatan,S,F,0,495.76999999999987,24,80000,32,1
1641,Orizaba,Veracruz,M,M,2,494.56,22,150000,85,1
9510,Spokane,WA,S,F,0,494.44000000000005,17,80000,70,1
5374,Spokane,WA,M,M,3,494.11,23,40000,72,1
8511,Spokane,WA,M,F,1,492.85,21,80000,40,1
4742,Camacho,Zacatecas,S,M,0,491.9699999999999,24,20000,39,1
7051,Spokane,WA,M,F,1,490.8899999999998,21,40000,67,1
4947,Camacho,Zacatecas,M,M,4,490.07,25,20000,74,1
498,Merida,Yucatan,S,M,0,489.34,21,60000,53,1
9844,Merida,Yucatan,M,F,3,488.33000000000015,27,80000,49,1
2015,Camacho,Zacatecas,S,F,0,488.13999999999993,23,60000,85,1
4068,Merida,Yucatan,S,F,0,485.8299999999998,20,40000,56,1
896,Merida,Yucatan,M,F,5,485.32999999999976,21,60000,64,1
8388,Orizaba,Veracruz,M,F,5,484.9299999999999,18,20000,67,1
4925,Spokane,WA,S,F,0,484.5599999999999,25,60000,72,1
1183,Orizaba,Veracruz,S,M,0,484.3500000000003,23,60000,28,1
2019,Spokane,WA,S,M,0,482.4800000000002,24,20000,78,1
5053,Orizaba,Veracruz,M,M,2,481.6100000000002,24,60000,66,1
1614,Orizaba,Veracruz,S,F,0,481.28,22,60000,44,1
7376,Orizaba,Veracruz,S,M,0,481.0400000000002,24,140000,45,1
6603,Merida,Yucatan,M,F,1,480.94000000000005,23,40000,79,1
8592,Merida,Yucatan,M,F,2,480.5599999999998,25,80000,23,1
670,Orizaba,Veracruz,S,F,0,479.5799999999999,21,40000,24,1
1491,Spokane,WA,M,F,0,478.94000000000005,27,140000,83,1
3692,Spokane,WA,S,M,0,478.9,22,80000,69,1
4198,Orizaba,Veracruz,M,F,3,475.8799999999999,20,80000,22,1
4767,Spokane,WA,S,M,0,475.35,22,140000,25,1
4284,Orizaba,Veracruz,M,F,3,472.67,20,40000,51,1
9819,Hidalgo,Zacatecas,M,M,0,472.2800000000002,22,60000,46,2
7969,Camacho,Zacatecas,S,F,0,471.27,19,60000,61,1
2481,Orizaba,Veracruz,S,F,0,470.9200000000002,23,60000,72,1
430,Spokane,WA,S,M,0,467.5499999999999,27,100000,22,1
8427,Spokane,WA,M,M,1,467.12,26,20000,78,1
10002,Hidalgo,Zacatecas,M,M,2,465.13000000000017,29,120000,74,2
3174,Camacho,Zacatecas,M,F,5,464.73,16,140000,63,1
976,Spokane,WA,M,F,1,464.07,26,80000,48,1
5223,Orizaba,Veracruz,M,M,0,463.4,20,40000,41,1
997,Port Orchard,WA,S,F,0,462.29,17,140000,83,0
8752,Orizaba,Veracruz,S,F,0,459.77,19,20000,65,1
4477,Merida,Yucatan,M,M,1,459.2600000000002,21,60000,55,1
3528,Olympia,WA,M,F,1,456.7600000000001,18,40000,47,0
6957,Spokane,WA,S,F,0,456.4399999999999,19,40000,24,1
1325,Orizaba,Veracruz,S,M,0,455.93999999999994,20,40000,49,1
7702,Spokane,WA,S,M,0,455.34,19,40000,40,1
9743,Orizaba,Veracruz,M,F,3,454.32,21,60000,62,1
8077,Orizaba,Veracruz,S,F,0,454.2300000000001,20,40000,35,1
4956,Camacho,Zacatecas,M,M,4,452.50000000000017,17,20000,60,1
9097,Hidalgo,Zacatecas,S,F,0,451.79,25,20000,45,2
4319,Orizaba,Veracruz,S,M,0,451.41000000000014,18,60000,74,1
10001,Merida,Yucatan,M,F,0,450.7199999999999,21,40000,67,1
2663,Spokane,WA,M,M,1,450.58000000000015,20,40000,61,1
5740,Hidalgo,Zacatecas,S,F,0,449.38000000000005,23,140000,66,2
5900,Hidalgo,Zacatecas,M,M,5,448.8600000000001,24,40000,66,2
7221,Merida,Yucatan,S,F,0,448.49,22,40000,58,1
7337,Camacho,Zacatecas,S,M,0,448.2600000000002,21,60000,36,1
6240,Camacho,Zacatecas,S,M,0,447.97000000000025,20,40000,31,1
8870,Merida,Yucatan,S,M,0,447.7000000000001,17,80000,83,1
6100,Hidalgo,Zacatecas,M,M,0,447.6899999999999,23,40000,83,2
9895,Camacho,Zacatecas,S,M,0,447.5700000000001,18,60000,88,1
2500,Merida,Yucatan,M,F,0,446.45,22,40000,68,1
8363,Hidalgo,Zacatecas,M,F,5,443.19999999999993,21,80000,39,2
3411,Merida,Yucatan,S,M,0,441.64,23,20000,60,1
2475,Merida,Yucatan,S,F,0,441.0100000000001,23,40000,79,1
9631,Spokane,WA,M,M,5,439.75999999999993,21,40000,56,1
8203,Orizaba,Veracruz,S,M,0,438.9799999999998,23,40000,56,1
8239,Merida,Yucatan,S,M,0,437.4899999999999,20,60000,79,1
7700,Orizaba,Veracruz,M,M,0,437.2300000000001,20,20000,61,1
7158,Orizaba,Veracruz,S,M,0,436.83,20,60000,76,1
6464,Merida,Yucatan,S,M,0,436.32,22,20000,28,1
1310,Spokane,WA,M,F,1,436.12,20,20000,43,1
1947,Merida,Yucatan,M,M,0,435.83,30,100000,42,1
5605,Orizaba,Veracruz,M,M,1,434.7600000000001,20,20000,83,1
3857,Merida,Yucatan,M,F,1,434.4199999999999,20,20000,72,1
1038,Camacho,Zacatecas,M,F,2,434.31000000000023,24,40000,77,1
9398,Camacho,Zacatecas,M,M,0,433.56,19,20000,60,1
7448,Merida,Yucatan,M,M,3,432.0100000000001,23,80000,57,1
7072,Spokane,WA,S,F,0,431.5099999999997,21,100000,64,1
2646,Camacho,Zacatecas,M,F,2,429.4799999999999,24,40000,71,1
9990,Merida,Yucatan,S,F,0,429.46,25,120000,57,1
8534,Orizaba,Veracruz,S,F,0,428.4200000000001,21,80000,25,1
1812,Camacho,Zacatecas,S,M,0,426.3200000000001,19,40000,21,1
2439,Orizaba,Veracruz,S,F,0,425.9899999999998,19,20000,74,1
3244,Merida,Yucatan,S,M,0,425.33,20,80000,46,1
6114,Spokane,WA,S,F,0,424.90000000000015,19,40000,21,1
2201,Spokane,WA,M,F,2,423.94999999999993,21,40000,42,1
4118,Olympia,WA,S,M,0,422.99000000000024,21,60000,57,0
2570,Spokane,WA,M,M,1,422.44000000000005,23,80000,77,1
5318,Orizaba,Veracruz,S,M,0,421.6399999999996,23,60000,61,1
4868,Spokane,WA,M,F,1,418.5899999999999,21,140000,39,1
5766,Spokane,WA,M,M,2,418.55,19,80000,36,1
10008,Merida,Yucatan,S,F,0,418.24000000000007,22,20000,42,1
2553,Spokane,WA,M,M,1,418.2399999999999,19,60000,21,1
8973,Camacho,Zacatecas,S,F,0,416.56999999999994,17,40000,28,1
8466,Olympia,WA,M,M,0,413.58,17,20000,86,0
9197,Orizaba,Veracruz,M,M,0,413.44,20,80000,55,1
1850,Spokane,WA,S,M,0,412.93000000000006,19,140000,56,1
1265,Orizaba,Veracruz,M,F,2,412.6100000000001,20,60000,87,1
8405,Camacho,Zacatecas,S,F,0,411.88000000000034,22,60000,44,1
7810,Port Orchard,WA,S,F,0,410.9800000000001,16,20000,26,0
9897,Spokane,WA,M,M,1,409.6000000000001,23,20000,88,1
9200,Spokane,WA,S,F,0,408.5500000000002,19,20000,75,1
8952,Orizaba,Veracruz,S,M,0,408.4999999999997,19,120000,57,1
8564,Camacho,Zacatecas,M,F,0,408.2399999999999,19,20000,36,1
5172,Orizaba,Veracruz,S,M,0,405.24000000000007,17,40000,63,1
5975,Orizaba,Veracruz,S,F,0,404.18,17,20000,71,1
8691,Camacho,Zacatecas,S,M,0,402.2900000000001,18,40000,29,1
1528,Spokane,WA,M,F,3,400.3,20,40000,29,1
3762,Orizaba,Veracruz,M,F,2,400.1500000000001,18,60000,66,1
1070,Port Orchard,WA,S,F,0,400.04,16,40000,87,0
8040,Hidalgo,Zacatecas,S,F,0,399.54,24,80000,50,2
298,Merida,Yucatan,M,F,0,398.5500000000001,21,60000,40,1
2862,Orizaba,Veracruz,M,F,1,397.6199999999999,19,60000,58,1
6307,Spokane,WA,M,F,4,396.83,20,20000,49,1
3957,Orizaba,Veracruz,S,M,0,396.40000000000015,19,40000,63,1
1402,Orizaba,Veracruz,M,F,2,395.1999999999999,21,80000,22,1
9797,Spokane,WA,M,F,1,393.0400000000002,21,60000,57,1
4355,Camacho,Zacatecas,M,F,0,390.2399999999999,18,40000,29,1
7279,Orizaba,Veracruz,M,F,1,389.9299999999999,20,140000,53,1
378,Spokane,WA,S,M,0,389.69999999999976,16,40000,29,1
4285,Merida,Yucatan,S,F,0,389.45999999999975,18,40000,19,1
3234,Orizaba,Veracruz,M,F,1,389.0199999999999,14,20000,87,1
8106,Acapulco,Guerrero,S,M,0,388.62999999999994,17,80000,44,1
3826,Spokane,WA,M,M,1,388.46,22,60000,44,1
1377,Merida,Yucatan,S,M,0,387.0199999999999,20,20000,71,1
8228,Orizaba,Veracruz,S,F,0,386.78000000000026,20,60000,21,1
2769,Spokane,WA,S,M,0,386.0300000000001,20,20000,41,1
9263,Spokane,WA,M,F,0,384.52,20,40000,34,1
7917,Orizaba,Veracruz,S,F,0,381.4800000000001,17,80000,82,1
5092,Olympia,WA,S,F,0,380.52,15,40000,56,0
3419,Orizaba,Veracruz,S,F,0,380.02,16,60000,43,1
1124,Port Orchard,WA,S,M,0,379.32000000000016,18,80000,80,0
6835,Spokane,WA,M,M,2,379.13,19,80000,69,1
1390,Orizaba,Veracruz,S,F,0,378.06000000000006,20,140000,54,1
6113,Spokane,WA,S,F,0,377.58,18,140000,46,1
5008,Orizaba,Veracruz,S,F,0,377.09,16,40000,35,1
5872,Camacho,Zacatecas,M,F,3,376.35000000000014,18,80000,72,1
3602,Orizaba,Veracruz,S,F,0,376.1799999999999,15,40000,56,1
7128,Camacho,Zacatecas,M,F,2,375.83,21,40000,46,1
1836,Orizaba,Veracruz,M,F,3,373.62999999999994,18,40000,77,1
9443,Merida,Yucatan,S,M,0,373.5200000000002,18,20000,67,1
4592,Merida,Yucatan,M,M,0,372.42,21,120000,74,1
3567,Spokane,WA,M,M,1,371.59999999999985,20,80000,56,1
8039,Acapulco,Guerrero,M,M,2,369.66,18,80000,35,1
7794,Orizaba,Veracruz,M,M,1,368.14,16,40000,21,1
9450,Merida,Yucatan,S,F,0,367.69000000000005,16,100000,56,1
767,Camacho,Zacatecas,S,F,0,367.1400000000002,21,20000,35,1
5134,Port Orchard,WA,S,F,0,366.2400000000001,10,40000,85,0
838,Camacho,Zacatecas,S,F,0,364.96999999999986,21,60000,41,1
1578,Merida,Yucatan,M,F,0,363.48,24,40000,87,1
7176,Orizaba,Veracruz,M,M,1,362.9899999999999,16,40000,63,1
4485,Orizaba,Veracruz,S,F,0,360.0800000000002,17,80000,52,1
3491,Spokane,WA,M,F,2,357.1700000000001,16,80000,51,1
3021,Spokane,WA,M,F,2,356.85,15,60000,62,1
3608,Orizaba,Veracruz,M,F,0,356.22999999999996,18,120000,54,1
7746,Camacho,Zacatecas,M,M,0,355.08000000000004,21,60000,55,1
7787,Camacho,Zacatecas,S,M,0,354.9999999999999,13,80000,86,1
4846,Olympia,WA,S,M,0,354.70000000000005,13,40000,68,0
8118,Camacho,Zacatecas,S,M,0,354,19,120000,29,1
6047,Olympia,WA,S,M,0,353.78,11,20000,82,0
7146,Orizaba,Veracruz,M,F,0,353.42000000000013,17,140000,81,1
1056,Camacho,Zacatecas,M,F,2,350.49,17,20000,25,1
9318,Spokane,WA,M,M,1,349.78,16,120000,38,1
3601,Orizaba,Veracruz,M,F,0,349.3399999999999,13,40000,50,1
1013,Orizaba,Veracruz,M,F,2,348.44999999999976,17,20000,61,1
3366,Camacho,Zacatecas,S,M,0,347.5300000000001,20,80000,20,1
3328,Olympia,WA,M,F,4,346.99,19,20000,47,0
663,Spokane,WA,S,F,0,345.5200000000002,22,60000,78,1
1745,Acapulco,Guerrero,M,M,2,345.46000000000004,14,20000,35,1
7308,Mexico City,Mexico,M,M,2,344.69,16,140000,41,1
9037,Orizaba,Veracruz,M,F,1,344.67999999999995,18,20000,68,1
1125,Camacho,Zacatecas,M,F,1,343.2700000000001,18,60000,38,1
680,La Cruz,Sinaloa,M,F,3,342.91,19,20000,86,0
7663,Mexico City,Mexico,S,F,0,342.37999999999994,14,100000,72,1
7614,Orizaba,Veracruz,M,M,3,341.35000000000014,17,60000,40,1
8846,Camacho,Zacatecas,S,M,0,341.19000000000005,15,60000,21,1
9928,Spokane,WA,S,F,0,341.0099999999999,16,20000,43,1
2371,Spokane,WA,S,M,0,340.88000000000017,17,20000,71,1
2587,Spokane,WA,M,F,0,340.66999999999996,18,80000,32,1
10033,Bremerton,WA,S,F,0,340.28,14,40000,53,1
2094,Acapulco,Guerrero,M,F,1,340.2200000000001,16,100000,53,1
341,Olympia,WA,M,M,0,339.15,13,20000,63,0
8544,Acapulco,Guerrero,S,F,0,338.66000000000014,10,40000,79,1
6910,Camacho,Zacatecas,S,F,0,338.5899999999999,15,140000,26,1
10173,Spokane,WA,M,F,0,338.42,21,40000,49,1
9456,Camacho,Zacatecas,S,M,0,337.90000000000015,19,20000,56,1
5256,Olympia,WA,M,M,3,337.50000000000006,13,20000,50,0
9191,Orizaba,Veracruz,S,M,0,337.4200000000001,17,40000,53,1
2229,Orizaba,Veracruz,S,M,0,336.09000000000003,14,40000,55,1
4001,Camacho,Zacatecas,M,F,0,334.91000000000014,15,20000,63,1
6440,Merida,Yucatan,S,M,0,333.9100000000001,16,20000,22,1
9559,Orizaba,Veracruz,M,F,0,332.5299999999999,16,20000,84,1
5742,Spokane,WA,S,F,0,331.46,18,80000,25,1
5099,Camacho,Zacatecas,M,F,1,331.4000000000001,16,60000,83,1
4807,Camacho,Zacatecas,M,F,0,329.62,19,80000,62,1
286,Camacho,Zacatecas,S,F,0,329.0899999999999,20,120000,34,1
5981,Orizaba,Veracruz,M,M,0,326.8600000000001,17,80000,80,1
1185,Tacoma,WA,M,M,3,326.47,13,20000,54,1
6563,Acapulco,Guerrero,S,F,0,326.3200000000002,9,60000,48,1
9725,Orizaba,Veracruz,M,M,2,325.19999999999993,14,120000,68,1
2551,Camacho,Zacatecas,M,F,4,325.1699999999999,22,80000,27,1
2434,Acapulco,Guerrero,S,F,0,325.06000000000006,15,20000,39,1
10250,Puyallup,WA,M,M,2,325.0099999999999,13,20000,39,0
8242,Olympia,WA,M,M,4,324.9299999999999,13,40000,42,0
7860,Orizaba,Veracruz,M,M,2,324.24,16,40000,26,1
7328,Camacho,Zacatecas,S,F,0,322.51,18,60000,71,1
1282,Bremerton,WA,S,F,0,322.4200000000002,17,40000,79,1
3185,Camacho,Zacatecas,S,F,0,321.59999999999997,16,40000,27,1
8497,Camacho,Zacatecas,M,F,1,320.12000000000006,18,60000,71,1
2448,Spokane,WA,S,F,0,320,19,20000,39,1
135,Tixapan,DF,M,M,0,319.2099999999998,15,120000,74,0
2224,Spokane,WA,M,F,2,318.5100000000001,17,100000,78,1
1415,Spokane,WA,S,M,0,314.1200000000001,20,60000,80,1
2634,Acapulco,Guerrero,M,F,0,313.7999999999999,16,40000,56,1
5430,Acapulco,Guerrero,S,M,0,313.67,15,20000,66,1
965,Camacho,Zacatecas,M,F,2,313.52000000000004,16,80000,85,1
3870,Orizaba,Veracruz,S,M,0,312.9999999999999,15,60000,70,1
2378,Spokane,WA,M,F,0,312.14000000000016,15,80000,84,1
2697,Orizaba,Veracruz,M,M,1,311.27000000000015,17,40000,67,1
5410,Tacoma,WA,M,F,1,311.0300000000001,16,40000,34,1
1845,Camacho,Zacatecas,S,F,0,310.9100000000001,18,40000,82,1
3080,Orizaba,Veracruz,M,M,2,310.83000000000004,13,40000,58,1
2139,Merida,Yucatan,M,F,3,310.21999999999997,20,20000,23,1
3838,Puyallup,WA,M,M,2,309.6599999999999,14,20000,35,0
7121,Camacho,Zacatecas,S,F,0,309.59,15,80000,59,1
769,Spokane,WA,S,F,0,309.46,16,40000,42,1
1983,Olympia,WA,M,M,5,309.41999999999996,13,40000,71,0
9820,Camacho,Zacatecas,S,F,0,307.99,16,60000,82,1
3747,Acapulco,Guerrero,S,F,0,307.3500000000001,12,80000,19,1
6589,Puyallup,WA,S,F,0,306.7800000000001,13,20000,82,0
5991,Bremerton,WA,M,M,1,306.28000000000003,13,60000,60,1
9815,Spokane,WA,M,M,5,305.2899999999999,12,40000,47,1
10113,La Cruz,Sinaloa,S,F,0,304.79999999999995,13,150000,81,0
9040,Spokane,WA,S,F,0,304.55,17,40000,24,1
4437,Camacho,Zacatecas,S,M,0,304.0600000000002,13,80000,65,1
104,Hidalgo,Zacatecas,M,F,1,303.57000000000016,20,40000,46,2
8704,Acapulco,Guerrero,S,F,0,303.57000000000005,13,60000,40,1
7321,Orizaba,Veracruz,M,M,0,303.57,11,120000,81,1
1295,Camacho,Zacatecas,M,M,1,303.49,19,60000,69,1
1371,Acapulco,Guerrero,M,M,0,303.46000000000004,11,40000,54,1
6712,Spokane,WA,M,M,3,303.40000000000003,16,120000,29,1
9123,Port Orchard,WA,S,M,0,302.25000000000006,12,100000,86,0
6348,Spokane,WA,M,M,1,301.53,17,20000,87,1
3242,Bremerton,WA,S,F,0,300.8699999999999,13,20000,66,1
5962,Tacoma,WA,M,F,5,300.45000000000005,15,60000,45,1
1590,Orizaba,Veracruz,M,F,0,300.12,15,20000,47,1
6161,Tacoma,WA,S,F,0,300.0100000000001,17,20000,33,1
5686,Port Orchard,WA,M,M,0,299.78,16,80000,85,0
8121,Acapulco,Guerrero,S,F,0,299.70000000000005,16,20000,74,1
1976,San Andres,DF,S,F,0,299.24,11,120000,41,1
9238,Camacho,Zacatecas,S,M,0,299.08999999999986,16,20000,43,1
9881,Bremerton,WA,M,M,0,298.68999999999994,13,20000,23,1
3192,Acapulco,Guerrero,S,M,0,298.39,13,40000,62,1
9887,La Cruz,Sinaloa,M,M,5,296.08,15,40000,58,0
1281,Bremerton,WA,M,F,4,295.92999999999995,16,80000,28,1
2467,Acapulco,Guerrero,M,F,2,295.4699999999999,14,80000,36,1
5341,Olympia,WA,M,F,1,295.33,12,20000,34,0
2329,Orizaba,Veracruz,M,M,1,294.8400000000001,18,120000,77,1
2918,Puyallup,WA,S,F,0,294.12999999999994,13,20000,47,0
9634,Orizaba,Veracruz,M,M,1,292.46999999999997,17,120000,41,1
7171,Yakima,WA,S,M,0,291.89000000000004,10,40000,87,1
3160,Olympia,WA,M,F,1,290.39000000000016,18,20000,50,0
8860,Tacoma,WA,M,M,3,290.36000000000007,11,40000,84,1
8947,Bremerton,WA,S,M,0,289.8999999999999,15,60000,54,1
4960,Tixapan,DF,M,M,0,289.4699999999999,16,20000,22,0
2924,Bremerton,WA,S,M,0,289.27000000000004,13,40000,47,1
3501,Merida,Yucatan,M,F,3,288.80000000000007,10,40000,33,1
1168,Puyallup,WA,M,F,1,288.5899999999999,16,40000,60,0
5281,Santa Anita,DF,S,M,0,288.4100000000001,14,20000,23,0
6081,Orizaba,Veracruz,M,M,4,287.95999999999987,17,40000,38,1
8794,Puyallup,WA,S,M,0,287.9299999999999,11,140000,48,0
4204,Tacoma,WA,M,M,2,287.28000000000003,9,40000,39,1
919,La Cruz,Sinaloa,M,M,5,287.06999999999994,14,120000,63,0
6992,Camacho,Zacatecas,S,M,0,286.46999999999997,16,40000,42,1
7074,Mexico City,Mexico,S,F,0,285.7899999999999,15,80000,39,1
924,Port Orchard,WA,M,M,0,285.77,11,40000,26,0
4029,Olympia,WA,M,M,0,285.4799999999999,13,20000,82,0
8647,Bremerton,WA,S,F,0,285.25000000000006,13,60000,52,1
4271,Tixapan,DF,M,M,0,284.31000000000006,16,60000,55,0
1948,Acapulco,Guerrero,M,M,1,283.72999999999996,16,140000,78,1
9715,Puyallup,WA,S,F,0,283.52000000000004,12,80000,22,0
6960,Olympia,WA,M,F,3,282.68999999999994,15,150000,44,0
511,Spokane,WA,M,F,2,282.5800000000001,21,20000,59,1
760,Port Orchard,WA,S,F,0,282.3600000000001,13,150000,28,0
1062,Orizaba,Veracruz,M,F,4,282.1000000000001,13,20000,55,1
4693,Port Orchard,WA,S,M,0,281.9700000000001,13,40000,22,0
7822,Bremerton,WA,S,F,0,281.88000000000005,14,40000,48,1
754,Bremerton,WA,S,F,0,281.84999999999997,13,40000,46,1
6812,Orizaba,Veracruz,S,F,0,281.71,16,100000,71,1
7269,Salem,OR,M,F,3,281.64000000000004,13,40000,41,1
6076,Acapulco,Guerrero,M,M,2,281.59,15,40000,82,1
2176,San Andres,DF,M,F,2,281.49999999999994,13,20000,87,1
1197,Yakima,WA,S,M,0,281.11999999999995,15,60000,86,1
8191,Mexico City,Mexico,M,M,0,280.56000000000006,9,140000,27,1
2335,Olympia,WA,S,M,0,280.52000000000004,11,20000,42,0
2901,Tixapan,DF,S,M,0,280.47,16,120000,52,0
1004,Puyallup,WA,M,F,1,279.49999999999994,11,40000,25,0
510,Camacho,Zacatecas,S,F,0,279.45,15,40000,43,1
7946,Camacho,Zacatecas,M,F,0,278.72,16,100000,74,1
4150,Camacho,Zacatecas,M,M,2,278.28,18,40000,55,1
10095,Orizaba,Veracruz,S,F,0,278.05999999999995,13,100000,70,1
2692,Hidalgo,Zacatecas,M,F,0,277.28,15,60000,63,2
6153,Spokane,WA,S,F,0,276.4900000000002,14,60000,42,1
2986,Camacho,Zacatecas,S,M,0,276.3400000000001,14,60000,74,1
1328,Puyallup,WA,S,M,0,275.06,13,140000,69,0
4235,Orizaba,Veracruz,S,M,0,275.02000000000004,18,60000,78,1
3025,Camacho,Zacatecas,S,M,0,274.78,15,40000,39,1
5672,Camacho,Zacatecas,M,M,1,274.27000000000004,17,120000,63,1
7593,Camacho,Zacatecas,S,F,0,273.87000000000006,15,20000,50,1
8237,Santa Anita,DF,S,F,0,273.2999999999999,9,20000,52,0
3396,Tixapan,DF,M,M,0,273.13,14,80000,83,0
9349,Orizaba,Veracruz,S,F,0,272.58,17,20000,61,1
7110,Camacho,Zacatecas,S,M,0,272.43,15,40000,41,1
7502,Spokane,WA,S,M,0,272.3799999999999,15,20000,29,1
8281,Olympia,WA,M,F,3,272.33000000000004,9,20000,19,0
5398,Tacoma,WA,M,F,1,272.09999999999997,14,40000,74,1
6372,Puyallup,WA,M,M,0,271.67999999999995,16,100000,54,0
6048,Acapulco,Guerrero,S,M,0,271.35,12,80000,38,1
2275,Acapulco,Guerrero,M,F,3,270.9700000000001,15,60000,40,1
5303,Olympia,WA,M,M,2,270.82999999999987,9,120000,21,0
9573,Orizaba,Veracruz,M,M,3,270.78000000000003,14,40000,87,1
9811,Camacho,Zacatecas,S,F,0,270.75,17,40000,81,1
1393,Santa Anita,DF,S,M,0,270.7300000000001,12,60000,67,0
9316,Orizaba,Veracruz,S,F,0,270.09000000000003,15,60000,41,1
9169,Yakima,WA,M,F,1,269.87999999999994,11,80000,40,1
5984,Puyallup,WA,S,M,0,269.06000000000006,15,140000,68,0
9766,Camacho,Zacatecas,M,F,0,268.91999999999996,15,80000,23,1
1341,Port Orchard,WA,M,M,3,268.87,17,40000,58,0
1563,Tixapan,DF,M,F,1,267.85,11,40000,78,0
6138,Olympia,WA,M,F,4,267.71999999999997,13,80000,38,0
5654,Camacho,Zacatecas,S,F,0,267.13,12,120000,71,1
321,Merida,Yucatan,S,M,0,266.17,12,100000,48,1
9728,Spokane,WA,M,M,1,265.99000000000007,15,20000,50,1
8486,Santa Anita,DF,S,M,0,265.54,10,60000,36,0
8769,Yakima,WA,M,M,0,265.29,12,80000,50,1
9642,Bremerton,WA,M,M,0,265.24,11,20000,22,1
1551,Bremerton,WA,M,F,2,265.24,16,40000,32,1
1813,Olympia,WA,S,F,0,263.7600000000001,13,40000,80,0
3795,Orizaba,Veracruz,M,M,2,263.4399999999999,15,60000,82,1
8649,Acapulco,Guerrero,M,M,3,263.39000000000004,13,60000,52,1
10263,San Andres,DF,S,F,0,263.38000000000005,13,40000,88,1
1610,Bremerton,WA,S,F,0,263.23,14,40000,59,1
6263,La Cruz,Sinaloa,S,F,0,263.21999999999997,12,100000,21,0
6187,Acapulco,Guerrero,S,M,0,263.21999999999997,10,60000,40,1
6358,Acapulco,Guerrero,S,F,0,263.21000000000004,13,20000,22,1
4234,Port Orchard,WA,S,F,0,262.96,14,60000,38,0
1430,Port Orchard,WA,S,M,0,262.51000000000016,14,40000,38,0
1424,Santa Anita,DF,M,M,2,262.5,12,40000,53,0
1352,Tacoma,WA,S,M,0,261.6500000000001,11,60000,47,1
8742,Port Orchard,WA,S,M,0,261.44999999999993,11,20000,87,0
2077,Yakima,WA,M,M,2,261.2599999999999,12,80000,30,1
4202,Camacho,Zacatecas,M,F,1,261.04,14,40000,58,1
9848,San Andres,DF,S,M,0,260.85,11,120000,75,1
9149,Camacho,Zacatecas,S,M,0,260.15,12,80000,47,1
9525,Camacho,Zacatecas,S,M,0,259.42999999999995,11,20000,33,1
2723,Bremerton,WA,M,F,2,258.74999999999994,16,80000,66,1
5315,San Andres,DF,M,M,0,258.40000000000003,13,20000,56,1
752,Orizaba,Veracruz,M,F,3,258.13,15,60000,41,1
6361,Santa Fe,DF,M,F,2,258.02,10,20000,69,0
8166,Orizaba,Veracruz,S,M,0,257.39,13,140000,40,1
6608,Santa Anita,DF,S,M,0,257.36,10,40000,35,0
3691,Olympia,WA,M,M,3,257.33000000000004,12,140000,64,0
217,Woodburn,OR,S,M,0,257.31,12,60000,73,0
3186,Camacho,Zacatecas,M,F,1,257.19000000000005,12,80000,40,1
2479,Lebanon,OR,S,M,0,256.8700000000001,14,60000,40,0
1277,Acapulco,Guerrero,M,F,0,256.64,13,60000,45,1
4824,Port Orchard,WA,S,M,0,256.12,11,40000,40,0
7913,Tacoma,WA,S,M,0,255.73000000000005,14,100000,67,1
5557,Santa Anita,DF,S,M,0,255.6000000000001,11,20000,29,0
3372,Mexico City,Mexico,M,M,1,255.59000000000003,14,40000,36,1
1744,Tacoma,WA,M,M,3,255.57,13,40000,72,1
7816,Tixapan,DF,M,M,4,255.2,12,40000,30,0
8374,Bremerton,WA,M,F,1,255.15999999999997,16,60000,32,1
3584,Camacho,Zacatecas,S,M,0,254.53000000000003,17,40000,76,1
4775,Olympia,WA,S,M,0,254.08000000000007,13,80000,54,0
1002,La Cruz,Sinaloa,M,F,2,253.87000000000003,14,80000,18,0
10240,Bremerton,WA,S,F,0,253.83000000000004,12,140000,24,1
4374,Camacho,Zacatecas,S,F,0,253.20000000000005,11,140000,27,1
950,Lebanon,OR,S,M,0,252.1599999999999,11,40000,39,0
8731,Bremerton,WA,M,F,1,252.13999999999996,15,60000,56,1
8315,Acapulco,Guerrero,S,M,0,252.0300000000001,11,60000,85,1
9432,La Cruz,Sinaloa,S,F,0,252.00000000000009,11,60000,84,0
6382,Tixapan,DF,M,F,0,251.72000000000003,11,150000,85,0
6496,Bremerton,WA,M,M,4,251.42999999999995,11,40000,30,1
6041,Orizaba,Veracruz,S,F,0,250.62,13,20000,47,1
3468,Orizaba,Veracruz,S,F,0,250.25000000000009,14,20000,53,1
2921,Spokane,WA,S,F,0,250.04999999999993,12,40000,44,1
5820,Olympia,WA,S,M,0,248.41000000000005,9,20000,27,0
4497,Puyallup,WA,S,M,0,248.16999999999996,11,40000,53,0
8500,Tacoma,WA,S,M,0,248.16000000000005,13,40000,26,1
6461,Tixapan,DF,M,F,1,248.03,12,60000,86,0
472,Tacoma,WA,M,F,0,247.64000000000004,10,40000,52,1
99,Port Orchard,WA,S,F,0,247.59,10,40000,64,0
3077,Mexico City,Mexico,S,M,0,247.33999999999995,10,40000,65,1
344,Santa Anita,DF,S,M,0,247.11,12,140000,66,0
7989,Puyallup,WA,M,F,2,246.45999999999995,14,20000,65,0
4618,Bremerton,WA,M,M,1,246.3,10,60000,49,1
5877,Olympia,WA,S,M,0,246.18999999999997,9,20000,49,0
6168,Olympia,WA,M,M,4,245.37,13,100000,30,0
4998,Port Orchard,WA,S,M,0,245.35,15,60000,57,0
6159,Orizaba,Veracruz,S,M,0,244.51000000000008,16,20000,71,1
587,Puyallup,WA,M,M,1,244.26999999999992,11,40000,49,0
7745,Acapulco,Guerrero,M,M,1,244.17000000000004,12,40000,87,1
1823,La Cruz,Sinaloa,S,M,0,243.84000000000003,12,20000,31,0
5501,Olympia,WA,S,F,0,243.7599999999999,10,40000,45,0
7281,Tacoma,WA,M,F,2,243.27000000000004,13,80000,85,1
9953,La Cruz,Sinaloa,S,F,0,242.89000000000004,14,80000,80,0
6370,La Cruz,Sinaloa,S,M,0,242.8499999999999,12,40000,36,0
2312,Acapulco,Guerrero,S,M,0,241.87,12,40000,19,1
5181,Santa Anita,DF,S,M,0,240.91000000000005,15,120000,56,0
2181,Acapulco,Guerrero,S,M,0,240.79,13,140000,51,1
3448,Port Orchard,WA,M,M,2,240.61,12,40000,78,0
8821,Orizaba,Veracruz,M,F,1,240.30999999999997,13,40000,76,1
7685,Santa Anita,DF,S,F,0,240.3,14,40000,37,0
7704,Bremerton,WA,M,M,1,240.19000000000003,10,20000,75,1
1607,Olympia,WA,M,F,0,239.54000000000005,12,60000,43,0
8016,Tixapan,DF,S,F,0,239.47000000000003,11,20000,68,0
683,Tixapan,DF,M,F,1,238.55999999999997,10,80000,47,0
3330,Santa Anita,DF,S,M,0,237.96,11,80000,22,0
4377,Tixapan,DF,M,F,0,237.75,10,40000,78,0
753,Bremerton,WA,S,F,0,237.66999999999996,10,100000,38,1
9484,San Andres,DF,S,M,0,237.54,12,60000,30,1
10253,Hidalgo,Zacatecas,M,F,1,237.15000000000003,13,20000,43,2
7934,Santa Anita,DF,S,M,0,237.07,15,40000,63,0
201,Santa Fe,DF,M,F,0,236.84000000000003,13,60000,22,0
7015,Acapulco,Guerrero,S,M,0,236.46000000000004,10,20000,58,1
7231,Acapulco,Guerrero,S,M,0,236.36000000000007,13,140000,76,1
10271,Merida,Yucatan,S,F,0,235.88999999999996,13,80000,47,1
3168,La Cruz,Sinaloa,M,M,1,235.36,11,20000,30,0
8003,Port Orchard,WA,S,M,0,235.13,14,20000,72,0
9781,Port Orchard,WA,S,F,0,235.13,12,60000,32,0
400,Yakima,WA,M,F,0,235.03,13,60000,78,1
2802,Santa Fe,DF,M,F,5,234.99,10,40000,56,0
4670,Tacoma,WA,S,M,0,234.95000000000007,9,40000,19,1
3197,Yakima,WA,S,F,0,234.23999999999995,8,60000,87,1
8202,Port Orchard,WA,S,F,0,234.14000000000004,11,80000,74,0
10238,Spokane,WA,M,F,0,234.11,17,40000,28,1
7132,Corvallis,OR,M,F,0,234.0399999999999,11,60000,34,0
6367,Port Orchard,WA,S,F,0,233.94999999999996,11,60000,35,0
2493,Olympia,WA,S,F,0,233.51,10,120000,84,0
6010,Tixapan,DF,S,M,0,232.65,11,60000,76,0
1805,Acapulco,Guerrero,S,F,0,232.39,13,40000,83,1
9620,Acapulco,Guerrero,S,M,0,232.01,11,100000,48,1
3713,Acapulco,Guerrero,S,F,0,231.88,11,40000,52,1
5333,Santa Fe,DF,S,M,0,231.87999999999997,10,80000,30,0
3239,Olympia,WA,S,F,0,231.8,12,60000,43,0
5143,Tacoma,WA,S,M,0,231.63000000000005,13,20000,48,1
1979,Bremerton,WA,S,M,0,230.97,14,40000,40,1
5216,Bremerton,WA,M,F,1,230.5,11,40000,49,1
1862,Puyallup,WA,S,F,0,230.48000000000008,12,40000,59,0
7550,Mexico City,Mexico,M,M,1,230.42,16,20000,48,1
4070,Yakima,WA,M,M,1,230.01999999999995,13,20000,41,1
8894,Orizaba,Veracruz,S,M,0,229.97000000000003,12,40000,40,1
1660,Salem,OR,S,F,0,229.74999999999991,10,20000,56,1
2458,Glendale,CA,S,M,0,229.36000000000004,11,100000,56,0
5499,Milwaukie,OR,M,M,3,229.3,11,80000,35,0
1785,Bremerton,WA,S,F,0,229.13,13,80000,59,1
5419,Tacoma,WA,S,F,0,229.12,12,80000,49,1
5616,Tacoma,WA,S,F,0,228.56000000000003,12,20000,30,1
4907,Acapulco,Guerrero,S,M,0,228.42000000000004,9,20000,34,1
9954,Acapulco,Guerrero,M,F,3,228.19000000000003,13,40000,55,1
911,Santa Anita,DF,S,M,0,227.66,10,40000,55,0
6001,Tacoma,WA,M,F,2,227.55,16,100000,81,1
534,Orizaba,Veracruz,M,F,3,226.8,10,20000,22,1
4610,Yakima,WA,S,M,0,226.65000000000003,14,40000,73,1
7994,Orizaba,Veracruz,M,M,0,226.54,16,120000,39,1
8825,Mexico City,Mexico,S,M,0,226.42,11,80000,47,1
3420,Camacho,Zacatecas,S,M,0,226.27999999999992,13,40000,79,1
6559,Port Orchard,WA,S,M,0,225.45,12,80000,29,0
9102,Bremerton,WA,M,F,0,225.44,10,20000,84,1
1894,Acapulco,Guerrero,S,F,0,225.41000000000005,16,20000,83,1
9717,San Andres,DF,M,M,3,224.8199999999999,12,60000,70,1
9327,Tacoma,WA,M,M,3,224.5500000000001,11,40000,77,1
1965,Olympia,WA,M,F,1,224.01999999999992,11,40000,83,0
1726,Camacho,Zacatecas,S,F,0,223.50999999999996,17,60000,35,1
3218,Port Orchard,WA,S,F,0,223.44999999999996,13,20000,48,0
6560,Tacoma,WA,S,F,0,223.42999999999992,9,80000,54,1
3245,Puyallup,WA,S,F,0,223.38,12,40000,58,0
1219,Tixapan,DF,M,F,1,223.04,10,60000,35,0
4101,San Andres,DF,S,M,0,222.66999999999996,9,20000,72,1
8932,San Andres,DF,S,M,0,222.59,11,20000,22,1
5657,Santa Anita,DF,M,F,3,222.5300000000001,11,20000,52,0
2701,Mexico City,Mexico,M,M,2,222.13,10,40000,38,1
2441,Tacoma,WA,M,M,4,221.82000000000005,11,40000,80,1
1690,Spokane,WA,M,M,2,221.8,17,150000,75,1
4609,Yakima,WA,S,M,0,221.46,10,60000,22,1
3889,Bremerton,WA,M,M,2,221.43000000000004,12,140000,56,1
1059,Tixapan,DF,S,M,0,221.18999999999997,10,60000,38,0
1005,Bremerton,WA,S,M,0,221.15999999999997,11,20000,29,1
636,Olympia,WA,S,M,0,220.84000000000003,11,100000,39,0
732,Tixapan,DF,S,M,0,220.83,10,40000,45,0
192,Spokane,WA,M,F,0,220.4,12,60000,21,1
7354,Bremerton,WA,M,F,0,220.13,9,20000,63,1
1939,Tixapan,DF,M,F,5,219.92,10,20000,80,0
8531,Tixapan,DF,S,F,0,219.85000000000005,9,40000,46,0
8359,Puyallup,WA,S,F,0,219.69000000000003,14,60000,40,0
7915,Corvallis,OR,M,F,1,219.66,13,120000,78,0
4071,Mexico City,Mexico,M,F,1,219.55,10,40000,66,1
1260,Acapulco,Guerrero,M,F,2,219.4399999999999,10,40000,32,1
2905,Port Orchard,WA,M,M,0,219.38000000000005,9,60000,35,0
6080,Santa Anita,DF,M,M,1,219.3400000000001,11,20000,32,0
3941,Port Orchard,WA,S,M,0,219.08,13,60000,72,0
2682,Yakima,WA,S,F,0,218.74,12,40000,57,1
7424,Acapulco,Guerrero,S,F,0,218.37,11,40000,70,1
6837,Tixapan,DF,S,F,0,218.28,11,40000,47,0
4965,La Cruz,Sinaloa,S,F,0,218.08999999999995,9,40000,31,0
3533,Bremerton,WA,M,F,1,217.96999999999997,12,40000,41,1
484,Lebanon,OR,M,F,0,217.8499999999999,10,100000,84,0
5219,Puyallup,WA,S,M,0,217.79000000000005,11,40000,86,0
10273,Puyallup,WA,S,F,0,217.76,11,80000,85,0
5475,Tixapan,DF,S,M,0,217.62999999999997,10,60000,86,0
6132,Bremerton,WA,M,M,0,217.17000000000004,10,40000,85,1
5050,Puyallup,WA,S,F,0,216.63,11,20000,42,0
4340,Puyallup,WA,S,F,0,215.49,11,40000,34,0
7065,Olympia,WA,M,F,1,215.34999999999997,9,120000,59,0
8231,Acapulco,Guerrero,M,F,4,215.32999999999996,10,20000,32,1
9292,San Andres,DF,M,M,5,214.95999999999992,9,40000,34,1
2480,Santa Anita,DF,M,M,0,214.95000000000005,8,40000,33,0
5927,Camacho,Zacatecas,M,M,2,214.68000000000004,13,40000,19,1
3476,Bremerton,WA,S,F,0,214.58999999999995,8,40000,67,1
2556,Bremerton,WA,M,M,0,214.50999999999993,8,120000,64,1
8435,Olympia,WA,M,F,1,214.35000000000005,12,80000,32,0
1598,Port Orchard,WA,M,M,0,214.33000000000004,11,20000,34,0
1863,San Andres,DF,M,F,3,214.2800000000001,12,20000,78,1
4541,Port Orchard,WA,M,F,1,214.28,9,60000,67,0
8963,Puyallup,WA,M,M,2,214.25,14,20000,38,0
10106,Corvallis,OR,M,M,1,214.09000000000003,7,40000,27,0
7190,Yakima,WA,S,M,0,214.01,9,60000,56,1
10225,Yakima,WA,S,F,0,213.29,10,40000,36,1
5617,Acapulco,Guerrero,S,F,0,213.05999999999997,8,40000,69,1
1003,Tacoma,WA,M,M,3,212.7800000000001,12,40000,53,1
2974,Acapulco,Guerrero,M,M,1,212.70999999999995,13,40000,51,1
2868,Tixapan,DF,M,M,0,212.13000000000005,11,140000,42,0
814,La Cruz,Sinaloa,S,M,0,211.98,10,80000,79,0
5597,Port Orchard,WA,S,F,0,211.87,11,120000,47,0
6098,Bremerton,WA,S,F,0,211.54000000000005,13,40000,58,1
4691,Olympia,WA,S,F,0,211.51999999999992,9,100000,36,0
2966,Tacoma,WA,S,F,0,211.42,13,60000,22,1
5973,Port Orchard,WA,M,M,1,211.11000000000007,8,100000,82,0
1882,La Cruz,Sinaloa,S,M,0,210.63000000000005,8,60000,84,0
4126,La Cruz,Sinaloa,M,M,1,210.37,11,20000,28,0
1447,La Cruz,Sinaloa,M,M,1,210.26,8,80000,46,0
7831,Tacoma,WA,M,F,1,210.0600000000001,12,20000,64,1
6093,Acapulco,Guerrero,M,M,1,209.7,14,20000,75,1
467,Corvallis,OR,S,F,0,209.66999999999996,11,20000,37,0
5284,Acapulco,Guerrero,M,F,0,209.55999999999997,9,60000,86,1
2743,San Andres,DF,S,F,0,209.28,8,40000,58,1
4231,Puyallup,WA,S,F,0,209.12,12,40000,21,0
211,Santa Anita,DF,M,M,3,208.72000000000008,13,20000,60,0
8477,Bremerton,WA,S,M,0,208.64000000000007,9,60000,69,1
9929,Albany,OR,M,M,3,208.52999999999997,10,60000,22,0
3124,Bremerton,WA,M,F,4,208.40999999999997,10,60000,39,1
497,Camacho,Zacatecas,S,M,0,207.68000000000004,13,40000,45,1
6369,La Cruz,Sinaloa,S,F,0,207.60999999999996,11,60000,61,0
2678,Port Orchard,WA,M,M,0,207.56,12,100000,79,0
921,Yakima,WA,S,M,0,207.41,9,80000,38,1
6324,Yakima,WA,S,F,0,207.38999999999996,9,40000,40,1
9176,Yakima,WA,S,M,0,207.15000000000003,10,40000,57,1
9498,Yakima,WA,S,M,0,207.09999999999997,8,80000,79,1
9595,Tixapan,DF,M,M,4,207.06999999999996,10,40000,75,0
7446,Salem,OR,M,M,0,207.0699999999999,12,40000,23,1
5358,Bremerton,WA,M,F,1,207.01999999999995,10,150000,39,1
1135,Santa Anita,DF,M,F,1,206.89999999999995,11,40000,60,0
5898,Bremerton,WA,S,M,0,206.81,10,20000,74,1
6087,Woodburn,OR,M,M,3,206.76,7,40000,60,0
6666,Puyallup,WA,S,M,0,206.66000000000005,12,80000,82,0
3958,La Cruz,Sinaloa,M,F,0,206.44999999999985,8,40000,59,0
5465,Langley,BC,S,M,0,206.32999999999996,8,40000,49,0
815,Orizaba,Veracruz,M,F,1,206.1599999999999,13,40000,56,1
8571,Port Orchard,WA,S,M,0,205.97999999999996,9,20000,77,0
9951,Port Orchard,WA,M,M,1,205.7100000000001,9,100000,52,0
2690,Bremerton,WA,M,F,0,204.69,11,80000,45,1
8391,La Cruz,Sinaloa,S,M,0,204.6,12,40000,72,0
3725,Yakima,WA,M,M,4,204.36000000000004,8,120000,76,1
7384,Port Orchard,WA,S,M,0,204.26,10,140000,65,0
8397,La Cruz,Sinaloa,S,F,0,204.24,11,20000,86,0
2355,Bremerton,WA,M,M,2,204.19999999999993,10,40000,64,1
6944,La Cruz,Sinaloa,M,M,0,204.14999999999995,9,80000,33,0
9685,Acapulco,Guerrero,S,F,0,204.02999999999992,11,60000,62,1
9971,Camacho,Zacatecas,M,F,3,204.02000000000004,11,20000,44,1
5418,La Cruz,Sinaloa,M,F,1,203.95,13,20000,73,0
9806,Santa Anita,DF,S,M,0,203.88,10,100000,85,0
7282,Tacoma,WA,S,F,0,203.79,10,40000,28,1
7413,Bremerton,WA,S,F,0,203.76,12,20000,21,1
9090,San Andres,DF,M,M,0,203.67999999999992,12,40000,78,1
2086,Corvallis,OR,M,M,1,203.56999999999996,10,20000,72,0
7001,Port Orchard,WA,M,M,1,203.38,9,40000,66,0
1533,Port Orchard,WA,M,M,3,203.09999999999997,12,40000,78,0
4460,Port Orchard,WA,S,M,0,203.08,10,60000,46,0
3269,Mexico City,Mexico,M,M,2,202.99,8,20000,58,1
4858,Olympia,WA,S,M,0,202.63,10,40000,21,0
3271,Corvallis,OR,M,F,2,202.53000000000003,12,20000,41,0
3976,Puyallup,WA,M,M,0,202.43,11,40000,50,0
1553,Acapulco,Guerrero,M,F,0,202.30000000000007,11,40000,64,1
8683,Santa Anita,DF,S,F,0,202.06999999999996,9,140000,75,0
9491,Salem,OR,M,M,2,201.97000000000003,9,20000,64,1
6162,Tacoma,WA,M,M,2,201.77,13,40000,40,1
2990,Mexico City,Mexico,M,M,2,201.6899999999999,10,40000,44,1
1343,Orizaba,Veracruz,M,M,1,201.11,14,20000,79,1
8310,Woodburn,OR,M,F,0,201.01999999999995,10,40000,36,0
4552,Tacoma,WA,M,M,2,200.95,10,20000,65,1
8667,Woodburn,OR,M,M,1,200.4699999999999,9,60000,48,0
5346,Bremerton,WA,M,F,2,200.43000000000004,9,100000,55,1
5381,San Andres,DF,M,F,3,200.3700000000001,11,120000,84,1
3593,Port Orchard,WA,M,F,1,200.32,11,150000,74,0
7929,Acapulco,Guerrero,M,M,4,200.2000000000001,14,20000,62,1
905,Bremerton,WA,S,M,0,200.15,8,60000,68,1
1487,San Andres,DF,S,F,0,200.14,10,80000,78,1
7410,Woodburn,OR,M,M,0,200.1,11,20000,87,0
3748,Corvallis,OR,M,F,1,200.08999999999995,9,40000,46,0
3231,Puyallup,WA,S,M,0,199.9099999999999,10,20000,86,0
4973,Olympia,WA,S,M,0,199.81999999999996,11,60000,29,0
1145,Puyallup,WA,S,F,0,199.55,12,20000,84,0
158,Tacoma,WA,M,F,1,199.51000000000005,12,140000,37,1
5038,Olympia,WA,S,M,0,199.48000000000005,8,20000,31,0
4195,San Andres,DF,S,F,0,199.33,10,20000,74,1
8907,Port Orchard,WA,M,F,2,199.12999999999997,12,140000,33,0
7307,Tixapan,DF,M,M,0,198.43,13,120000,30,0
1217,Santa Anita,DF,S,F,0,198.25999999999996,8,80000,68,0
5494,San Andres,DF,S,M,0,198.2300000000001,10,20000,48,1
4350,La Cruz,Sinaloa,M,F,0,198.16000000000005,11,60000,71,0
242,San Andres,DF,S,M,0,197.76,9,20000,43,1
3560,La Cruz,Sinaloa,S,M,0,197.7199999999999,11,100000,82,0
617,Puyallup,WA,S,F,0,197.57000000000005,9,20000,34,0
10000,Mexico City,Mexico,S,F,0,197.5399999999999,10,20000,35,1
9745,Tacoma,WA,S,M,0,197.52999999999997,9,60000,23,1
7021,Acapulco,Guerrero,M,M,2,197.4699999999999,12,40000,57,1
10091,Puyallup,WA,M,M,0,197.07000000000005,11,40000,40,0
2341,Acapulco,Guerrero,M,M,4,196.98,13,40000,33,1
8326,Santa Anita,DF,M,F,1,196.65999999999997,11,20000,57,0
2749,Tixapan,DF,S,F,0,196.65,8,80000,67,0
9956,Olympia,WA,S,F,0,196.57,9,140000,74,0
7366,Port Orchard,WA,M,F,2,196.55999999999997,11,40000,67,0
1622,Bremerton,WA,M,M,1,196.52000000000004,12,80000,25,1
8607,Santa Anita,DF,S,M,0,196.48,9,20000,31,0
7220,Bremerton,WA,M,M,1,196.47000000000008,9,150000,62,1
3627,Port Orchard,WA,M,F,1,196.46000000000004,12,80000,49,0
6950,Tixapan,DF,S,F,0,196.17,9,40000,82,0
4490,Corvallis,OR,S,F,0,196.15000000000003,10,20000,64,0
5909,Corvallis,OR,S,M,0,195.97000000000008,9,40000,69,0
9006,Olympia,WA,M,F,0,195.93,11,40000,29,0
3676,Bremerton,WA,M,M,2,195.81,11,40000,46,1
6647,Tacoma,WA,S,M,0,195.63,12,40000,70,1
4615,Tacoma,WA,M,F,2,195.54000000000008,9,120000,26,1
48,Camacho,Zacatecas,M,M,0,195.01,9,60000,71,1
4467,Portland,OR,S,M,0,194.78,12,40000,37,1
4796,Tixapan,DF,M,F,4,194.66,8,40000,22,0
6347,Tacoma,WA,M,F,4,194.60999999999996,9,40000,76,1
5971,Olympia,WA,S,F,0,194.50000000000003,10,40000,34,0
9462,San Andres,DF,M,M,3,194.49000000000004,12,40000,42,1
649,Acapulco,Guerrero,M,F,3,194.45,10,20000,32,1
7377,Bremerton,WA,M,M,1,194.22,12,40000,78,1
5895,Olympia,WA,S,M,0,194.20999999999995,10,40000,27,0
3075,Yakima,WA,M,M,0,194.18000000000004,9,60000,81,1
8245,Acapulco,Guerrero,S,M,0,194.12000000000003,9,20000,50,1
7970,San Andres,DF,S,F,0,193.96999999999997,9,40000,36,1
3552,Olympia,WA,S,F,0,193.31999999999996,10,20000,62,0
2790,Mexico City,Mexico,M,M,2,193.08,14,40000,59,1
6631,La Cruz,Sinaloa,M,M,0,193.05,9,20000,84,0
3302,Corvallis,OR,M,M,2,192.99999999999997,10,40000,24,0
5844,Tacoma,WA,S,M,0,192.99,12,40000,68,1
3553,Santa Anita,DF,S,M,0,192.89,11,40000,63,0
3138,La Cruz,Sinaloa,S,M,0,192.83,9,60000,32,0
8548,Santa Fe,DF,S,M,0,192.74000000000007,9,40000,61,0
4748,Mexico City,Mexico,M,M,0,192.69,11,60000,67,1
6061,Olympia,WA,M,M,0,192.65,8,40000,83,0
1388,Corvallis,OR,M,M,1,192.54,7,120000,25,0
7758,Acapulco,Guerrero,M,F,1,192.3400000000001,12,80000,47,1
7270,Acapulco,Guerrero,M,M,1,191.85000000000005,9,20000,81,1
4408,Santa Anita,DF,S,F,0,191.51000000000005,9,20000,33,0
9425,La Cruz,Sinaloa,M,F,5,191.5,10,20000,27,0
739,Yakima,WA,M,M,3,191.38000000000005,10,60000,67,1
398,Lebanon,OR,S,M,0,191.16000000000005,11,20000,84,0
4445,Tacoma,WA,S,F,0,190.99,10,60000,63,1
5691,Tixapan,DF,M,F,1,190.9,11,140000,77,0
2641,Mexico City,Mexico,M,F,0,190.76,9,40000,61,1
9586,Acapulco,Guerrero,S,F,0,190.53,9,20000,22,1
6685,San Andres,DF,M,M,0,190.24,11,20000,71,1
6346,La Cruz,Sinaloa,S,M,0,190.14000000000004,8,20000,36,0
1396,La Cruz,Sinaloa,S,F,0,190.14000000000004,10,20000,22,0
9984,Acapulco,Guerrero,S,M,0,190.10999999999996,10,60000,72,1
9391,Lake Oswego,OR,S,F,0,190.0900000000001,10,80000,73,0
1958,San Andres,DF,S,F,0,189.97000000000008,8,150000,84,1
265,Lake Oswego,OR,S,F,0,189.92,7,20000,22,0
5081,Mexico City,Mexico,S,F,0,189.71000000000004,11,80000,72,1
2996,Albany,OR,M,F,1,189.24,9,20000,46,0
8454,Tacoma,WA,S,F,0,189.24,12,80000,38,1
3397,Puyallup,WA,S,F,0,189.22000000000003,9,40000,46,0
9311,Mexico City,Mexico,S,F,0,189.06999999999996,11,80000,22,1
6291,Bremerton,WA,S,F,0,189.04,12,40000,54,1
9993,Tixapan,DF,S,M,0,188.7800000000001,12,40000,76,0
8068,Port Orchard,WA,S,F,0,188.42,10,80000,86,0
6799,Olympia,WA,S,M,0,188.27,11,140000,69,0
619,Lebanon,OR,M,M,2,188.25999999999993,9,80000,47,0
7409,Tixapan,DF,M,M,2,188.23999999999992,12,60000,86,0
3714,Camacho,Zacatecas,M,F,1,188.02,12,140000,39,1
1032,La Cruz,Sinaloa,M,F,0,187.67999999999995,11,60000,62,0
7560,Newport Beach,CA,S,M,0,187.46000000000004,7,60000,64,0
5610,Corvallis,OR,S,M,0,187.26999999999995,8,120000,30,0
5985,Mexico City,Mexico,S,M,0,187.06,10,140000,56,1
1053,Lebanon,OR,S,F,0,186.78,8,40000,30,0
7416,Corvallis,OR,S,F,0,186.62000000000003,6,40000,51,0
6971,Tixapan,DF,M,M,4,186.6,11,60000,39,0
5088,Albany,OR,M,F,2,186.59,10,20000,62,0
2065,Tacoma,WA,M,M,2,186.55999999999992,8,140000,80,1
4239,Tacoma,WA,S,F,0,186.36999999999995,14,60000,59,1
8089,Puyallup,WA,S,F,0,186.29,11,80000,88,0
1634,Bremerton,WA,M,F,1,186.27,7,20000,51,1
5944,Port Orchard,WA,S,M,0,186.23,10,40000,61,0
2273,Santa Anita,DF,S,F,0,186.19,13,20000,74,0
1036,Lebanon,OR,S,F,0,185.98,8,80000,61,0
1216,Tacoma,WA,S,M,0,185.74999999999997,9,80000,62,1
8069,Camacho,Zacatecas,S,M,0,185.13999999999996,8,20000,38,1
6866,Puyallup,WA,M,F,5,185.0699999999999,9,20000,37,0
3113,Lebanon,OR,M,M,1,185.01,11,20000,48,0
8110,Woodburn,OR,S,M,0,184.62999999999997,8,20000,53,0
4983,La Cruz,Sinaloa,S,M,0,184.62999999999997,10,20000,33,0
260,W. Linn,OR,M,M,5,184.6,8,60000,32,0
5869,Lebanon,OR,S,M,0,184.51,8,140000,52,0
1232,La Cruz,Sinaloa,M,M,2,184.38,9,40000,73,0
6863,Camacho,Zacatecas,S,M,0,184.0600000000001,12,80000,50,1
2075,Woodburn,OR,S,F,0,183.91000000000008,11,140000,20,0
1554,Acapulco,Guerrero,M,M,3,183.9,11,20000,71,1
2391,Tixapan,DF,M,F,2,183.89000000000007,9,40000,41,0
8840,Puyallup,WA,S,F,0,183.88,12,40000,59,0
3406,Tixapan,DF,M,F,0,183.83,8,80000,64,0
2113,Santa Anita,DF,M,F,3,183.80999999999997,11,40000,29,0
9524,Port Orchard,WA,M,F,3,183.63000000000005,6,60000,38,0
782,Olympia,WA,M,M,3,183.44000000000003,9,60000,51,0
2814,Acapulco,Guerrero,S,M,0,183.39,11,40000,77,1
8943,La Cruz,Sinaloa,S,F,0,183.3899999999999,10,40000,62,0
6604,Acapulco,Guerrero,S,F,0,183.32,13,40000,85,1
4969,Tixapan,DF,S,M,0,183.31,9,140000,84,0
2204,Bremerton,WA,S,M,0,183.16000000000005,8,80000,84,1
4096,Bremerton,WA,S,M,0,182.8,11,20000,30,1
4165,Port Orchard,WA,S,F,0,182.68,10,40000,72,0
2919,Tixapan,DF,M,M,1,182.63,9,100000,60,0
310,San Andres,DF,S,F,0,182.61,8,60000,36,1
6082,Salem,OR,M,F,3,182.41000000000005,6,20000,77,1
5140,Santa Fe,DF,S,F,0,182.09,8,80000,81,0
6564,Corvallis,OR,M,F,3,181.78999999999996,9,80000,74,0
3613,Acapulco,Guerrero,S,F,0,181.59000000000003,8,20000,86,1
7655,Tacoma,WA,M,M,2,181.32999999999996,9,80000,46,1
2070,Mexico City,Mexico,M,F,1,181.28,9,80000,86,1
4351,Yakima,WA,S,M,0,181.20000000000007,10,20000,36,1
1025,Santa Anita,DF,M,M,1,181.17,9,20000,38,0
8966,Bremerton,WA,S,F,0,181.01000000000005,5,60000,64,1
1449,Yakima,WA,S,F,0,180.78999999999996,8,60000,42,1
8199,Puyallup,WA,M,M,3,180.7,9,40000,57,0
7517,San Gabriel,CA,M,M,0,180.61000000000004,5,20000,76,0
6714,Mexico City,Mexico,S,F,0,180.51,7,60000,43,1
4711,Bremerton,WA,M,F,3,180.4799999999999,8,40000,70,1
6932,Corvallis,OR,S,F,0,180.42999999999995,8,40000,70,0
364,Glendale,CA,M,F,4,180.27,7,60000,33,0
3589,Corvallis,OR,M,M,1,180.1699999999999,9,20000,21,0
2011,Yakima,WA,M,M,0,180.12,8,80000,43,1
9596,Santa Fe,DF,M,M,0,180.11999999999998,12,40000,47,0
5813,Port Orchard,WA,S,M,0,180.04999999999995,8,40000,67,0
875,San Andres,DF,S,M,0,180.00999999999996,9,40000,43,1
491,Acapulco,Guerrero,M,F,2,180.00999999999993,11,60000,22,1
2198,Lebanon,OR,S,F,0,179.99,7,60000,77,0
4330,Corvallis,OR,M,M,4,179.96000000000004,6,40000,56,0
5324,Tixapan,DF,S,M,0,179.82999999999993,11,150000,27,0
4498,Olympia,WA,M,F,1,179.37000000000006,10,80000,71,0
3418,Port Orchard,WA,M,M,3,179.32000000000002,8,100000,35,0
2298,Port Orchard,WA,S,F,0,179.24,10,150000,68,0
4657,Puyallup,WA,S,F,0,179.17000000000002,10,80000,79,0
1769,Langley,BC,S,F,0,179.06,9,40000,45,0
6499,Puyallup,WA,M,F,3,178.98999999999995,9,80000,67,0
1633,Bremerton,WA,S,M,0,178.8,8,20000,76,1
7155,Tixapan,DF,M,F,5,178.73000000000002,7,120000,20,0
337,Santa Anita,DF,M,F,1,178.73000000000002,9,20000,65,0
8338,Tixapan,DF,S,M,0,178.69,12,20000,30,0
7589,Puyallup,WA,S,F,0,178.58999999999995,8,60000,67,0
3424,Tixapan,DF,M,M,0,178.56,8,40000,41,0
4564,Olympia,WA,S,M,0,178.52999999999997,9,20000,66,0
2114,Santa Anita,DF,S,F,0,178.51999999999998,7,40000,68,0
4423,Albany,OR,S,M,0,178.51000000000002,8,40000,81,0
8520,Mexico City,Mexico,M,M,3,178.33999999999995,8,40000,79,1
3422,Yakima,WA,S,M,0,178.21000000000004,10,40000,33,1
9241,Santa Anita,DF,S,M,0,178.13999999999996,10,20000,24,0
5833,Acapulco,Guerrero,S,F,0,178.10999999999996,8,80000,45,1
3539,Tacoma,WA,S,M,0,177.89,14,100000,41,1
1289,Yakima,WA,M,M,4,177.88,10,40000,39,1
7952,Corvallis,OR,M,M,4,177.73000000000002,9,100000,82,0
9226,Santa Anita,DF,M,F,0,177.64,8,20000,77,0
6032,Mexico City,Mexico,M,M,2,177.48000000000002,6,80000,81,1
2896,Port Orchard,WA,S,F,0,177.44,8,60000,63,0
5790,Tacoma,WA,M,M,2,177.43999999999997,11,80000,62,1
5125,Olympia,WA,S,F,0,177.40999999999994,8,40000,76,0
8380,Santa Anita,DF,S,M,0,177.39,7,40000,54,0
1394,Santa Anita,DF,M,M,0,176.17000000000004,10,40000,80,0
6982,Salem,OR,M,M,0,176.12000000000003,9,80000,80,1
7485,Mexico City,Mexico,M,M,0,176.05,9,40000,84,1
7098,Acapulco,Guerrero,S,F,0,176.04999999999998,9,120000,38,1
8294,La Cruz,Sinaloa,S,F,0,175.82999999999998,7,40000,19,0
7383,Santa Anita,DF,M,F,2,175.67999999999998,7,20000,88,0
5676,Tixapan,DF,M,M,1,175.61,11,40000,50,0
978,Mexico City,Mexico,M,M,3,175.23999999999995,8,140000,52,1
4576,Mexico City,Mexico,S,M,0,175.20999999999998,7,80000,47,1
3000,Olympia,WA,S,M,0,175.16000000000005,11,40000,68,0
9032,Albany,OR,S,F,0,174.91000000000005,10,40000,74,0
3787,Bremerton,WA,S,F,0,174.65999999999997,9,20000,47,1
540,Tixapan,DF,S,M,0,174.59,7,20000,68,0
8463,Yakima,WA,M,M,0,174.55000000000004,10,40000,47,1
8289,Tacoma,WA,S,M,0,174.55,9,20000,28,1
4803,Yakima,WA,S,M,0,174.53999999999996,10,60000,37,1
1560,La Cruz,Sinaloa,S,F,0,174.18,9,40000,57,0
4066,Port Orchard,WA,M,F,2,174.01000000000002,10,140000,78,0
7607,Puyallup,WA,M,F,5,173.99000000000004,14,60000,39,0
1758,Port Orchard,WA,S,F,0,173.72000000000003,8,40000,73,0
8746,Yakima,WA,S,F,0,173.70000000000002,9,40000,53,1
8462,Santa Anita,DF,S,F,0,173.57999999999998,10,80000,44,0
5594,Mexico City,Mexico,S,F,0,173.41000000000008,10,20000,87,1
8902,Bremerton,WA,M,M,0,173.34000000000003,11,20000,85,1
9585,Acapulco,Guerrero,S,F,0,173.25,8,20000,79,1
5624,La Cruz,Sinaloa,S,F,0,173.16999999999996,9,40000,38,0
664,Woodburn,OR,S,F,0,173.14999999999995,9,100000,84,0
7191,Mexico City,Mexico,M,M,0,172.99000000000004,7,20000,43,1
6105,Yakima,WA,S,M,0,172.88,9,40000,55,1
6821,N. Vancouver,BC,M,M,1,172.57,7,60000,64,0
7529,Olympia,WA,M,F,2,172.5,10,60000,56,0
647,Bremerton,WA,M,M,1,172.39,9,40000,45,1
3441,Port Orchard,WA,S,F,0,172.16000000000005,10,120000,21,0
817,Tacoma,WA,S,F,0,172.12,11,40000,30,1
6886,Santa Fe,DF,S,F,0,172.10000000000002,8,80000,34,0
7274,Woodburn,OR,S,F,0,171.81,8,60000,46,0
6574,Woodburn,OR,M,F,1,171.76999999999998,7,60000,47,0
3308,Salem,OR,M,M,1,171.67000000000002,6,150000,58,1
1451,Bremerton,WA,M,M,1,171.57,11,20000,41,1
8904,Tixapan,DF,S,F,0,171.56000000000003,9,40000,55,0
7304,La Cruz,Sinaloa,M,M,1,171.54999999999998,7,40000,53,0
7764,Mexico City,Mexico,M,F,0,171.54000000000002,9,20000,50,1
2449,Mexico City,Mexico,S,M,0,171.32999999999998,10,40000,71,1
8510,San Andres,DF,M,F,0,171.28000000000006,7,40000,75,1
381,Glendale,CA,M,F,4,171.24999999999997,6,20000,40,0
8163,San Andres,DF,M,F,1,171.22,8,40000,28,1
6914,Mexico City,Mexico,S,M,0,171.19000000000003,10,40000,68,1
6750,Tixapan,DF,M,M,0,171.02999999999997,11,120000,35,0
2952,Yakima,WA,S,F,0,170.84999999999997,10,40000,19,1
9029,Port Orchard,WA,S,M,0,170.77,13,20000,82,0
2756,Bremerton,WA,M,F,0,170.68999999999997,10,40000,39,1
806,Olympia,WA,M,M,2,170.47999999999996,11,40000,50,0
2115,Santa Anita,DF,M,M,1,170.31000000000003,9,60000,66,0
8687,Yakima,WA,S,F,0,170.31,10,40000,36,1
1788,Acapulco,Guerrero,M,F,4,170.28,10,40000,36,1
6209,Santa Anita,DF,M,M,3,170.24,10,20000,24,0
6541,Yakima,WA,S,F,0,170.23999999999998,8,40000,29,1
3334,Olympia,WA,M,F,1,170.22,8,80000,32,0
866,Tixapan,DF,M,M,1,170.17999999999995,7,20000,19,0
8176,Acapulco,Guerrero,S,M,0,170.01999999999998,8,20000,26,1
4823,Santa Fe,DF,S,F,0,169.96,8,40000,63,0
1177,Santa Fe,DF,S,F,0,169.91,8,40000,32,0
340,Acapulco,Guerrero,M,F,0,169.89999999999998,10,150000,77,1
1663,Santa Fe,DF,M,F,1,169.85,8,40000,44,0
2942,Olympia,WA,S,F,0,169.82999999999998,10,40000,43,0
2622,Acapulco,Guerrero,S,F,0,169.74999999999997,9,80000,42,1
355,Bremerton,WA,S,F,0,169.74,11,20000,67,1
2143,Olympia,WA,S,M,0,169.70999999999992,9,20000,60,0
9309,Tacoma,WA,M,M,3,169.59,8,20000,71,1
7851,Woodland Hills,CA,S,M,0,169.48999999999998,6,40000,78,0
6530,Tacoma,WA,S,M,0,169.37999999999997,9,120000,61,1
1420,Acapulco,Guerrero,S,M,0,169.29999999999998,12,150000,33,1
5353,Yakima,WA,S,M,0,169.22000000000006,10,40000,72,1
5002,Yakima,WA,M,M,1,169.18999999999997,11,120000,35,1
10243,Puyallup,WA,M,M,1,169.18,11,40000,56,0
59,Burnaby,BC,M,M,5,169.13000000000002,6,40000,56,0
8834,Torrance,CA,M,M,1,169.05,6,20000,19,0
1777,Burnaby,BC,S,M,0,169.04999999999995,8,20000,49,0
7370,Yakima,WA,S,M,0,168.97,8,150000,45,1
1682,Albany,OR,S,F,0,168.89999999999998,8,20000,28,0
1406,Tixapan,DF,S,F,0,168.84,11,40000,19,0
1825,Yakima,WA,M,M,5,168.57,7,40000,68,1
1026,Santa Anita,DF,S,M,0,168.53999999999996,7,20000,33,0
4658,Olympia,WA,S,F,0,168.47999999999996,11,40000,22,0
4043,San Andres,DF,S,F,0,168.47,8,40000,45,1
3310,Puyallup,WA,S,F,0,168.34,9,20000,75,0
3065,Port Orchard,WA,S,M,0,168.19,9,60000,50,0
2263,Lake Oswego,OR,S,M,0,168.05999999999997,7,20000,82,0
8945,Yakima,WA,S,F,0,168.02,8,40000,23,1
2067,Tacoma,WA,S,F,0,167.9699999999999,10,60000,49,1
704,Acapulco,Guerrero,M,M,1,167.93999999999997,10,20000,86,1
7207,Corvallis,OR,M,M,0,167.72000000000003,6,60000,62,0
9374,La Cruz,Sinaloa,M,M,5,167.68,8,80000,37,0
7101,Lynnwood,WA,M,F,1,167.48,6,60000,62,0
2947,Tacoma,WA,M,F,1,167.46000000000004,11,80000,43,1
9224,Olympia,WA,S,M,0,167.38,8,40000,70,0
7630,Burnaby,BC,M,F,3,167.36999999999998,8,120000,69,0
4718,Santa Anita,DF,S,M,0,167.28,11,40000,35,0
4522,Tacoma,WA,S,M,0,167.15,9,40000,22,1
4105,Bremerton,WA,M,F,2,166.89000000000004,8,40000,55,1
8921,Salem,OR,S,M,0,166.88,8,80000,37,1
3195,San Andres,DF,S,M,0,166.72,7,120000,78,1
8887,Puyallup,WA,M,F,0,166.63000000000002,8,80000,27,0
1253,Corvallis,OR,S,M,0,165.85,7,140000,86,0
7959,Seattle,WA,M,F,4,165.83999999999995,7,100000,42,1
7598,Tixapan,DF,S,M,0,165.81999999999996,8,140000,83,0
6339,La Cruz,Sinaloa,S,F,0,165.75999999999996,12,120000,53,0
6288,Salem,OR,S,F,0,165.70000000000005,9,20000,49,1
8578,Yakima,WA,M,F,2,165.66000000000005,8,140000,42,1
5464,Mexico City,Mexico,S,M,0,165.63000000000005,11,40000,33,1
7059,Puyallup,WA,S,M,0,165.56000000000003,9,120000,32,0
554,Yakima,WA,S,F,0,165.45,8,60000,74,1
3773,Puyallup,WA,S,F,0,165.40999999999997,10,120000,60,0
4065,Port Orchard,WA,S,F,0,165.39999999999995,10,140000,33,0
5852,Acapulco,Guerrero,M,M,0,165.32999999999998,7,40000,87,1
7713,Puyallup,WA,S,F,0,165.04999999999998,10,150000,55,0
462,La Cruz,Sinaloa,S,F,0,164.96999999999997,11,60000,66,0
2981,Yakima,WA,M,F,0,164.79000000000002,9,120000,69,1
4342,Woodburn,OR,M,M,0,164.60000000000002,8,20000,25,0
4257,Port Orchard,WA,S,F,0,164.59000000000003,7,40000,22,0
3162,Santa Anita,DF,M,F,0,164.56000000000006,10,80000,64,0
1049,W. Linn,OR,M,F,2,164.54,5,120000,83,0
9830,San Andres,DF,M,F,0,164.53000000000003,7,40000,23,1
5379,Puyallup,WA,S,F,0,164.23999999999998,11,60000,30,0
1754,Milwaukie,OR,S,F,0,164.23000000000002,5,80000,49,0
454,Tacoma,WA,S,M,0,164.23,7,140000,37,1
8568,Tixapan,DF,S,F,0,164.15999999999997,7,40000,62,0
6008,Tacoma,WA,S,M,0,164.07000000000005,9,80000,62,1
2121,San Andres,DF,S,M,0,163.76000000000002,9,20000,85,1
9134,Yakima,WA,M,M,3,163.71,8,80000,85,1
8482,Beaverton,OR,S,F,0,163.65999999999997,8,20000,33,0
2908,Milwaukie,OR,M,M,4,163.62999999999997,6,40000,76,0
2084,Puyallup,WA,M,F,0,163.41999999999996,7,40000,74,0
5734,Lebanon,OR,M,M,1,163.34,8,40000,50,0
8438,Mexico City,Mexico,S,M,0,163.27,10,20000,87,1
1345,Tacoma,WA,M,F,4,163.18,9,40000,35,1
3032,Acapulco,Guerrero,M,F,1,163.07,10,40000,28,1
8108,Olympia,WA,M,F,2,162.77999999999997,7,40000,24,0
3682,Albany,OR,M,M,1,162.68000000000004,9,40000,41,0
1676,Bremerton,WA,M,M,1,162.67,10,40000,21,1
2156,Mexico City,Mexico,M,F,1,162.64,11,60000,30,1
7849,Bremerton,WA,M,M,2,162.6,8,40000,79,1
10131,Tacoma,WA,M,F,0,162.44000000000003,9,60000,67,1
3656,Portland,OR,S,M,0,162.21,9,60000,83,1
1097,Yakima,WA,S,M,0,162.15000000000003,10,100000,81,1
9574,La Cruz,Sinaloa,M,F,4,161.67,10,20000,56,0
1773,Lebanon,OR,M,M,1,161.57000000000008,8,40000,60,0
3311,Beaverton,OR,M,F,1,161.52000000000004,7,80000,84,0
3566,San Andres,DF,S,F,0,161.48,7,140000,47,1
2666,Tixapan,DF,S,M,0,161.39000000000004,8,40000,28,0
8713,Tixapan,DF,S,F,0,161.21,8,40000,38,0
241,San Andres,DF,M,M,4,161.21,8,100000,35,1
8865,Santa Fe,DF,S,M,0,161.2,12,20000,35,0
2316,Santa Anita,DF,M,M,1,161.11999999999998,9,20000,19,0
8692,Woodburn,OR,S,M,0,160.52000000000004,8,20000,23,0
9638,Lake Oswego,OR,M,F,2,160.36999999999998,7,80000,44,0
943,Langley,BC,S,F,0,160.34,8,60000,57,0
543,Albany,OR,M,M,3,160.20000000000005,9,20000,61,0
9592,La Cruz,Sinaloa,S,M,0,160.16,9,20000,60,0
1975,Santa Fe,DF,M,M,1,160.14999999999995,11,20000,58,0
2762,Albany,OR,S,M,0,160.11,7,80000,79,0
2725,Beaverton,OR,S,F,0,160.06999999999996,7,40000,54,0
5351,Santa Fe,DF,S,F,0,160.06000000000006,8,40000,84,0
7743,Bremerton,WA,S,F,0,159.89999999999998,8,40000,77,1
2234,Corvallis,OR,S,M,0,159.8799999999999,8,40000,29,0
3950,Albany,OR,S,F,0,159.85,8,40000,83,0
9395,Mexico City,Mexico,S,F,0,159.84999999999997,9,40000,66,1
9402,Mexico City,Mexico,M,F,2,159.51999999999998,8,60000,25,1
8504,Albany,OR,S,F,0,159.25000000000003,7,60000,52,0
5019,Yakima,WA,M,F,2,158.92000000000002,9,60000,24,1
8989,Santa Anita,DF,M,F,2,158.70000000000005,8,140000,81,0
3816,Port Orchard,WA,S,F,0,158.61000000000004,9,80000,59,0
8367,Albany,OR,M,M,4,158.51000000000002,9,60000,69,0
7573,Bremerton,WA,M,M,1,158.41,7,40000,64,1
335,Tacoma,WA,S,F,0,158.40000000000003,9,40000,68,1
8551,Tacoma,WA,M,F,1,158.34,10,20000,72,1
7909,Port Orchard,WA,M,F,2,158.33999999999995,9,80000,66,0
9937,Tacoma,WA,M,M,1,158.25,9,20000,83,1
1681,Lebanon,OR,M,F,4,158.15,6,80000,79,0
10160,La Cruz,Sinaloa,S,M,0,157.88999999999996,11,60000,56,0
2295,Puyallup,WA,M,M,1,157.81000000000006,7,80000,77,0
6203,Beaverton,OR,S,F,0,157.42000000000004,7,80000,37,0
2589,Tixapan,DF,M,M,3,157.26999999999998,7,20000,68,0
7331,Milwaukie,OR,M,F,0,156.93000000000004,7,60000,69,0
2829,Yakima,WA,S,F,0,156.92000000000002,8,40000,31,1
5329,Salem,OR,S,M,0,156.89,7,40000,80,1
3056,San Andres,DF,S,F,0,156.79999999999998,9,60000,84,1
1718,Woodburn,OR,S,M,0,156.58000000000004,8,40000,41,0
9366,Tacoma,WA,M,M,0,156.53000000000006,10,120000,62,1
658,Glendale,CA,S,M,0,156.51999999999998,7,140000,86,0
7241,Olympia,WA,M,M,4,156.5,9,60000,53,0
5644,Tacoma,WA,M,F,2,156.45999999999995,12,120000,24,1
9562,Acapulco,Guerrero,S,M,0,156.26000000000005,8,80000,75,1
1497,Olympia,WA,M,F,2,156.25,10,40000,46,0
1798,Port Orchard,WA,S,M,0,156.07999999999996,7,20000,19,0
5578,Acapulco,Guerrero,S,F,0,156.04,8,40000,66,1
8285,San Andres,DF,S,F,0,155.85,9,40000,51,1
9184,Bremerton,WA,S,M,0,155.82999999999998,9,40000,64,1
7788,La Cruz,Sinaloa,S,F,0,155.72,10,100000,20,0
8172,Tacoma,WA,M,M,0,155.52999999999997,9,60000,76,1
9383,Milwaukie,OR,S,F,0,155.5,5,120000,38,0
5537,Bremerton,WA,S,F,0,155.47,7,40000,42,1
5230,Corvallis,OR,M,M,1,155.45000000000005,7,40000,73,0
6212,Acapulco,Guerrero,M,M,2,155.45000000000002,11,140000,81,1
2368,Port Orchard,WA,S,F,0,155.39,7,20000,52,0
2708,Tixapan,DF,M,F,3,155.29,9,40000,51,0
2398,Lebanon,OR,S,F,0,155.15,10,60000,29,0
1963,Milwaukie,OR,S,M,0,154.86999999999998,7,40000,68,0
5791,Milwaukie,OR,S,M,0,154.65000000000006,6,60000,33,0
2272,Tacoma,WA,S,M,0,154.54999999999998,10,60000,73,1
9394,Spring Valley,CA,S,F,0,154.53,6,80000,48,0
1192,Olympia,WA,M,M,4,154.46000000000004,11,20000,57,0
5376,Bremerton,WA,S,M,0,154.36,9,60000,68,1
4958,Yakima,WA,S,M,0,154.29000000000005,9,100000,83,1
7896,Yakima,WA,M,F,1,154.17999999999998,6,140000,50,1
759,Santa Anita,DF,M,F,0,154.13000000000005,9,20000,28,0
2677,Lebanon,OR,S,F,0,154.04999999999998,7,60000,84,0
9942,La Cruz,Sinaloa,M,M,0,153.93999999999997,12,60000,36,0
9243,Tixapan,DF,S,M,0,153.79000000000002,7,40000,29,0
5406,La Cruz,Sinaloa,S,F,0,153.75999999999996,9,40000,62,0
3805,Acapulco,Guerrero,S,M,0,153.66000000000005,9,100000,58,1
9606,Santa Anita,DF,S,F,0,153.63000000000002,10,80000,76,0
5283,Langley,BC,S,F,0,153.6,5,140000,60,0
1701,Salem,OR,S,F,0,153.59,9,20000,54,1
3599,Lebanon,OR,M,M,1,153.53000000000003,10,40000,88,0
9901,Camacho,Zacatecas,M,F,4,153.50000000000006,11,40000,50,1
8414,Tacoma,WA,M,M,0,153.33999999999995,9,20000,21,1
7292,Corvallis,OR,S,F,0,153.25000000000006,8,100000,84,0
4447,Mexico City,Mexico,S,M,0,153.18,9,20000,84,1
3470,Puyallup,WA,M,M,1,153.10000000000002,9,60000,82,0
7696,Yakima,WA,S,M,0,153.09,8,20000,67,1
6744,Lebanon,OR,M,M,1,152.98000000000002,7,140000,21,0
8,San Andres,DF,M,M,2,152.97000000000003,10,60000,76,1
6216,Santa Anita,DF,M,M,2,152.86,6,80000,37,0
315,Acapulco,Guerrero,M,M,4,152.83,6,40000,85,1
878,Port Orchard,WA,S,F,0,152.51,10,20000,21,0
5652,Acapulco,Guerrero,S,F,0,152.33,9,140000,22,1
5078,La Cruz,Sinaloa,S,F,0,152.31,9,60000,21,0
3961,Mexico City,Mexico,S,M,0,152.15,9,40000,34,1
3919,Santa Anita,DF,S,F,0,152.03999999999996,10,80000,22,0
248,Tixapan,DF,S,M,0,151.98,7,40000,42,0
7652,Santa Anita,DF,M,M,0,151.95000000000005,9,40000,36,0
7486,Bremerton,WA,M,M,0,151.95,8,20000,70,1
6738,Santa Anita,DF,M,M,4,151.94,9,60000,53,0
8768,Milwaukie,OR,S,F,0,151.89,6,100000,56,0
750,Lebanon,OR,S,M,0,151.78,8,40000,47,0
9557,Port Orchard,WA,M,F,0,151.73000000000002,9,40000,26,0
6012,Corvallis,OR,M,M,0,151.67000000000002,7,150000,50,0
944,Salem,OR,M,F,0,151.64,7,20000,74,1
7149,Corvallis,OR,S,F,0,151.61999999999998,7,20000,61,0
6690,Tacoma,WA,M,F,2,151.59,13,40000,34,1
6544,Lebanon,OR,S,F,0,151.55999999999997,9,20000,43,0
2594,Olympia,WA,M,M,1,151.39999999999998,8,80000,32,0
3288,Port Orchard,WA,S,F,0,151.18999999999997,9,40000,29,0
6938,Acapulco,Guerrero,S,F,0,151.15999999999997,12,40000,27,1
8164,Woodburn,OR,S,F,0,151.04000000000002,5,40000,54,0
2787,Tacoma,WA,M,F,3,150.91,12,40000,47,1
190,Corvallis,OR,M,F,0,150.60000000000005,5,120000,34,0
3771,Langley,BC,S,M,0,150.47000000000003,5,80000,50,0
7496,Salem,OR,S,M,0,150.43999999999997,9,40000,82,1
9660,Tixapan,DF,S,F,0,150.35000000000002,8,40000,48,0
7262,Corvallis,OR,S,F,0,150.29999999999995,9,60000,43,0
7676,San Andres,DF,S,F,0,150.28,7,20000,72,1
7948,Olympia,WA,M,M,1,150.04000000000002,8,40000,62,0
9271,Tacoma,WA,M,M,3,149.99,5,60000,64,1
7733,Salem,OR,S,M,0,149.98,8,20000,58,1
3901,Santa Fe,DF,M,M,1,149.88000000000002,8,80000,82,0
8311,Yakima,WA,S,M,0,149.80999999999997,6,100000,87,1
9286,Salem,OR,S,M,0,149.8,10,20000,88,1
9016,Yakima,WA,M,M,0,149.44,10,60000,47,1
6313,Olympia,WA,M,F,0,149.29000000000002,7,80000,86,0
6683,Puyallup,WA,M,F,1,149.28000000000006,8,60000,61,0
1524,Corvallis,OR,M,F,4,149.25000000000003,6,20000,85,0
780,Salem,OR,S,M,0,149.25,7,120000,62,1
9976,Tacoma,WA,M,F,4,149.24999999999997,9,20000,52,1
6350,Corvallis,OR,M,F,1,149.05,8,80000,34,0
4597,Olympia,WA,S,F,0,148.91000000000005,7,60000,51,0
826,Acapulco,Guerrero,M,F,3,148.79000000000005,9,40000,73,1
9522,Torrance,CA,M,M,4,148.73000000000002,5,40000,25,0
177,Corvallis,OR,M,M,0,148.68999999999997,9,20000,23,0
6882,N. Vancouver,BC,S,M,0,148.61,9,120000,30,0
5589,Arcadia,CA,S,M,0,148.53,7,40000,49,0
8059,Puyallup,WA,S,M,0,148.51000000000005,9,40000,30,0
9734,Olympia,WA,M,F,4,148.33000000000007,8,40000,29,0
8890,San Andres,DF,S,M,0,148.32,10,40000,30,1
6423,Olympia,WA,S,F,0,148.25,8,120000,34,0
9324,Port Orchard,WA,S,M,0,147.97000000000003,7,120000,51,0
76,Port Orchard,WA,S,F,0,147.89999999999998,9,80000,81,0
8241,Puyallup,WA,M,F,0,147.87,9,20000,29,0
5607,Altadena,CA,M,M,2,147.26000000000002,6,40000,77,0
2911,Santa Fe,DF,S,M,0,147.23,6,40000,70,0
4075,Port Orchard,WA,M,M,2,147.17,10,80000,65,0
2730,Vancouver,BC,S,M,0,146.97,6,60000,66,1
10226,Yakima,WA,S,F,0,146.85000000000002,7,20000,37,1
5994,Ladner,BC,M,M,1,146.75000000000003,6,20000,83,0
4507,Corvallis,OR,M,F,4,146.70000000000002,12,60000,61,0
8716,Newton,BC,M,M,3,146.68999999999997,6,40000,48,0
2112,Olympia,WA,M,M,2,146.62000000000003,8,40000,26,0
8925,La Cruz,Sinaloa,M,M,4,146.61999999999995,8,100000,52,0
1117,Santa Anita,DF,S,M,0,146.48000000000002,8,40000,34,0
4040,Acapulco,Guerrero,M,F,0,146.44999999999996,8,150000,84,1
4436,Port Orchard,WA,M,F,0,146.37999999999997,9,40000,76,0
9301,Santa Anita,DF,M,F,4,146.28000000000003,6,40000,56,0
6022,San Andres,DF,S,M,0,146.26999999999998,9,40000,33,1
5067,Olympia,WA,S,M,0,146.25,7,60000,45,0
3360,Lebanon,OR,M,M,1,146.25,9,80000,41,0
3161,Woodburn,OR,S,F,0,146.08999999999995,7,20000,67,0
449,Mexico City,Mexico,M,F,0,145.99999999999997,8,40000,30,1
2437,Port Orchard,WA,M,F,3,145.84000000000003,12,120000,79,0
2547,Yakima,WA,M,F,2,145.82000000000002,8,80000,61,1
10280,Puyallup,WA,M,F,2,145.79999999999998,7,150000,30,0
770,Puyallup,WA,S,F,0,145.77000000000004,9,20000,19,0
7039,Langley,BC,M,M,2,145.76999999999998,6,40000,20,0
7734,La Cruz,Sinaloa,S,F,0,145.68000000000004,7,40000,54,0
5744,Bremerton,WA,M,F,0,145.62000000000003,6,20000,46,1
2486,San Andres,DF,S,M,0,145.48999999999998,5,140000,25,1
2155,Tixapan,DF,S,M,0,145.44000000000003,7,20000,26,0
799,San Andres,DF,M,M,2,145.44,10,40000,49,1
10260,Portland,OR,S,M,0,145.37,6,20000,51,1
1588,Acapulco,Guerrero,S,M,0,145.11999999999998,9,120000,55,1
6003,Corvallis,OR,S,F,0,145.01,8,20000,54,0
3928,Yakima,WA,S,M,0,145,8,40000,29,1
9064,Puyallup,WA,M,F,3,144.91,7,60000,64,0
9752,Tacoma,WA,M,F,1,144.86,9,60000,25,1
7276,Yakima,WA,S,M,0,144.81,9,60000,27,1
3206,Tixapan,DF,S,M,0,144.80999999999997,8,20000,75,0
2152,La Cruz,Sinaloa,S,F,0,144.79000000000005,8,20000,35,0
8467,Albany,OR,M,F,2,144.73999999999998,8,40000,52,0
7976,Acapulco,Guerrero,M,M,0,144.29999999999998,9,40000,68,1
5026,Puyallup,WA,S,M,0,144.26,9,40000,56,0
749,Tixapan,DF,S,M,0,144.19,6,40000,60,0
3335,San Andres,DF,M,F,0,144.11999999999998,10,60000,51,1
6334,Mexico City,Mexico,M,F,1,144.10000000000002,8,60000,77,1
2373,Corvallis,OR,M,F,1,144.09,8,40000,85,0
4362,Acapulco,Guerrero,M,F,1,144.04,7,40000,82,1
3980,Lebanon,OR,M,M,2,143.94000000000003,8,20000,38,0
5738,Bremerton,WA,M,M,1,143.94,10,20000,86,1
9709,Haney,BC,M,M,2,143.84999999999997,6,120000,73,0
7887,Milwaukie,OR,S,M,0,143.79999999999998,7,40000,71,0
9824,Tixapan,DF,S,M,0,143.64000000000004,6,120000,44,0
465,Corvallis,OR,S,M,0,143.59000000000003,7,40000,51,0
7209,Portland,OR,M,F,0,143.49999999999997,9,40000,61,1
5090,Acapulco,Guerrero,S,M,0,143.47999999999996,9,40000,38,1
3878,Port Orchard,WA,M,M,1,143.44999999999996,7,80000,52,0
10281,Vancouver,BC,S,F,0,143.41,4,60000,84,1
1366,Woodburn,OR,S,F,0,143.38999999999996,7,100000,50,0
9420,Corvallis,OR,M,F,1,143.32999999999998,6,20000,45,0
4903,Bremerton,WA,M,M,2,143.17999999999998,11,60000,36,1
2210,Albany,OR,S,F,0,143.16000000000005,7,80000,79,0
3882,Salem,OR,S,M,0,142.97,9,80000,87,1
1376,Mexico City,Mexico,M,M,3,142.9,6,120000,82,1
2858,Burnaby,BC,M,F,2,142.77999999999994,4,80000,42,0
2856,Woodburn,OR,M,F,3,142.77,8,140000,27,0
3823,Acapulco,Guerrero,S,M,0,142.71000000000004,9,20000,73,1
4719,Yakima,WA,M,F,0,142.64999999999998,8,20000,32,1
8968,Milwaukie,OR,S,M,0,142.53,5,20000,22,0
5682,Milwaukie,OR,S,F,0,142,6,40000,82,0
4778,Bremerton,WA,M,M,1,141.98999999999998,8,20000,85,1
4531,Acapulco,Guerrero,M,M,1,141.85,7,100000,22,1
2468,Corvallis,OR,S,F,0,141.73999999999998,7,140000,62,0
1542,Santa Anita,DF,S,F,0,141.44,10,60000,45,0
6832,Port Orchard,WA,S,M,0,141.39,8,20000,70,0
8180,Santa Anita,DF,S,M,0,140.97,8,60000,19,0
6069,Woodburn,OR,S,F,0,140.95999999999995,6,60000,52,0
4698,Acapulco,Guerrero,S,F,0,140.75,7,60000,72,1
3624,Tixapan,DF,S,F,0,140.60000000000002,8,140000,65,0
8404,Port Orchard,WA,M,M,3,140.57000000000005,9,60000,54,0
9063,Yakima,WA,M,M,1,140.45999999999998,6,40000,49,1
1339,Lebanon,OR,S,F,0,140.37,7,80000,40,0
52,Tixapan,DF,S,F,0,139.93,6,80000,86,0
3363,Mexico City,Mexico,S,F,0,139.89,8,20000,79,1
8873,Tixapan,DF,S,F,0,139.88000000000002,9,40000,38,0
3277,Acapulco,Guerrero,M,M,0,139.86,9,20000,55,1
4295,Milwaukie,OR,S,M,0,139.64,6,40000,69,0
4417,Bremerton,WA,M,M,0,139.58,10,80000,77,1
181,Bremerton,WA,S,F,0,139.33000000000004,9,40000,33,1
9414,Santa Fe,DF,M,F,1,139.03000000000003,7,60000,81,0
6044,Lemon Grove,CA,S,M,0,138.96,6,80000,88,0
7408,Bellflower,CA,M,M,2,138.88,6,20000,47,0
4527,Port Orchard,WA,M,M,0,138.82,10,20000,29,0
4785,Burnaby,BC,S,F,0,138.77,6,60000,53,0
2244,Puyallup,WA,S,F,0,138.76,8,80000,67,0
9826,Salem,OR,S,M,0,138.70000000000002,8,80000,77,1
2082,La Cruz,Sinaloa,S,M,0,138.69,7,60000,64,0
1017,Mexico City,Mexico,M,F,4,138.62,9,40000,35,1
4069,Tacoma,WA,S,F,0,138.57,9,120000,72,1
1084,Beaverton,OR,M,M,1,138.5,5,20000,55,0
1448,San Andres,DF,M,F,1,138.49999999999997,8,80000,61,1
435,Olympia,WA,S,F,0,138.23,7,20000,57,0
7770,San Andres,DF,S,M,0,138.11999999999998,7,60000,19,1
8400,Westminster,BC,M,F,2,138.11,6,20000,31,0
7013,Mexico City,Mexico,S,F,0,137.91999999999996,8,20000,75,1
742,Ballard,WA,M,F,4,137.73,5,80000,87,0
7113,Santa Anita,DF,S,F,0,137.49999999999997,8,80000,60,0
8189,Tacoma,WA,S,M,0,137.43999999999997,10,80000,76,1
4510,Bellflower,CA,S,F,0,137.43,5,40000,51,0
3085,Tixapan,DF,M,M,2,137.34999999999997,7,60000,71,0
5516,Tixapan,DF,M,F,0,137.26999999999995,4,60000,34,0
1408,Ladner,BC,S,F,0,137.20000000000002,4,40000,86,0
7454,Richmond,BC,M,M,1,137.04000000000005,8,20000,80,0
1236,Mexico City,Mexico,S,M,0,136.93,7,80000,26,1
7433,Milwaukie,OR,S,M,0,136.92000000000002,7,80000,86,0
6306,Albany,OR,S,F,0,136.82000000000002,7,40000,57,0
7107,Mexico City,Mexico,M,M,1,136.78000000000003,7,40000,87,1
224,La Cruz,Sinaloa,M,F,0,136.69,9,20000,25,0
6780,Mexico City,Mexico,M,M,0,136.50000000000006,7,100000,73,1
8091,Lebanon,OR,S,F,0,136.46,8,100000,23,0
6762,Santa Anita,DF,M,M,1,136.32999999999998,9,120000,58,0
7139,San Gabriel,CA,M,M,4,136.32000000000002,6,100000,21,0
8240,Woodland Hills,CA,S,M,0,136.23,7,60000,73,0
8729,Richmond,BC,M,M,4,135.95999999999998,6,20000,51,0
4396,Woodburn,OR,M,F,2,135.89999999999998,7,140000,64,0
7061,Tixapan,DF,S,M,0,135.88000000000005,8,40000,76,0
5210,Tacoma,WA,S,F,0,135.61,7,40000,34,1
4690,Corvallis,OR,M,M,3,135.53,10,40000,82,0
4653,Santa Anita,DF,M,M,1,135.41,9,60000,33,0
3035,San Andres,DF,S,F,0,135.32000000000002,7,60000,45,1
6681,Puyallup,WA,M,M,1,135.26,7,100000,56,0
7693,San Andres,DF,M,M,0,135.24,8,20000,35,1
2422,Lebanon,OR,S,F,0,135.05999999999997,6,40000,26,0
7813,Tacoma,WA,M,M,0,134.9,8,20000,26,1
71,La Cruz,Sinaloa,S,M,0,134.72999999999996,7,20000,31,0
4147,Mexico City,Mexico,S,M,0,134.63,8,40000,81,1
7869,Santa Anita,DF,S,M,0,134.54,8,20000,77,0
7720,Puyallup,WA,M,F,2,134.50000000000003,7,140000,62,0
5476,Corvallis,OR,M,M,1,134.24999999999997,6,60000,30,0
622,La Cruz,Sinaloa,S,M,0,134.24,8,120000,25,0
4912,Mexico City,Mexico,S,F,0,134.23000000000002,7,40000,70,1
5767,Tixapan,DF,M,F,2,134.18,5,40000,67,0
10048,Camacho,Zacatecas,S,F,0,134.14999999999998,8,40000,84,1
6166,Ladner,BC,S,M,0,134.09,5,80000,44,0
2808,Lebanon,OR,M,M,1,134.09,8,40000,24,0
9049,Acapulco,Guerrero,S,M,0,134.07999999999998,7,140000,54,1
8837,Lake Oswego,OR,S,F,0,133.98999999999998,7,40000,55,0
1367,Richmond,BC,S,F,0,133.94000000000003,5,40000,55,0
1014,La Cruz,Sinaloa,M,F,2,133.81,8,20000,74,0
7166,Richmond,BC,S,M,0,133.80999999999997,6,80000,51,0
7141,Puyallup,WA,M,M,1,133.79000000000002,10,40000,63,0
955,West Covina,CA,M,F,2,133.77,5,20000,54,0
6584,Los Angeles,CA,M,F,1,133.66,5,40000,57,1
9141,Santa Anita,DF,M,M,4,133.3,6,80000,53,0
2550,San Diego,CA,M,M,1,133.29000000000002,5,120000,46,1
2613,Milwaukie,OR,M,F,1,133.21,6,40000,75,0
8181,Puyallup,WA,M,F,3,133.14999999999998,11,60000,73,0
1615,Tacoma,WA,S,F,0,133.14000000000007,6,40000,47,1
6995,Milwaukie,OR,S,M,0,132.76999999999998,6,20000,35,0
1147,Lebanon,OR,S,F,0,132.63,6,40000,27,0
6841,Bremerton,WA,M,M,3,132.54,8,20000,30,1
9668,Salem,OR,M,F,0,132.48000000000002,7,80000,62,1
8946,Yakima,WA,S,M,0,132.46,8,140000,24,1
4580,Ladner,BC,S,F,0,132.38,6,120000,41,0
9871,Woodburn,OR,M,F,4,132.36999999999998,5,20000,73,0
2904,Haney,BC,S,M,0,132.32999999999998,6,120000,18,0
711,Tacoma,WA,M,F,2,132.19000000000003,8,40000,51,1
588,Yakima,WA,M,M,4,131.90999999999997,7,40000,44,1
7818,Portland,OR,M,F,4,131.86,5,40000,38,1
8773,Santa Fe,DF,M,F,3,131.84000000000003,7,60000,71,0
7213,Acapulco,Guerrero,S,F,0,131.83999999999995,8,20000,76,1
4961,Salem,OR,S,M,0,131.76000000000002,8,40000,80,1
4413,Woodburn,OR,M,M,1,131.69,7,20000,31,0
1844,Port Orchard,WA,M,M,1,131.58,8,40000,87,0
9189,San Andres,DF,S,M,0,131.57,9,60000,58,1
3985,Beaverton,OR,M,M,0,131.54000000000002,8,20000,38,0
3729,Ladner,BC,M,F,2,131.46999999999997,5,20000,53,0
5065,Acapulco,Guerrero,S,F,0,131.45000000000002,6,60000,47,1
5055,Burnaby,BC,S,M,0,131.43,4,40000,87,0
9438,Tixapan,DF,M,F,4,131.4,7,60000,33,0
3442,Port Orchard,WA,M,M,0,131.32999999999998,8,40000,33,0
1245,Puyallup,WA,S,F,0,131.31,7,40000,67,0
4607,La Cruz,Sinaloa,M,M,0,131.20999999999998,7,20000,67,0
3285,Bellflower,CA,S,M,0,131.08,5,40000,61,0
5727,Santa Fe,DF,S,F,0,131.01000000000002,9,20000,33,0
644,Lebanon,OR,M,F,2,130.94,6,100000,37,0
6713,Albany,OR,M,M,1,130.75000000000003,6,40000,52,0
5831,Bremerton,WA,S,M,0,130.75,9,40000,45,1
5724,Milwaukie,OR,M,M,0,130.69,4,80000,75,0
5958,Lebanon,OR,S,F,0,130.60000000000002,7,100000,79,0
9125,Woodburn,OR,S,M,0,130.6,6,60000,70,0
7275,Puyallup,WA,M,F,0,130.58999999999995,7,40000,23,0
843,Acapulco,Guerrero,S,M,0,130.32999999999996,8,20000,29,1
3671,Acapulco,Guerrero,S,M,0,130.28000000000003,8,20000,81,1
2444,Lebanon,OR,S,F,0,129.98,7,80000,19,0
4223,Mexico City,Mexico,S,F,0,129.86,5,100000,50,1
8252,Salem,OR,S,M,0,129.51000000000002,7,40000,68,1
7362,Milwaukie,OR,S,M,0,129.48999999999998,6,20000,45,0
1893,Salem,OR,S,M,0,129.3,7,40000,43,1
10184,Santa Anita,DF,M,F,5,129.27,6,20000,50,0
10118,Corvallis,OR,S,F,0,129.24000000000004,6,150000,54,0
5810,Corvallis,OR,S,M,0,129,5,40000,67,0
9025,Albany,OR,M,F,3,128.99,8,60000,61,0
6936,Olympia,WA,S,F,0,128.82,8,40000,83,0
8140,Corvallis,OR,M,F,1,128.81,8,40000,84,0
2916,Salem,OR,M,M,0,128.76,8,40000,49,1
3548,Corvallis,OR,M,F,1,128.72000000000003,7,100000,42,0
3530,Santa Anita,DF,M,F,0,128.66,8,40000,55,0
2169,Cliffside,BC,M,M,2,128.54999999999998,5,140000,20,0
8717,Tacoma,WA,M,F,1,128.5,8,60000,83,1
8698,San Andres,DF,S,F,0,128.32,9,20000,50,1
8557,Torrance,CA,S,M,0,128.31000000000006,5,20000,34,0
1141,W. Linn,OR,S,M,0,128.20000000000002,5,20000,43,0
6698,Albany,OR,M,M,0,128.18,8,20000,74,0
9300,Arcadia,CA,S,M,0,128.17000000000002,5,20000,66,0
2846,Milwaukie,OR,M,F,1,128.16000000000005,7,60000,83,0
9919,Haney,BC,S,F,0,127.79,4,20000,54,0
5565,Haney,BC,M,M,3,127.69,7,40000,27,0
5838,Santa Anita,DF,M,F,3,127.66,7,40000,72,0
8867,Santa Fe,DF,M,F,3,127.63,6,20000,71,0
1093,Woodburn,OR,S,F,0,127.61,6,40000,32,0
6888,Yakima,WA,S,M,0,127.57999999999998,6,40000,74,1
9504,Salem,OR,S,F,0,127.56999999999998,5,40000,21,1
4080,W. Linn,OR,M,F,4,127.5,7,80000,19,0
1071,Albany,OR,S,M,0,127.40999999999995,6,60000,34,0
1910,Mexico City,Mexico,S,F,0,127.32,9,20000,40,1
1878,Grossmont,CA,S,F,0,127.31,5,80000,36,0
5250,Bellflower,CA,M,F,1,127.20999999999998,5,40000,76,0
2450,Mexico City,Mexico,M,F,0,127.16999999999996,8,40000,20,1
7153,Port Orchard,WA,S,M,0,127.15000000000003,9,20000,59,0
5452,Corvallis,OR,S,F,0,127.15,8,100000,63,0
5707,Yakima,WA,M,F,2,127.15,4,60000,67,1
625,Corvallis,OR,S,M,0,126.98000000000002,8,80000,74,0
6228,Beaverton,OR,S,M,0,126.96999999999996,7,20000,56,0
389,Santa Fe,DF,M,M,0,126.91000000000004,8,60000,28,0
1169,Mexico City,Mexico,M,M,1,126.86000000000004,9,60000,22,1
2491,Langley,BC,M,M,2,126.81000000000004,6,20000,74,0
9673,Salem,OR,S,M,0,126.75,7,40000,66,1
8336,Tacoma,WA,M,M,3,126.57,8,20000,49,1
6729,Everett,WA,M,M,0,126.53000000000002,5,40000,43,0
4425,Salem,OR,M,M,1,126.41,7,120000,69,1
3933,Haney,BC,M,F,2,126.41,4,40000,75,0
9348,Lynnwood,WA,M,F,4,126.40000000000002,4,40000,39,0
8071,Everett,WA,M,F,4,126.26,5,40000,33,0
3716,Olympia,WA,M,F,0,126.24000000000002,8,80000,57,0
880,W. Linn,OR,S,M,0,126.19,6,60000,85,0
3243,Salem,OR,S,F,0,126.17,6,20000,42,1
169,Lebanon,OR,M,F,0,126.16,8,60000,42,0
8002,Westminster,BC,S,F,0,126.07,7,40000,74,0
5482,Tixapan,DF,S,M,0,126.07,6,20000,63,0
2651,Langley,BC,M,F,5,125.96999999999996,5,140000,75,0
6904,Lebanon,OR,M,M,0,125.86,5,40000,73,0
3518,Mexico City,Mexico,S,M,0,125.81,8,40000,31,1
2211,Puyallup,WA,S,F,0,125.66,7,80000,71,0
9733,Arcadia,CA,S,M,0,125.65,5,40000,65,0
1330,Lebanon,OR,S,M,0,125.65,6,80000,38,0
8688,N. Vancouver,BC,M,F,4,125.65,6,20000,29,0
7452,San Andres,DF,S,M,0,125.55,6,60000,45,1
222,Lemon Grove,CA,S,F,0,125.51,6,100000,26,0
2300,N. Vancouver,BC,S,F,0,125.42000000000002,7,20000,54,0
4649,Puyallup,WA,S,M,0,125.42,8,20000,88,0
4072,Tixapan,DF,S,F,0,125.4,5,40000,82,0
8308,Olympia,WA,S,F,0,125.39,7,20000,44,0
463,Yakima,WA,S,M,0,125.26,7,20000,37,1
4720,N. Vancouver,BC,S,M,0,125.17999999999998,5,40000,37,0
7471,N. Vancouver,BC,M,M,0,125.06000000000002,5,40000,46,0
9540,Newport Beach,CA,S,M,0,124.99,7,40000,79,0
3130,Albany,OR,S,F,0,124.98999999999998,7,80000,78,0
9667,Yakima,WA,M,M,3,124.88,7,120000,41,1
3792,Arcadia,CA,M,F,1,124.84,5,40000,77,0
1312,Bremerton,WA,S,F,0,124.76999999999998,7,40000,34,1
7263,Lake Oswego,OR,S,M,0,124.75999999999996,6,20000,84,0
9187,Puyallup,WA,M,M,3,124.72000000000004,6,20000,86,0
1468,Salem,OR,S,M,0,124.64,7,40000,75,1
2433,La Cruz,Sinaloa,M,M,1,124.53000000000002,8,40000,70,0
10174,Burbank,CA,S,M,0,124.51000000000002,6,40000,35,0
6009,Oregon City,OR,S,M,0,124.51,6,80000,73,0
4586,Westminster,BC,S,M,0,124.36999999999998,6,20000,74,0
474,Tixapan,DF,M,F,1,124.28999999999998,9,20000,18,0
2549,Mexico City,Mexico,S,M,0,124.24999999999996,9,80000,39,1
2402,Vancouver,BC,S,F,0,124,6,20000,31,1
10081,Renton,WA,S,M,0,123.9,4,120000,77,0
9578,Corvallis,OR,M,M,1,123.83000000000004,7,80000,22,0
1174,Acapulco,Guerrero,S,M,0,123.81,10,120000,52,1
7440,Ladner,BC,S,F,0,123.79,5,100000,45,0
3693,Bremerton,WA,S,M,0,123.75000000000004,8,40000,80,1
9966,Santa Anita,DF,M,M,2,123.75,9,20000,35,0
5760,Salem,OR,M,F,1,123.71,8,40000,57,1
4664,Santa Monica,CA,S,M,0,123.62,7,40000,60,0
1547,Beaverton,OR,S,M,0,123.52000000000002,6,80000,71,0
1442,Bremerton,WA,M,F,1,123.48,10,40000,69,1
2861,Newport Beach,CA,M,M,5,123.47,5,40000,34,0
8596,San Andres,DF,S,F,0,123.12999999999998,7,120000,23,1
8350,San Andres,DF,S,F,0,123.07000000000002,4,140000,79,1
8558,Portland,OR,S,M,0,122.96999999999996,8,20000,52,1
6554,Tacoma,WA,M,F,0,122.95000000000002,8,80000,48,1
882,National City,CA,S,M,0,122.94000000000004,5,60000,20,0
2777,Lebanon,OR,S,F,0,122.84000000000005,6,80000,75,0
7588,La Cruz,Sinaloa,S,M,0,122.82999999999998,7,100000,40,0
6804,Santa Anita,DF,S,M,0,122.82,6,40000,58,0
2968,Lebanon,OR,S,M,0,122.76000000000002,6,40000,56,0
9754,Acapulco,Guerrero,M,F,2,122.67000000000004,9,40000,38,1
9534,Tacoma,WA,S,M,0,122.57000000000004,7,140000,87,1
9648,Woodburn,OR,S,F,0,122.46000000000002,6,20000,22,0
993,Albany,OR,M,M,3,122.45,9,80000,77,0
216,Olympia,WA,S,F,0,122.40999999999998,6,80000,74,0
4111,Santa Anita,DF,M,F,3,122.29999999999995,9,40000,84,0
3978,Santa Fe,DF,M,F,1,122.14000000000004,9,40000,58,0
1154,Corvallis,OR,S,F,0,122.11,3,20000,82,0
9492,Haney,BC,M,M,3,122.09,6,150000,52,0
4221,Tacoma,WA,S,M,0,122.04,9,40000,29,1
2959,San Andres,DF,S,F,0,122.01,7,80000,23,1
3295,Tixapan,DF,M,F,1,121.92,8,60000,20,0
4454,Renton,WA,S,M,0,121.91,5,80000,30,0
9459,Milwaukie,OR,S,F,0,121.90000000000002,5,60000,56,0
2286,San Andres,DF,S,M,0,121.82999999999996,6,20000,42,1
4700,Olympia,WA,S,M,0,121.73000000000002,9,20000,46,0
9487,Tacoma,WA,M,M,0,121.68,8,140000,51,1
983,Lake Oswego,OR,S,F,0,121.6,6,40000,45,0
6855,San Andres,DF,M,M,2,121.55999999999996,5,60000,21,1
6677,Santa Anita,DF,M,F,1,121.52999999999996,8,140000,77,0
9512,Yakima,WA,M,F,3,121.51,6,20000,29,1
5533,Woodburn,OR,S,F,0,121.51,7,20000,65,0
865,Tixapan,DF,S,F,0,121.36000000000004,7,20000,49,0
8061,San Andres,DF,S,M,0,121.34,7,60000,40,1
9726,Port Hammond,BC,M,M,3,121.31,5,40000,54,0
9235,Mexico City,Mexico,M,M,1,121.28,7,60000,75,1
1999,Beaverton,OR,M,M,2,121.17,6,40000,70,0
1142,Albany,OR,M,M,2,121.08000000000004,5,60000,39,0
1334,Tacoma,WA,M,M,1,121.08,8,60000,48,1
6847,Santa Fe,DF,M,M,1,120.98000000000002,7,60000,65,0
7297,W. Linn,OR,S,F,0,120.96,7,60000,40,0
4455,Tixapan,DF,S,F,0,120.71000000000002,5,40000,43,0
6446,Richmond,BC,S,F,0,120.65,7,40000,39,0
7521,Lebanon,OR,M,M,3,120.59,7,140000,53,0
3388,Corvallis,OR,M,F,4,120.59,5,40000,69,0
6618,Richmond,BC,M,F,3,120.55999999999996,4,20000,74,0
208,Woodburn,OR,M,F,1,120.48,5,140000,82,0
8976,Salem,OR,M,F,0,120.45999999999998,9,20000,42,1
7526,Tacoma,WA,S,M,0,120.42999999999998,5,80000,44,1
8116,Lebanon,OR,S,F,0,120.38,7,120000,38,0
4747,Santa Anita,DF,S,M,0,120.34,7,140000,57,0
3487,Tixapan,DF,M,M,1,120.34,6,40000,59,0
5541,Glendale,CA,M,F,1,120.22,5,60000,46,0
3116,West Covina,CA,S,F,0,120.16,5,60000,65,0
7585,Santa Fe,DF,M,F,2,120.12999999999998,10,60000,47,0
5343,Mexico City,Mexico,S,F,0,120.08,5,40000,55,1
7470,Salem,OR,S,M,0,120.05999999999996,8,20000,37,1
7621,Lebanon,OR,S,F,0,120.03,6,40000,51,0
3880,Santa Anita,DF,M,M,1,120.01,6,40000,80,0
4020,La Cruz,Sinaloa,S,M,0,119.84,8,140000,67,0
1611,Salem,OR,S,M,0,119.77999999999996,6,80000,41,1
2381,Glendale,CA,M,M,1,119.74000000000002,7,40000,70,0
8546,San Gabriel,CA,M,M,4,119.64000000000004,6,40000,43,0
5602,Glendale,CA,M,M,0,119.63000000000002,5,150000,49,0
1256,Bellflower,CA,M,M,3,119.6,6,40000,45,0
4152,Yakima,WA,S,F,0,119.54,4,20000,19,1
5576,Vancouver,BC,S,M,0,119.53999999999998,7,20000,59,1
7227,Richmond,BC,S,M,0,119.47,4,60000,45,0
4317,San Andres,DF,M,F,2,119.47,6,40000,53,1
336,Bellflower,CA,M,M,2,119.41,8,20000,63,0
4750,Milwaukie,OR,S,F,0,119.29,5,140000,33,0
2330,Burnaby,BC,M,M,3,119.13,4,80000,74,0
9891,Yakima,WA,M,M,0,119.07,9,60000,51,1
8337,Santa Anita,DF,M,F,1,118.97,6,40000,81,0
5938,Vancouver,BC,M,M,5,118.96,5,20000,23,1
1523,Acapulco,Guerrero,S,M,0,118.95,7,80000,21,1
10262,Olympia,WA,M,F,5,118.88,7,40000,31,0
576,Burnaby,BC,M,F,5,118.75,4,20000,32,0
5054,Los Angeles,CA,M,F,0,118.73,6,120000,52,1
614,Tacoma,WA,M,M,2,118.67,7,80000,60,1
3949,San Andres,DF,M,M,4,118.59,5,40000,66,1
774,Redmond,WA,M,M,1,118.55000000000004,5,40000,21,0
9945,Mexico City,Mexico,M,M,0,118.50000000000004,6,40000,87,1
9866,Bremerton,WA,S,M,0,118.47999999999998,5,80000,61,1
8817,Vancouver,BC,S,F,0,118.42,7,140000,55,1
9854,San Andres,DF,S,M,0,118.36,7,140000,86,1
9584,Corvallis,OR,S,F,0,118.26999999999998,5,40000,34,0
2218,Downey,CA,S,M,0,118.25,4,60000,24,0
10167,Olympia,WA,M,M,2,118.2,6,60000,22,0
10177,Langley,BC,M,M,2,118.12,5,40000,37,0
3871,Vancouver,BC,M,F,1,118.08,9,80000,29,1
876,Santa Fe,DF,M,M,5,118.05,6,40000,32,0
3648,San Andres,DF,S,F,0,117.95,7,20000,76,1
1791,Albany,OR,S,M,0,117.94,7,120000,79,0
1266,Salem,OR,S,F,0,117.92000000000002,6,40000,87,1
7627,San Andres,DF,M,F,0,117.86000000000004,8,40000,33,1
6968,La Cruz,Sinaloa,M,M,2,117.86000000000004,4,20000,81,0
7780,Albany,OR,S,M,0,117.85000000000002,7,80000,77,0
280,Lebanon,OR,S,F,0,117.81,6,60000,30,0
7332,Tixapan,DF,S,F,0,117.65999999999998,8,80000,25,0
6018,Milwaukie,OR,S,F,0,117.58,8,40000,29,0
8269,Salem,OR,S,F,0,117.23,7,40000,38,1
5590,Tacoma,WA,M,M,5,117.21,8,120000,51,1
4201,Ladner,BC,M,M,2,117.12999999999998,6,100000,35,0
3799,Corvallis,OR,S,F,0,117.1,5,40000,49,0
2051,Mexico City,Mexico,M,M,2,117.09000000000005,6,40000,34,1
10019,Portland,OR,S,F,0,117.02,5,40000,37,1
3019,W. Linn,OR,M,F,4,117.01000000000002,6,20000,38,0
7476,San Andres,DF,S,F,0,116.94,5,80000,21,1
9251,Lemon Grove,CA,M,M,4,116.92,4,100000,78,0
3969,Torrance,CA,S,M,0,116.90999999999998,5,20000,37,0
6251,Westminster,BC,S,M,0,116.88999999999996,4,60000,22,0
5924,Salem,OR,M,M,4,116.72,6,40000,79,1
4520,Pomona,CA,S,F,0,116.71,5,80000,85,0
10068,Yakima,WA,M,F,2,116.71,5,60000,44,1
8815,Burbank,CA,M,F,2,116.70999999999998,6,20000,23,0
8669,Yakima,WA,M,M,3,116.67999999999996,6,20000,70,1
7639,Albany,OR,M,M,2,116.63000000000002,6,150000,43,0
4099,Puyallup,WA,M,M,0,116.6,7,80000,62,0
8304,Albany,OR,M,F,2,116.58,7,40000,62,0
6237,Lebanon,OR,S,F,0,116.55,7,20000,43,0
2061,Port Orchard,WA,M,M,3,116.55,6,20000,33,0
7122,San Andres,DF,M,M,3,116.44,7,60000,66,1
9256,Albany,OR,M,F,3,116.41,5,40000,48,0
4873,Puyallup,WA,S,M,0,116.38,7,40000,44,0
5716,Tixapan,DF,M,F,1,116.36999999999998,7,20000,62,0
518,Haney,BC,M,F,3,116.29999999999998,6,40000,85,0
4125,Lake Oswego,OR,M,M,2,116.25,6,40000,36,0
1706,Woodburn,OR,S,F,0,116.1,7,60000,60,0
1977,Yakima,WA,M,M,1,115.98,9,20000,36,1
9884,Lake Oswego,OR,S,F,0,115.97,6,40000,64,0
243,Burnaby,BC,S,M,0,115.95,5,40000,80,0
9108,Santa Fe,DF,M,F,0,115.94,6,40000,68,0
3338,N. Vancouver,BC,S,M,0,115.94,6,40000,68,0
9812,Woodburn,OR,M,F,2,115.87,6,60000,69,0
2054,Redmond,WA,S,M,0,115.84999999999998,6,40000,51,0
7203,Salem,OR,S,M,0,115.83,6,40000,37,1
5957,Beaverton,OR,S,F,0,115.82,7,20000,45,0
3005,Beverly Hills,CA,S,M,0,115.72999999999998,3,80000,41,1
6522,Woodburn,OR,S,F,0,115.67000000000002,5,60000,22,0
10220,Haney,BC,M,F,4,115.57999999999998,6,60000,48,0
1519,Richmond,BC,M,M,0,115.49,5,40000,22,0
8021,La Cruz,Sinaloa,M,M,2,115.48,8,60000,39,0
2507,Bremerton,WA,S,F,0,115.34,7,20000,74,1
5933,Acapulco,Guerrero,M,M,0,115.28,7,20000,34,1
5155,Arcadia,CA,M,M,3,115.27,4,40000,26,0
9851,Bremerton,WA,S,M,0,115.22,8,20000,20,1
7622,Port Orchard,WA,S,F,0,114.83,7,60000,85,0
1529,Corvallis,OR,M,F,0,114.80000000000004,6,40000,63,0
5391,Santa Anita,DF,M,F,0,114.69,7,80000,32,0
7556,Puyallup,WA,S,F,0,114.64,7,40000,38,0
7373,Corvallis,OR,M,M,1,114.61,5,20000,31,0
5606,La Cruz,Sinaloa,S,F,0,114.61,8,140000,52,0
8254,Puyallup,WA,M,M,0,114.57999999999996,7,80000,33,0
6881,N. Vancouver,BC,S,M,0,114.56999999999998,5,40000,55,0
3629,N. Vancouver,BC,S,F,0,114.47,3,40000,65,0
9770,Glendale,CA,S,M,0,114.41999999999996,6,20000,43,0
9822,Richmond,BC,M,M,0,114.41,4,60000,36,0
7576,Corvallis,OR,M,F,1,114.23,8,60000,31,0
3261,N. Vancouver,BC,S,M,0,114.11,6,60000,54,0
20,Spring Valley,CA,S,F,0,114.10000000000004,5,20000,24,0
3523,La Cruz,Sinaloa,S,M,0,113.93,6,60000,71,0
1556,Olympia,WA,M,F,3,113.80000000000004,7,60000,43,0
8708,Santa Anita,DF,M,F,1,113.74,7,140000,34,0
4972,Ladner,BC,M,M,1,113.71999999999998,4,80000,87,0
8728,San Andres,DF,M,M,1,113.59,6,20000,35,1
5970,Corvallis,OR,M,M,1,113.57000000000002,5,40000,80,0
4409,Westminster,BC,S,M,0,113.55,6,80000,56,0
9863,Albany,OR,S,M,0,113.54,7,20000,44,0
1530,Mexico City,Mexico,M,F,3,113.53999999999998,7,20000,54,1
5669,Guadalajara,Jalisco,S,M,0,113.48,7,20000,65,1
2489,Santa Anita,DF,M,M,3,113.31,4,40000,69,0
571,Bremerton,WA,S,F,0,113.29000000000002,7,60000,27,1
10277,Lake Oswego,OR,M,M,3,113.16,4,100000,24,0
1780,Lemon Grove,CA,S,F,0,113.15,5,60000,74,0
4598,Richmond,BC,M,F,1,113.1,6,40000,59,0
8298,Corvallis,OR,S,M,0,112.81,6,80000,54,0
93,Woodburn,OR,M,M,4,112.80000000000004,5,140000,28,0
2878,Port Orchard,WA,M,F,4,112.67,5,40000,29,0
7721,Corvallis,OR,S,M,0,112.65000000000003,6,40000,46,0
4985,Yakima,WA,S,M,0,112.49999999999996,7,80000,27,1
6844,Milwaukie,OR,S,M,0,112.4,7,100000,77,0
2088,Newport Beach,CA,M,M,0,112.4,6,100000,30,0
392,Salem,OR,M,F,0,112.39999999999998,7,40000,57,1
2327,Lebanon,OR,M,F,3,112.31,8,20000,83,0
9228,Torrance,CA,S,F,0,112.21,4,60000,70,0
1470,Puyallup,WA,M,M,4,112.20999999999998,5,40000,28,0
9074,Beaverton,OR,S,M,0,112.18,6,40000,53,0
4373,Portland,OR,S,M,0,112.07999999999996,6,60000,38,1
8562,Kirkland,WA,S,M,0,111.95,5,40000,24,0
2568,Lake Oswego,OR,M,M,2,111.94,7,60000,40,0
7569,Woodburn,OR,M,F,0,111.82,5,40000,44,0
2324,Ladner,BC,S,M,0,111.81,6,140000,51,0
117,Albany,OR,M,F,1,111.75,6,100000,44,0
7882,Lebanon,OR,M,M,2,111.59999999999998,4,40000,70,0
6746,Newton,BC,M,M,3,111.51000000000002,7,40000,35,0
8556,Beaverton,OR,M,M,0,111.40000000000003,6,20000,23,0
4224,Mexico City,Mexico,M,F,0,111.40000000000003,7,40000,81,1
3460,Milwaukie,OR,S,F,0,111.40000000000002,5,60000,80,0
4783,Woodburn,OR,M,M,0,111.34,7,20000,22,0
2689,Port Orchard,WA,S,M,0,111.33999999999996,6,40000,76,0
7536,Newport Beach,CA,S,F,0,111.28000000000004,6,40000,21,0
9787,Woodburn,OR,M,M,0,111.17,6,60000,50,0
5254,Ladner,BC,M,M,1,111.17,6,40000,79,0
4595,Milwaukie,OR,S,F,0,111.16,4,40000,73,0
39,Lebanon,OR,M,F,2,111.07,6,100000,39,0
6726,Santa Fe,DF,S,F,0,111.06000000000002,7,20000,36,0
5551,San Andres,DF,S,M,0,111.04,6,40000,59,1
438,Mexico City,Mexico,M,F,1,111.03,5,80000,52,1
5631,National City,CA,S,M,0,111.02,4,120000,56,0
3706,Woodburn,OR,S,M,0,110.99,6,80000,51,0
9087,Beverly Hills,CA,S,F,0,110.83,4,40000,72,1
6592,Woodburn,OR,S,F,0,110.80000000000004,6,80000,82,0
1538,Glendale,CA,S,M,0,110.79000000000002,4,120000,36,0
1136,Coronado,CA,S,F,0,110.77,4,120000,66,0
8179,W. Linn,OR,S,F,0,110.7,6,60000,25,0
5681,W. Linn,OR,S,M,0,110.7,6,100000,69,0
2850,Port Orchard,WA,S,M,0,110.7,5,20000,65,0
831,Kirkland,WA,M,M,0,110.6,6,20000,27,0
1022,Ladner,BC,M,M,1,110.51999999999998,5,20000,72,0
7455,Albany,OR,S,M,0,110.48,4,20000,39,0
24,Santa Fe,DF,S,F,0,110.45,5,40000,77,0
2191,Santa Fe,DF,M,F,4,110.32,6,20000,35,0
5809,Corvallis,OR,M,M,0,110.27,6,20000,54,0
4810,Yakima,WA,S,F,0,110.26999999999998,4,20000,20,1
450,Mexico City,Mexico,S,M,0,110.25,7,80000,76,1
1792,Santa Anita,DF,S,M,0,110.22,7,20000,40,0
3497,Olympia,WA,S,M,0,110.19000000000004,8,60000,88,0
9906,Vancouver,BC,S,F,0,110.16000000000004,5,80000,40,1
9268,Santa Fe,DF,M,M,1,110.07,7,20000,79,0
7127,Newport Beach,CA,S,M,0,110.03999999999998,5,80000,69,0
4465,Lebanon,OR,S,M,0,110.03,7,80000,64,0
10178,Haney,BC,M,M,2,110.02000000000004,4,40000,76,0
4277,La Cruz,Sinaloa,S,M,0,109.96,10,40000,25,0
9307,Lake Oswego,OR,M,M,1,109.91,4,20000,43,0
42,San Andres,DF,M,F,3,109.72999999999998,8,80000,33,1
5163,Port Orchard,WA,M,M,3,109.67,9,40000,50,0
2151,Corvallis,OR,M,M,1,109.67,4,20000,19,0
4253,Albany,OR,S,F,0,109.63,5,40000,27,0
9831,Redmond,WA,M,F,3,109.33,4,20000,36,0
221,Lynnwood,WA,M,F,2,109.31,6,40000,76,0
8473,Corvallis,OR,S,F,0,109.17,4,40000,54,0
4678,Albany,OR,S,M,0,109.07,5,60000,65,0
6829,Spring Valley,CA,S,M,0,109.02,5,40000,61,0
7924,Newport Beach,CA,M,M,0,108.98000000000002,4,60000,26,0
1048,Marysville,WA,S,M,0,108.98000000000002,3,60000,35,0
7403,Santa Fe,DF,S,F,0,108.95999999999998,8,80000,23,0
57,San Andres,DF,S,M,0,108.86,5,20000,38,1
3550,Beaverton,OR,S,F,0,108.83,4,60000,66,0
8960,Port Orchard,WA,M,M,2,108.79,7,150000,77,0
2736,Altadena,CA,M,F,5,108.76,5,20000,74,0
9319,Santa Anita,DF,M,F,1,108.72,5,140000,52,0
7338,W. Linn,OR,M,F,3,108.71,6,60000,58,0
3423,Corvallis,OR,M,F,2,108.69,7,60000,74,0
2476,Acapulco,Guerrero,S,F,0,108.49,7,20000,84,1
5437,Santa Monica,CA,M,F,1,108.42000000000004,6,40000,68,0
9369,Torrance,CA,M,M,5,108.42000000000002,5,20000,43,0
9985,San Gabriel,CA,M,M,3,108.36,5,60000,66,0
8760,Lemon Grove,CA,S,F,0,108.34000000000002,5,150000,36,0
9626,Langley,BC,S,F,0,108.31000000000002,5,40000,75,0
10186,Salem,OR,S,M,0,108.29,5,40000,54,1
1667,Beverly Hills,CA,S,F,0,108.28999999999998,7,20000,57,1
1628,Everett,WA,M,M,2,108.24,4,100000,48,0
895,Port Hammond,BC,S,F,0,108.24,4,60000,79,0
3543,Portland,OR,S,M,0,108.23999999999998,4,60000,77,1
5714,Altadena,CA,M,M,0,108.22999999999998,6,140000,50,0
1721,Albany,OR,M,M,4,108.20000000000002,7,60000,34,0
2304,Woodburn,OR,S,M,0,108.16,7,40000,82,0
8115,Mexico City,Mexico,M,M,3,108.09,6,60000,43,1
9639,Olympia,WA,M,M,1,108.06,6,120000,69,0
376,Lake Oswego,OR,S,M,0,108.01,6,60000,78,0
8293,Richmond,BC,M,F,2,107.97,5,20000,49,0
9419,Oregon City,OR,S,M,0,107.81000000000002,5,60000,28,0
1946,Santa Anita,DF,S,M,0,107.80000000000004,8,60000,22,0
4744,El Cajon,CA,M,M,2,107.77,4,60000,80,0
3904,Burnaby,BC,S,F,0,107.77,5,20000,65,0
4538,Langley,BC,S,F,0,107.61999999999998,6,40000,43,0
5447,Portland,OR,S,M,0,107.59,6,40000,66,1
4890,Lakewood,CA,S,M,0,107.54,7,40000,53,0
4508,Lebanon,OR,M,M,0,107.52,6,40000,27,0
4547,Woodburn,OR,S,M,0,107.46999999999998,5,40000,18,0
8491,La Cruz,Sinaloa,M,M,1,107.43999999999998,6,20000,78,0
8892,Woodburn,OR,S,M,0,107.40999999999998,7,60000,86,0
568,San Andres,DF,S,M,0,107.37,7,40000,34,1
3730,Newton,BC,M,M,3,107.31000000000004,7,20000,72,0
6353,Grossmont,CA,M,M,2,107.29,3,40000,69,0
1802,Yakima,WA,M,F,0,107.21000000000002,6,60000,55,1
9014,Lebanon,OR,S,F,0,107.2,8,60000,83,0
5290,Langley,BC,S,M,0,107.11,6,40000,49,0
4399,Vancouver,BC,S,F,0,107.07999999999998,6,60000,33,1
2686,Lake Oswego,OR,M,F,0,107.06,5,20000,73,0
7839,N. Vancouver,BC,M,M,3,107.05,4,20000,24,0
6417,San Gabriel,CA,S,M,0,107,4,20000,36,0
2426,Tacoma,WA,S,M,0,106.94,6,100000,74,1
300,Port Hammond,BC,M,M,0,106.87,5,40000,88,0
9978,Tixapan,DF,S,F,0,106.82,8,40000,66,0
8283,Olympia,WA,M,M,0,106.73000000000002,6,140000,23,0
4797,Ladner,BC,M,M,2,106.70000000000005,6,40000,60,0
4341,Lake Oswego,OR,M,M,1,106.48,3,40000,88,0
6997,Corvallis,OR,M,F,2,106.41999999999996,7,140000,83,0
7595,Chula Vista,CA,M,M,2,106.39,5,40000,49,0
7360,San Andres,DF,S,F,0,106.33,5,40000,69,1
2617,Albany,OR,S,M,0,106.33,3,80000,41,0
4364,Olympia,WA,S,M,0,106.12,5,60000,35,0
1235,Oregon City,OR,S,M,0,106.11,5,40000,78,0
3002,Santa Anita,DF,S,M,0,106.09,7,120000,69,0
8627,Port Hammond,BC,S,F,0,106.07,6,20000,21,0
8476,Downey,CA,M,M,4,106.06,5,40000,25,0
4881,Corvallis,OR,M,M,3,106.04000000000002,7,60000,35,0
346,Salem,OR,M,M,0,105.96999999999998,7,40000,33,1
1466,Burien,WA,S,M,0,105.94,5,60000,19,0
1298,Puyallup,WA,S,F,0,105.93,7,40000,44,0
4556,Corvallis,OR,S,M,0,105.89,6,40000,52,0
3177,La Cruz,Sinaloa,M,M,1,105.83,6,60000,76,0
8994,Puyallup,WA,M,M,3,105.72,8,100000,44,0
9448,Woodburn,OR,M,F,3,105.67000000000002,5,120000,49,0
246,Lincoln Acres,CA,S,M,0,105.64,4,40000,74,0
5206,Lebanon,OR,S,M,0,105.57,6,20000,57,0
2365,Langley,BC,S,M,0,105.53,5,40000,70,0
694,Portland,OR,M,M,3,105.48,7,20000,73,1
8644,Lebanon,OR,M,M,2,105.46,7,40000,48,0
7443,San Andres,DF,M,M,1,105.44000000000004,7,40000,51,1
569,Yakima,WA,S,F,0,105.4,5,140000,79,1
9415,Issaquah,WA,M,F,1,105.39,5,120000,30,0
1869,Milwaukie,OR,S,F,0,105.38,6,60000,19,0
1826,West Covina,CA,S,M,0,105.24,4,40000,43,0
5488,Santa Anita,DF,S,F,0,105.14,5,60000,75,0
2071,Portland,OR,S,F,0,105.12999999999998,5,40000,73,1
244,Merida,Yucatan,M,F,3,105.09,6,60000,53,1
645,Portland,OR,S,M,0,105.01,6,60000,55,1
5106,Beaverton,OR,S,M,0,104.99,6,20000,77,0
9461,Puyallup,WA,S,M,0,104.81000000000004,7,20000,34,0
2178,Issaquah,WA,M,M,0,104.81000000000002,6,20000,63,0
6289,Beverly Hills,CA,S,M,0,104.64,6,60000,81,1
423,Burnaby,BC,S,F,0,104.62000000000002,6,20000,50,0
3291,Beverly Hills,CA,M,M,0,104.57,5,40000,39,1
819,Corvallis,OR,S,M,0,104.56,8,40000,74,0
5986,Mexico City,Mexico,M,M,4,104.47,6,80000,31,1
7750,Edmonds,WA,M,F,0,104.38,4,40000,71,0
4631,Newton,BC,S,M,0,104.35000000000002,4,40000,21,0
1763,Beaverton,OR,M,M,2,104.31000000000002,5,60000,37,0
5627,Tixapan,DF,S,M,0,104.18,6,140000,25,0
1227,Westminster,BC,M,M,0,104.08,8,60000,42,0
1438,Portland,OR,S,F,0,104.07999999999998,3,20000,67,1
2021,Tixapan,DF,M,M,1,104.03,6,140000,50,0
7412,Port Hammond,BC,M,F,3,103.97999999999998,5,40000,41,0
6424,Burbank,CA,S,F,0,103.97,5,80000,81,0
5167,Spring Valley,CA,S,F,0,103.90000000000002,4,20000,22,0
3342,Santa Fe,DF,M,F,1,103.81,5,20000,77,0
6607,Lebanon,OR,S,M,0,103.8,5,40000,36,0
5593,Albany,OR,S,M,0,103.79,4,40000,32,0
9611,Everett,WA,S,F,0,103.62999999999997,5,40000,24,0
4726,W. Linn,OR,M,M,1,103.6,5,20000,18,0
7523,Downey,CA,M,M,4,103.49,4,40000,32,0
6948,El Cajon,CA,S,M,0,103.39,4,20000,85,0
6027,Acapulco,Guerrero,M,M,0,103.36,5,60000,51,1
6416,La Cruz,Sinaloa,M,F,0,103.34000000000002,7,60000,73,0
397,San Andres,DF,M,M,1,103.34,5,40000,33,1
2539,Burnaby,BC,M,M,4,103.28,4,40000,85,0
7835,Salem,OR,M,F,3,103.21,6,60000,63,1
1669,Beaverton,OR,M,F,5,103.20000000000002,5,40000,29,0
477,Burien,WA,M,F,0,103.19,4,40000,36,0
2638,Woodburn,OR,M,F,2,103.16,8,60000,26,0
1375,Burien,WA,M,F,2,103.11,4,40000,45,0
9167,Milwaukie,OR,S,F,0,103.11,3,120000,78,0
5956,Walla Walla,WA,S,M,0,102.93000000000002,9,40000,81,1
1041,Oregon City,OR,S,M,0,102.88,5,60000,21,0
6257,Shawnee,BC,S,F,0,102.77,4,40000,23,0
9059,Tixapan,DF,M,M,0,102.73000000000002,5,40000,24,0
6039,Lebanon,OR,M,F,1,102.7,5,80000,53,0
5047,W. Linn,OR,M,M,2,102.7,6,40000,58,0
9719,W. Linn,OR,S,F,0,102.66,3,40000,59,0
10214,Pomona,CA,M,F,2,102.61,5,150000,78,0
7056,Port Orchard,WA,M,F,1,102.56,8,20000,27,0
9788,Lebanon,OR,M,F,0,102.55999999999996,4,120000,80,0
7727,Milwaukie,OR,S,M,0,102.53,5,40000,88,0
7872,Westminster,BC,S,F,0,102.51999999999998,4,60000,59,0
87,N. Vancouver,BC,S,F,0,102.4,4,80000,49,0
1511,Lake Oswego,OR,M,M,2,102.39999999999998,7,20000,49,0
7003,Kirkland,WA,S,F,0,102.27999999999996,4,40000,71,0
545,Salem,OR,S,F,0,102.26000000000002,6,140000,68,1
9952,Vancouver,BC,M,M,0,102.22000000000004,5,120000,78,1
5221,San Andres,DF,M,F,0,102.18,6,40000,58,1
2716,Salem,OR,M,F,2,102.17000000000002,3,40000,73,1
8263,Milwaukie,OR,S,M,0,102.1,6,20000,28,0
9669,Mexico City,Mexico,S,M,0,102.06000000000002,8,150000,83,1
8850,Beaverton,OR,M,F,1,101.91999999999996,5,40000,62,0
3819,Yakima,WA,S,M,0,101.90999999999998,4,60000,43,1
1626,Salem,OR,M,M,0,101.87,9,140000,73,1
4384,Mexico City,Mexico,S,F,0,101.85000000000002,9,100000,81,1
8381,Port Hammond,BC,S,F,0,101.76999999999998,4,120000,21,0
6962,Santa Anita,DF,S,F,0,101.72000000000004,7,60000,83,0
7779,Santa Anita,DF,M,M,3,101.67,6,20000,62,0
4921,Mexico City,Mexico,M,F,1,101.57999999999996,6,60000,57,1
2464,Port Hammond,BC,S,F,0,101.42,4,60000,62,0
4429,La Cruz,Sinaloa,S,M,0,101.34,8,40000,84,0
1575,Lebanon,OR,M,M,2,101.32999999999998,5,20000,64,0
9825,Salem,OR,S,F,0,101.31,6,100000,33,1
7342,San Andres,DF,M,M,1,101.31,5,60000,68,1
7355,Salem,OR,S,M,0,101.24999999999996,5,20000,77,1
5029,Tixapan,DF,M,M,2,101.24000000000002,5,80000,32,0
4120,Burien,WA,S,M,0,101.24,5,60000,21,0
6659,Ballard,WA,M,F,2,101.23999999999998,4,20000,22,0
352,W. Linn,OR,M,F,0,101.21999999999998,6,80000,58,0
5786,Lebanon,OR,M,M,2,101.17,4,20000,53,0
3104,Portland,OR,S,M,0,101.16,6,40000,60,1
1917,Yakima,WA,M,M,0,101.16,6,80000,40,1
4499,Lebanon,OR,M,M,4,101.09,6,140000,26,0
2457,Langley,BC,S,F,0,101.08,6,120000,72,0
2516,Newton,BC,M,M,1,101.02999999999996,4,120000,35,0
6181,Portland,OR,M,M,4,101.02,5,40000,59,1
4779,Salem,OR,S,M,0,100.95,4,140000,61,1
4304,Issaquah,WA,S,F,0,100.95,4,150000,28,0
5083,Ladner,BC,M,F,0,100.82999999999996,5,40000,64,0
152,Ballard,WA,S,F,0,100.73999999999997,6,150000,45,0
141,Santa Anita,DF,M,M,3,100.73,7,20000,59,0
4737,Newton,BC,M,F,0,100.71,4,60000,67,0
8471,Lincoln Acres,CA,M,F,0,100.64,4,140000,76,0
3370,Burbank,CA,S,F,0,100.61999999999998,4,140000,56,0
2880,Newton,BC,M,F,2,100.54999999999995,5,40000,25,0
5204,Yakima,WA,M,F,1,100.51999999999998,6,80000,65,1
2699,Lincoln Acres,CA,M,F,2,100.48,4,40000,22,0
2640,Downey,CA,M,M,4,100.47,5,40000,28,0
4819,Santa Monica,CA,S,F,0,100.43,5,20000,26,0
5668,Glendale,CA,S,M,0,100.31,5,40000,37,0
8843,Corvallis,OR,S,M,0,100.27,4,40000,51,0
3759,Lebanon,OR,S,F,0,100.27,6,40000,21,0
6770,Langley,BC,S,F,0,100.23,4,20000,47,0
4870,Vancouver,BC,S,M,0,100.2,4,40000,25,1
8659,Woodburn,OR,M,M,3,100.19,5,40000,87,0
5242,N. Vancouver,BC,M,F,1,100.18,6,60000,36,0
2251,Corvallis,OR,M,M,0,100.18,5,40000,70,0
3963,Ladner,BC,S,M,0,100.14,5,60000,39,0
7609,Beaverton,OR,S,F,0,100.07,4,20000,33,0
1469,Lemon Grove,CA,M,F,5,100.05,4,20000,42,0
1214,W. Linn,OR,M,M,2,100.04999999999995,5,40000,65,0
10278,N. Vancouver,BC,M,F,0,100.04000000000003,4,40000,72,0
8474,La Cruz,Sinaloa,M,F,1,100.04000000000002,6,80000,51,0
7379,Woodland Hills,CA,S,M,0,100.02,5,60000,51,0
7966,Langley,BC,M,F,3,99.96999999999996,5,20000,64,0
5871,Redmond,WA,M,F,2,99.86999999999998,5,40000,79,0
10134,Imperial Beach,CA,M,F,1,99.81,4,20000,47,0
9678,Cliffside,BC,S,F,0,99.69,4,150000,23,0
9696,W. Linn,OR,S,M,0,99.67000000000002,5,60000,36,0
7641,Salem,OR,M,F,1,99.61,3,60000,37,1
3303,Westminster,BC,S,F,0,99.57,4,60000,49,0
136,Lynnwood,WA,M,M,3,99.55,5,150000,42,0
9306,National City,CA,M,M,4,99.54,5,60000,35,0
1499,Albany,OR,S,F,0,99.43999999999996,6,20000,39,0
4555,Beaverton,OR,S,M,0,99.34,5,40000,42,0
5095,West Covina,CA,M,F,3,99.3,3,40000,85,0
5347,Woodland Hills,CA,S,F,0,99.29,5,150000,48,0
8410,Lebanon,OR,S,M,0,99.24,5,40000,81,0
301,Coronado,CA,M,F,5,99.24,5,40000,20,0
504,Albany,OR,S,F,0,99.17999999999998,6,20000,52,0
2733,Ladner,BC,M,M,1,99.15,6,40000,58,0
9206,Olympia,WA,S,M,0,99.08,8,40000,21,0
771,Renton,WA,S,M,0,99.07,5,60000,23,0
6988,Bellflower,CA,M,F,0,98.96999999999998,4,60000,80,0
1058,Altadena,CA,S,F,0,98.95999999999998,5,120000,63,0
6433,Kirkland,WA,S,F,0,98.95,5,20000,85,0
8488,Ladner,BC,S,M,0,98.93,5,40000,65,0
6146,Renton,WA,M,F,1,98.9,4,60000,19,0
9065,Woodburn,OR,M,F,1,98.87,4,60000,49,0
1929,Newton,BC,S,F,0,98.8,8,40000,20,0
4679,Burnaby,BC,S,M,0,98.79,4,80000,84,0
5876,Tixapan,DF,S,M,0,98.78000000000002,4,20000,66,0
6854,Puyallup,WA,S,M,0,98.76000000000002,7,100000,72,0
7294,Glendale,CA,M,F,0,98.75999999999998,5,20000,37,0
9244,Mexico City,Mexico,M,M,3,98.75,7,20000,65,1
5746,Ballard,WA,S,F,0,98.67,5,80000,85,0
4878,La Cruz,Sinaloa,S,F,0,98.58,10,40000,70,0
162,Ladner,BC,M,F,1,98.58,4,40000,35,0
5858,Oregon City,OR,S,M,0,98.56000000000002,7,40000,82,0
9198,Port Hammond,BC,M,M,1,98.54999999999998,5,120000,73,0
3102,La Jolla,CA,S,M,0,98.51,4,20000,64,0
783,Beaverton,OR,S,M,0,98.43,6,40000,22,0
6931,Tixapan,DF,M,F,0,98.33,8,60000,81,0
6030,Haney,BC,S,F,0,98.32000000000002,6,40000,20,0
10026,Salem,OR,S,F,0,98.31,8,20000,85,1
5803,Mexico City,Mexico,S,F,0,98.28,5,40000,62,1
6201,Everett,WA,M,F,3,98.24,4,40000,32,0
3946,Newport Beach,CA,M,F,3,98.2,5,120000,78,0
4046,Westminster,BC,S,F,0,98.16,5,80000,73,0
6230,Haney,BC,S,F,0,98.08999999999996,5,120000,47,0
3499,Albany,OR,M,F,1,98.06999999999998,5,140000,87,0
2649,Santa Anita,DF,M,F,0,97.86,6,20000,52,0
9444,Ladner,BC,S,M,0,97.79,3,20000,23,0
144,Westminster,BC,S,M,0,97.73,8,20000,34,0
7940,Corvallis,OR,M,F,0,97.72,6,40000,53,0
6956,Woodburn,OR,M,F,2,97.71,8,40000,82,0
446,Woodburn,OR,S,F,0,97.69,6,40000,77,0
7606,Milwaukie,OR,S,M,0,97.69,4,60000,58,0
6163,Corvallis,OR,S,F,0,97.65,4,60000,76,0
487,Beverly Hills,CA,S,F,0,97.64,4,40000,28,1
3784,San Andres,DF,M,F,0,97.62000000000002,6,40000,69,1
9451,Everett,WA,M,F,1,97.56000000000002,4,40000,32,0
2863,Olympia,WA,M,M,0,97.52999999999996,6,80000,67,0
6014,Burbank,CA,M,F,0,97.48000000000002,5,60000,57,0
1712,Port Hammond,BC,M,M,1,97.42,6,60000,56,0
2515,Burbank,CA,M,M,2,97.39,5,40000,39,0
5252,Vancouver,BC,M,F,0,97.36,4,40000,24,1
7580,Tacoma,WA,S,F,0,97.34000000000002,6,120000,26,1
8206,Yakima,WA,S,M,0,97.17000000000002,3,140000,83,1
808,Burien,WA,S,M,0,97.16,4,80000,81,0
481,Spring Valley,CA,M,M,1,97.16,3,40000,86,0
306,Langley,BC,M,M,1,97.14,7,60000,75,0
972,Langford,BC,S,M,0,97.12999999999998,4,100000,65,0
3377,San Andres,DF,M,F,4,97.08,4,60000,31,1
4892,Olympia,WA,S,M,0,97.07,5,40000,28,0
405,Bellflower,CA,S,F,0,97.05,5,40000,79,0
3850,Downey,CA,S,M,0,97.05,4,40000,20,0
3435,Milwaukie,OR,S,M,0,97.03999999999996,4,20000,28,0
5451,Oregon City,OR,S,F,0,97.01,3,80000,65,0
8173,Renton,WA,S,F,0,96.95,3,40000,76,0
5759,Newton,BC,M,F,4,96.93,3,80000,29,0
2752,Richmond,BC,S,F,0,96.85000000000002,6,140000,45,0
8813,San Andres,DF,M,F,0,96.84999999999998,6,40000,79,1
4836,Lake Oswego,OR,S,M,0,96.83000000000004,7,60000,37,0
5304,Everett,WA,M,F,1,96.82,5,120000,75,0
6207,Long Beach,CA,M,M,0,96.75,6,40000,68,0
10016,Burnaby,BC,M,M,4,96.69,6,40000,62,0
399,Burbank,CA,M,M,1,96.68,4,60000,68,0
7514,Olympia,WA,M,M,2,96.62,8,40000,58,0
1526,Port Hammond,BC,M,M,3,96.6,4,40000,77,0
3854,Corvallis,OR,S,M,0,96.54,7,100000,29,0
5199,W. Linn,OR,M,F,4,96.51000000000002,5,150000,84,0
5301,Newport Beach,CA,M,F,2,96.5,5,80000,32,0
6774,San Andres,DF,M,M,1,96.47,4,60000,51,1
2584,National City,CA,M,F,0,96.46,4,40000,81,0
8897,Milwaukie,OR,S,M,0,96.41,4,60000,43,0
7109,Portland,OR,S,M,0,96.37999999999998,4,60000,59,1
6402,Burnaby,BC,S,F,0,96.28999999999998,4,20000,62,0
8515,Ladner,BC,M,M,0,96.27,4,60000,33,0
4682,Edmonds,WA,M,M,2,96.19,4,40000,31,0
632,Vancouver,BC,M,M,0,96.18999999999996,5,150000,18,1
8373,Albany,OR,S,F,0,96.17999999999998,6,60000,24,0
5203,Beverly Hills,CA,M,M,0,96.07,5,60000,77,1
1073,Salem,OR,S,M,0,96.04999999999998,5,40000,37,1
7444,Woodburn,OR,S,M,0,96.04000000000002,6,120000,39,0
7148,Everett,WA,M,M,5,96.01000000000002,4,20000,61,0
5270,Santa Fe,DF,M,M,1,96,7,40000,42,0
6598,Beaverton,OR,S,F,0,95.97999999999996,5,140000,61,0
10015,Tacoma,WA,M,F,1,95.97,6,140000,25,1
5384,Westminster,BC,S,F,0,95.95,6,40000,76,0
2432,Vancouver,BC,M,M,0,95.95,5,60000,64,1
5159,N. Vancouver,BC,M,M,0,95.88,6,140000,51,0
1883,Seattle,WA,M,M,1,95.83,4,80000,22,1
6970,San Gabriel,CA,M,M,2,95.82,4,40000,25,0
154,Lebanon,OR,S,F,0,95.8,4,60000,82,0
3979,Woodburn,OR,S,M,0,95.70000000000002,6,40000,28,0
2239,San Andres,DF,M,M,2,95.63,6,40000,34,1
1159,W. Linn,OR,S,F,0,95.57,4,40000,47,0
2012,Westminster,BC,M,F,2,95.56,5,120000,21,0
494,Haney,BC,S,F,0,95.51000000000002,6,140000,58,0
1891,Mexico City,Mexico,S,M,0,95.39,7,20000,71,1
6793,Burbank,CA,M,F,3,95.3,4,80000,27,0
6444,Tixapan,DF,S,M,0,95.29000000000002,5,20000,80,0
4431,Woodburn,OR,S,F,0,95.24,5,140000,41,0
615,Shawnee,BC,M,F,2,95.23,4,60000,53,0
8964,Haney,BC,M,M,4,95.21,4,80000,71,0
4959,Albany,OR,S,F,0,95.20000000000002,6,80000,54,0
7939,Tixapan,DF,S,M,0,95.1,8,40000,20,0
2893,Spring Valley,CA,M,F,1,95.09,5,80000,36,0
2795,Los Angeles,CA,M,M,2,95.04,5,20000,83,1
8663,Salem,OR,S,M,0,95.01,7,60000,61,1
531,Tixapan,DF,M,M,2,94.98,6,20000,21,0
4937,Burnaby,BC,M,M,0,94.97,4,20000,40,0
8259,Redmond,WA,M,F,0,94.95,7,20000,61,0
9089,Tixapan,DF,M,M,0,94.94,9,60000,40,0
5077,Richmond,BC,M,M,0,94.92,6,40000,19,0
7763,Oregon City,OR,M,M,0,94.85,3,20000,61,0
2200,Pomona,CA,S,M,0,94.83,5,60000,42,0
8439,Salem,OR,M,F,4,94.73,4,100000,68,1
7316,N. Vancouver,BC,M,M,0,94.73,4,80000,38,0
863,Tacoma,WA,M,M,0,94.65,7,80000,41,1
7558,Corvallis,OR,S,M,0,94.61,6,80000,23,0
5555,Walla Walla,WA,M,F,4,94.56000000000002,6,20000,51,1
5258,Santa Anita,DF,M,M,0,94.56000000000002,6,20000,57,0
1052,Glendale,CA,M,F,1,94.56000000000002,4,40000,34,0
6736,Olympia,WA,S,F,0,94.53999999999996,6,100000,84,0
5968,Beverly Hills,CA,M,F,0,94.46,4,20000,41,1
822,Newton,BC,S,F,0,94.46,4,20000,69,0
6843,Kirkland,WA,M,M,2,94.45999999999997,5,150000,35,0
2511,Puyallup,WA,M,M,0,94.45,6,40000,34,0
9266,San Gabriel,CA,M,F,1,94.4,4,20000,67,0
9469,Olympia,WA,S,F,0,94.36,6,20000,31,0
6722,N. Vancouver,BC,S,M,0,94.35,5,80000,82,0
7604,Mexico City,Mexico,M,M,2,94.31,6,100000,67,1
1350,Newton,BC,M,M,3,94.24,4,60000,19,0
1957,Lebanon,OR,M,M,2,94.12,3,140000,56,0
3196,Albany,OR,S,M,0,94.11,6,60000,50,0
2390,Puyallup,WA,M,F,3,93.99,8,40000,54,0
2271,Long Beach,CA,S,M,0,93.94,4,60000,48,0
3785,Richmond,BC,S,M,0,93.92,4,40000,48,0
8893,Downey,CA,S,M,0,93.91,3,20000,54,0
320,Mexico City,Mexico,M,F,0,93.81,7,140000,26,1
3644,Richmond,BC,S,F,0,93.80000000000004,4,40000,44,0
9101,Los Angeles,CA,S,M,0,93.76,5,40000,60,1
1555,Imperial Beach,CA,M,F,2,93.73,5,20000,55,0
60,Langley,BC,S,M,0,93.71,4,40000,84,0
1407,Newport Beach,CA,M,M,1,93.66,7,100000,54,0
8862,Oregon City,OR,S,M,0,93.64,5,40000,38,0
7100,Puyallup,WA,M,F,3,93.51,7,20000,24,0
2107,Mexico City,Mexico,S,F,0,93.51,6,80000,34,1
506,Langley,BC,S,F,0,93.49000000000004,4,80000,19,0
4888,Vancouver,BC,S,M,0,93.43,5,20000,40,1
4766,San Andres,DF,M,F,1,93.42,5,40000,54,1
8139,Beaverton,OR,S,M,0,93.34,5,60000,74,0
3101,Beaverton,OR,M,M,3,93.33,5,80000,72,0
4176,Spring Valley,CA,M,M,2,93.31,4,120000,83,0
8723,Westminster,BC,M,M,1,93.31,3,40000,33,0
9697,Yakima,WA,M,F,2,93.3,6,20000,37,1
8490,La Mesa,CA,S,M,0,93.17,4,80000,32,0
4603,Westminster,BC,S,M,0,93.16,5,60000,36,0
3695,Salem,OR,M,M,3,93.14,7,60000,25,1
8387,Richmond,BC,S,M,0,93.14,5,40000,47,0
489,Acapulco,Guerrero,M,M,1,93.11,6,80000,68,1
3596,Milwaukie,OR,M,M,0,93.07,5,80000,67,0
2158,Lake Oswego,OR,M,M,3,93.06,5,20000,74,0
8146,Milwaukie,OR,M,F,0,93.02,5,120000,73,0
2420,Renton,WA,M,F,0,93,5,80000,34,0
4258,Long Beach,CA,M,M,4,92.95,4,60000,67,0
1832,Yakima,WA,S,F,0,92.91,5,20000,20,1
6480,Coronado,CA,M,F,0,92.90000000000002,4,140000,43,0
9368,Renton,WA,M,F,1,92.89,4,40000,26,0
1116,Richmond,BC,S,M,0,92.86,4,120000,61,0
1187,Albany,OR,S,M,0,92.8,5,40000,21,0
2698,Kirkland,WA,M,M,2,92.79,5,40000,26,0
3039,Newport Beach,CA,S,M,0,92.78000000000002,3,20000,88,0
7224,Long Beach,CA,M,M,1,92.73000000000002,5,60000,88,0
634,Acapulco,Guerrero,M,M,1,92.71999999999996,8,20000,55,1
5659,Langley,BC,M,F,0,92.65,4,80000,57,0
5687,Port Hammond,BC,S,M,0,92.64,4,60000,78,0
1866,Port Hammond,BC,M,F,1,92.63,5,40000,33,0
3209,Haney,BC,S,M,0,92.51999999999998,4,20000,42,0
7206,Santa Monica,CA,S,F,0,92.48,4,140000,48,0
4372,Lebanon,OR,S,F,0,92.46999999999998,4,60000,48,0
9905,Vancouver,BC,M,F,1,92.44,5,40000,27,1
8389,Los Angeles,CA,M,M,4,92.42,4,40000,19,1
5619,Spring Valley,CA,M,F,2,92.28,3,20000,30,0
2039,W. Linn,OR,S,F,0,92.28,4,40000,48,0
8886,Milwaukie,OR,S,M,0,92.24,4,150000,46,0
3319,Lake Oswego,OR,S,M,0,92.19,4,20000,52,0
6864,Kirkland,WA,M,F,1,92.17,4,20000,50,0
9561,N. Vancouver,BC,S,F,0,92.13,5,40000,78,0
524,Glendale,CA,S,F,0,92.07,4,20000,56,0
5473,Chula Vista,CA,S,F,0,92.05,3,20000,41,0
4948,Woodburn,OR,M,M,4,92.04,5,20000,62,0
8977,Beverly Hills,CA,M,M,0,92.01,5,60000,74,1
1742,Newton,BC,M,F,1,91.93,3,40000,70,0
7243,Lebanon,OR,S,F,0,91.89,7,80000,64,0
6127,Ladner,BC,M,F,2,91.81,6,80000,27,0
3681,Lebanon,OR,M,F,2,91.78000000000002,4,20000,66,0
2024,Portland,OR,M,F,0,91.73,7,40000,60,1
9297,Salem,OR,M,F,0,91.66,6,80000,47,1
140,La Mesa,CA,M,M,1,91.59999999999998,5,20000,51,0
3087,Glendale,CA,S,M,0,91.59000000000002,5,80000,86,0
930,Puyallup,WA,M,F,0,91.59000000000002,5,60000,78,0
9162,Lebanon,OR,M,M,2,91.57,5,60000,77,0
2366,West Covina,CA,M,F,3,91.54,3,20000,56,0
2502,National City,CA,M,F,1,91.49,5,20000,56,0
7519,Lemon Grove,CA,M,F,1,91.37,5,60000,27,0
6208,Tacoma,WA,M,F,0,91.34999999999997,8,20000,29,1
7863,Santa Anita,DF,M,F,5,91.33,7,60000,68,0
1353,Mexico City,Mexico,M,F,0,91.29,6,100000,40,1
7189,Corvallis,OR,S,F,0,91.24,6,60000,66,0
4405,Lebanon,OR,S,F,0,91.22,6,60000,73,0
1970,Bremerton,WA,S,F,0,91.21,9,40000,73,1
8247,Glendale,CA,S,M,0,91.19,7,60000,39,0
1599,Downey,CA,S,F,0,91.18,5,20000,53,0
3998,Langley,BC,M,F,2,91.17,2,40000,66,0
2693,Edmonds,WA,M,F,2,91.01999999999995,4,40000,84,0
3016,Ladner,BC,S,F,0,90.99999999999996,4,20000,61,0
7359,Corvallis,OR,M,F,1,90.97000000000004,7,20000,38,0
6779,Tixapan,DF,S,M,0,90.97,5,80000,31,0
5340,Beaverton,OR,M,F,2,90.96,7,60000,60,0
9997,Olympia,WA,M,F,2,90.93000000000002,5,20000,21,0
3532,Downey,CA,M,F,4,90.92,4,20000,35,0
7306,Burbank,CA,S,F,0,90.9,4,40000,60,0
5435,Torrance,CA,M,M,5,90.9,4,40000,58,0
7494,Issaquah,WA,M,F,1,90.87,4,40000,46,0
3485,San Gabriel,CA,S,F,0,90.82999999999998,4,80000,38,0
3974,N. Vancouver,BC,S,F,0,90.8,5,40000,80,0
7388,Lemon Grove,CA,S,M,0,90.76,4,80000,53,0
2188,Salem,OR,M,M,1,90.73999999999998,7,120000,43,1
8211,Portland,OR,S,F,0,90.66,5,20000,21,1
1109,Newton,BC,S,F,0,90.66,5,120000,29,0
4024,Mexico City,Mexico,M,M,0,90.65,6,40000,23,1
3371,Santa Anita,DF,S,F,0,90.58,4,60000,32,0
6785,San Andres,DF,S,F,0,90.53,3,60000,36,1
994,Albany,OR,S,M,0,90.53,6,40000,59,0
7828,W. Linn,OR,M,M,3,90.52000000000002,5,60000,32,0
9808,N. Vancouver,BC,S,M,0,90.51000000000002,5,40000,87,0
8995,Sooke,BC,M,F,0,90.46,4,140000,36,0
8340,Lakewood,CA,M,F,0,90.38,5,140000,42,0
5658,Oregon City,OR,S,F,0,90.36,5,40000,49,0
2215,W. Linn,OR,S,F,0,90.18000000000002,5,140000,71,0
4135,W. Linn,OR,S,F,0,90.12999999999997,6,20000,87,0
2352,Beaverton,OR,M,F,1,90.06,4,100000,65,0
1429,Lebanon,OR,S,F,0,90.02,5,40000,36,0
6396,Edmonds,WA,M,F,0,89.96000000000001,2,120000,67,0
1620,Haney,BC,M,F,0,89.8,6,80000,34,0
2194,West Covina,CA,M,M,0,89.79,4,40000,74,0
7182,Salem,OR,S,F,0,89.78000000000003,7,20000,80,1
1250,Kirkland,WA,M,M,4,89.73999999999998,4,60000,52,0
9833,Santa Anita,DF,S,M,0,89.72999999999999,5,40000,36,0
5000,W. Linn,OR,S,F,0,89.68,4,40000,27,0
6488,Salem,OR,S,F,0,89.64999999999999,7,20000,51,1
2987,Marysville,WA,S,M,0,89.64999999999999,5,40000,81,0
3490,Lebanon,OR,M,F,1,89.57000000000002,7,20000,59,0
1431,Port Hammond,BC,S,M,0,89.54999999999997,5,150000,25,0
8793,Beverly Hills,CA,S,M,0,89.5,4,60000,51,1
1890,El Cajon,CA,M,M,3,89.49,3,60000,59,0
5855,Lebanon,OR,S,F,0,89.47999999999999,5,60000,82,0
7368,W. Linn,OR,S,F,0,89.46,4,60000,38,0
1520,Port Hammond,BC,M,M,1,89.39,6,20000,86,0
3654,La Jolla,CA,M,F,2,89.36999999999999,5,40000,55,0
3653,Acapulco,Guerrero,S,F,0,89.25999999999999,6,20000,21,1
5568,Yakima,WA,M,M,2,89.24999999999999,7,40000,79,1
858,Westminster,BC,M,F,1,89.23000000000002,5,60000,35,0
5998,Santa Anita,DF,M,M,2,89.22,9,120000,52,0
6555,Mexico City,Mexico,S,M,0,89.13999999999999,3,60000,68,1
7464,Beaverton,OR,S,F,0,89.12000000000002,2,40000,20,0
4558,Burbank,CA,M,F,3,89.07,5,80000,70,0
2664,Tacoma,WA,S,F,0,88.99999999999999,7,60000,76,1
3070,Santa Monica,CA,M,M,1,88.92000000000002,4,40000,51,0
4736,Albany,OR,M,M,2,88.90999999999998,6,20000,60,0
8296,Beverly Hills,CA,M,M,3,88.89000000000001,3,20000,47,1
2482,Salem,OR,M,F,4,88.82999999999998,7,40000,21,1
2257,N. Vancouver,BC,S,M,0,88.8,7,40000,65,0
10,Lake Oswego,OR,S,M,0,88.78999999999998,5,40000,49,0
1035,Corvallis,OR,M,M,0,88.78000000000002,7,120000,79,0
7245,Burnaby,BC,M,F,0,88.77999999999999,5,80000,68,0
4019,Beaverton,OR,S,F,0,88.72999999999999,4,40000,73,0
5723,Kirkland,WA,M,F,1,88.72,3,80000,39,0
1337,Puyallup,WA,S,M,0,88.65999999999997,6,80000,36,0
9747,Corvallis,OR,S,M,0,88.58000000000001,5,40000,66,0
1195,Oregon City,OR,S,F,0,88.54999999999998,6,20000,40,0
1152,Beverly Hills,CA,M,M,2,88.54000000000002,4,40000,37,1
2973,Kirkland,WA,S,M,0,88.53999999999999,6,60000,71,0
9182,Downey,CA,S,M,0,88.51,4,120000,68,0
1171,Mexico City,Mexico,S,F,0,88.49999999999999,7,60000,72,1
5896,Burbank,CA,S,F,0,88.42999999999999,3,100000,66,0
8617,Puyallup,WA,M,F,0,88.42,4,20000,60,0
5722,Langford,BC,M,M,2,88.38000000000001,4,100000,31,0
1432,W. Linn,OR,S,M,0,88.28000000000002,4,20000,72,0
7628,Santa Fe,DF,S,M,0,88.25999999999999,4,20000,51,0
2581,San Gabriel,CA,M,M,1,88.16999999999999,4,40000,72,0
6760,Olympia,WA,M,F,2,88.160000000000025,8,60000,51,0
4216,Langley,BC,M,F,1,88.14,4,20000,74,0
3616,Westminster,BC,M,M,4,88.14,4,60000,74,0
7457,Salem,OR,S,M,0,88.11999999999999,8,20000,77,1
7690,Newport Beach,CA,S,M,0,88.04,4,20000,37,0
9159,Everett,WA,M,F,1,87.95,5,40000,49,0
8188,W. Linn,OR,M,F,2,87.90000000000002,6,40000,39,0
1572,Beaverton,OR,M,M,4,87.86999999999998,3,60000,54,0
7082,N. Vancouver,BC,S,F,0,87.85000000000001,5,40000,21,0
5428,Renton,WA,M,M,2,87.83999999999999,4,140000,75,0
2123,Haney,BC,M,M,0,87.78999999999999,5,60000,26,0
650,Beaverton,OR,S,M,0,87.75999999999998,6,80000,50,0
741,Imperial Beach,CA,M,M,1,87.72999999999999,4,40000,84,0
4861,Burbank,CA,S,M,0,87.67,4,60000,63,0
10070,Lebanon,OR,M,F,2,87.60000000000002,3,60000,35,0
10233,Coronado,CA,M,M,0,87.59,5,60000,28,0
5427,Mexico City,Mexico,S,F,0,87.57999999999998,6,100000,23,1
4936,Santa Anita,DF,S,M,0,87.54999999999998,7,80000,61,0
10185,Burnaby,BC,S,M,0,87.54,3,40000,25,0
6897,Torrance,CA,M,F,2,87.51,3,150000,34,0
4941,Port Hammond,BC,S,M,0,87.5,3,20000,55,0
4051,La Mesa,CA,M,F,0,87.5,5,20000,81,0
8195,Long Beach,CA,S,F,0,87.39000000000001,5,80000,20,0
898,Santa Monica,CA,M,F,0,87.38000000000001,5,60000,63,0
3001,Woodburn,OR,M,F,0,87.36999999999999,6,40000,79,0
8621,Burnaby,BC,M,F,1,87.27,5,80000,75,0
8270,Newport Beach,CA,S,F,0,87.27,3,20000,62,0
9509,Burbank,CA,M,M,3,87.21,4,140000,30,0
6222,San Andres,DF,S,M,0,87.20000000000002,7,100000,72,1
8737,Milwaukie,OR,M,F,2,87.2,4,20000,39,0
6169,Woodburn,OR,S,M,0,87.2,7,20000,46,0
7131,Oregon City,OR,S,M,0,87.19000000000001,5,120000,56,0
6120,Coronado,CA,M,M,0,87.16,4,60000,83,0
5207,Haney,BC,S,M,0,87.11999999999999,4,60000,44,0
4722,Glendale,CA,S,M,0,87.08000000000001,5,40000,76,0
4929,Langley,BC,M,F,0,87.02999999999999,6,80000,48,0
1952,Santa Anita,DF,M,F,1,86.99000000000002,5,40000,35,0
602,Puyallup,WA,S,F,0,86.98,5,60000,63,0
3325,Salem,OR,S,M,0,86.88,6,60000,65,1
490,Beaverton,OR,S,F,0,86.77,5,140000,34,0
1360,Albany,OR,M,M,4,86.66000000000001,5,80000,77,0
893,Lebanon,OR,M,F,3,86.6,5,80000,39,0
1815,Mexico City,Mexico,M,M,4,86.58999999999999,4,40000,57,1
7511,Langley,BC,S,M,0,86.58,4,120000,68,0
1996,Salem,OR,M,F,0,86.58,7,40000,50,1
4582,Arcadia,CA,S,M,0,86.56999999999998,4,150000,26,0
7687,Oregon City,OR,M,F,1,86.41,4,60000,20,0
4263,Spring Valley,CA,M,M,4,86.35,3,40000,25,0
1566,San Andres,DF,M,M,1,86.29,7,40000,76,1
6065,Kirkland,WA,M,F,0,86.25999999999999,3,40000,59,0
9213,Lake Oswego,OR,S,M,0,86.24000000000002,5,80000,80,0
1304,Salem,OR,S,M,0,86.22999999999999,6,60000,20,1
3995,Santa Fe,DF,M,M,0,86.22,5,40000,47,0
9755,Ladner,BC,M,M,2,86.21000000000001,5,120000,46,0
9962,Ladner,BC,S,M,0,86.12,4,20000,37,0
6328,Lynnwood,WA,M,F,0,86.1,2,80000,66,0
6776,Newton,BC,S,F,0,86.06000000000002,4,20000,86,0
6758,Beaverton,OR,M,M,3,86.06,2,40000,22,0
10192,San Gabriel,CA,M,M,2,86.02000000000001,4,80000,54,0
6531,Albany,OR,S,F,0,85.91,3,120000,59,0
8575,El Cajon,CA,S,F,0,85.9,3,20000,35,0
5708,Westminster,BC,S,F,0,85.89999999999999,4,60000,64,0
2504,San Andres,DF,M,F,1,85.83,6,60000,26,1
5335,Seattle,WA,S,M,0,85.82,3,20000,19,1
779,Ballard,WA,M,F,2,85.81000000000003,3,120000,66,0
6107,Bremerton,WA,M,F,2,85.75999999999999,6,60000,48,1
3436,Oregon City,OR,M,F,2,85.75,5,40000,32,0
9552,Beverly Hills,CA,S,M,0,85.71,6,60000,54,1
2267,Mexico City,Mexico,M,F,5,85.69,5,20000,69,1
10169,W. Linn,OR,S,M,0,85.65000000000002,3,40000,34,0
1821,Woodburn,OR,S,M,0,85.64000000000001,5,40000,84,0
2171,Yakima,WA,S,M,0,85.64,6,40000,25,1
9527,Burbank,CA,S,F,0,85.5,5,80000,22,0
830,Marysville,WA,M,M,1,85.49,4,40000,28,0
7879,Everett,WA,M,M,2,85.44000000000001,3,60000,57,0
118,Bremerton,WA,S,M,0,85.42999999999999,5,60000,85,1
5739,Portland,OR,M,M,0,85.36,5,20000,62,1
9943,Altadena,CA,S,M,0,85.35,6,40000,23,0
9973,Long Beach,CA,S,M,0,85.28999999999999,5,20000,22,0
4842,West Covina,CA,M,M,0,85.19999999999997,4,40000,70,0
9460,Tixapan,DF,M,M,1,85.16000000000001,3,140000,50,0
5147,Salem,OR,S,F,0,85.01,4,40000,61,1
5967,La Mesa,CA,S,M,0,85.00999999999999,5,60000,41,0
6204,Corvallis,OR,M,F,5,84.94999999999999,6,120000,68,0
8483,Marysville,WA,M,F,1,84.86999999999998,4,40000,25,0
45,Renton,WA,S,M,0,84.84999999999998,3,60000,82,0
2995,Santa Anita,DF,M,M,0,84.73,4,140000,52,0
1717,Lake Oswego,OR,S,M,0,84.66000000000001,4,80000,33,0
7852,Lake Oswego,OR,M,F,0,84.63,4,80000,82,0
8376,Langley,BC,M,F,4,84.62,4,140000,66,0
4343,Richmond,BC,M,F,0,84.61999999999999,4,140000,77,0
5846,Beaverton,OR,M,M,0,84.60000000000002,4,100000,65,0
1877,Westminster,BC,M,F,0,84.58000000000001,6,80000,26,0
790,Lebanon,OR,S,M,0,84.58000000000001,5,40000,80,0
3049,W. Linn,OR,S,M,0,84.58,3,40000,49,0
810,N. Vancouver,BC,M,F,3,84.55,5,60000,42,0
9283,San Andres,DF,M,M,2,84.53999999999999,6,40000,86,1
4978,Westminster,BC,M,M,1,84.53999999999999,5,100000,48,0
1150,Downey,CA,S,M,0,84.49000000000001,3,60000,22,0
8419,Burien,WA,M,F,1,84.49,5,80000,55,0
4148,Renton,WA,S,M,0,84.44999999999999,3,20000,63,0
2838,Tixapan,DF,S,M,0,84.41,6,60000,26,0
5982,Woodburn,OR,S,M,0,84.39,6,40000,59,0
9931,Torrance,CA,M,F,3,84.38000000000001,5,60000,21,0
6923,Mexico City,Mexico,S,M,0,84.33000000000001,7,60000,46,1
8911,El Cajon,CA,M,M,2,84.30999999999999,3,20000,64,0
2252,Renton,WA,S,F,0,84.30999999999997,5,20000,80,0
1042,Oregon City,OR,M,F,1,84.29999999999997,4,80000,54,0
6709,Lake Oswego,OR,S,M,0,84.28999999999999,4,20000,69,0
4951,Renton,WA,S,M,0,84.16,4,40000,41,0
1423,Lebanon,OR,S,F,0,84.15999999999998,4,60000,66,0
2337,Altadena,CA,M,M,5,84.15,4,20000,80,0
250,Lake Oswego,OR,S,M,0,84.10000000000001,4,40000,79,0
9675,National City,CA,M,F,1,84.1,4,20000,65,0
4252,Burbank,CA,S,M,0,84.1,4,40000,53,0
8243,Lebanon,OR,S,F,0,84.05000000000001,5,60000,72,0
3380,Grossmont,CA,S,F,0,84.05,3,40000,56,0
4661,Burnaby,BC,M,F,2,84.02,5,40000,30,0
3893,El Cajon,CA,M,M,4,84.01,4,20000,77,0
6211,Langley,BC,S,M,0,83.97,4,40000,61,0
1143,Burnaby,BC,M,F,1,83.94,4,20000,20,0
9749,Richmond,BC,M,F,5,83.93,4,60000,44,0
9546,Bellflower,CA,S,M,0,83.91,5,40000,42,0
901,Corvallis,OR,S,M,0,83.8,6,20000,26,0
6365,Arcadia,CA,S,M,0,83.77,5,20000,84,0
8421,Newton,BC,S,M,0,83.72,4,60000,85,0
5747,Ballard,WA,M,F,1,83.72,5,80000,45,0
8369,Milwaukie,OR,S,F,0,83.69,3,20000,31,0
2791,Portland,OR,M,F,0,83.660000000000025,4,80000,84,1
2232,Beverly Hills,CA,S,M,0,83.60999999999999,6,20000,27,1
5951,Haney,BC,M,M,1,83.50999999999999,5,40000,68,0
1163,Guadalajara,Jalisco,M,F,2,83.49000000000001,9,20000,33,1
1089,Kirkland,WA,S,M,0,83.39,4,20000,81,0
7615,Vancouver,BC,S,M,0,83.36,6,40000,75,1
6525,Tixapan,DF,M,M,0,83.22999999999999,5,40000,35,0
1843,Victoria,BC,M,M,2,83.18999999999998,5,60000,39,1
165,Milwaukie,OR,S,M,0,83.16,4,140000,63,0
3173,Portland,OR,M,M,4,83.07,5,40000,23,1
2451,Ladner,BC,S,M,0,83.05999999999997,4,100000,44,0
3086,Renton,WA,S,M,0,83.05,3,40000,83,0
9258,Langley,BC,M,M,1,83.02,3,140000,85,0
8561,Kirkland,WA,S,M,0,82.96000000000001,3,20000,81,0
5238,Olympia,WA,S,M,0,82.89000000000003,6,20000,58,0
529,Chula Vista,CA,S,M,0,82.87000000000002,3,40000,47,0
10104,Beverly Hills,CA,M,F,4,82.85000000000002,4,20000,83,1
908,Milwaukie,OR,S,F,0,82.81000000000002,3,40000,64,0
7319,Lebanon,OR,M,M,0,82.8,5,120000,87,0
2564,Westminster,BC,M,M,4,82.78999999999999,4,80000,78,0
2625,Woodburn,OR,S,F,0,82.76999999999997,7,80000,33,0
9270,Lake Oswego,OR,M,M,4,82.76,4,20000,71,0
1370,Everett,WA,M,F,2,82.74,4,20000,46,0
8472,Puyallup,WA,S,F,0,82.73999999999998,6,40000,54,0
6542,Glendale,CA,M,M,2,82.72000000000004,3,60000,53,0
1658,Renton,WA,S,F,0,82.69999999999999,5,40000,79,0
4633,Beverly Hills,CA,M,M,0,82.61,4,60000,85,1
4995,Salem,OR,S,M,0,82.60000000000001,4,60000,51,1
4753,San Andres,DF,S,M,0,82.6,7,40000,56,1
6582,Haney,BC,M,F,0,82.52,5,20000,22,0
7300,Torrance,CA,M,F,4,82.49999999999999,4,150000,27,0
4453,Oregon City,OR,S,F,0,82.45000000000002,4,80000,60,0
5932,Lincoln Acres,CA,M,M,1,82.45,4,40000,22,0
8458,Ladner,BC,S,F,0,82.44,4,20000,34,0
573,Beaverton,OR,S,M,0,82.42,4,20000,19,0
4443,Lake Oswego,OR,S,F,0,82.32000000000001,4,140000,53,0
5792,Renton,WA,S,M,0,82.3,3,80000,59,0
6210,Tixapan,DF,M,M,3,82.28999999999998,3,20000,63,0
7096,Vancouver,BC,M,F,0,82.23,4,40000,36,1
4463,Lemon Grove,CA,S,M,0,82.18,4,120000,33,0
3329,Santa Fe,DF,M,M,2,82.18,7,40000,41,0
2818,Burbank,CA,S,M,0,82.14,5,140000,49,0
2421,Arcadia,CA,M,F,0,82.11,4,40000,30,0
5584,Issaquah,WA,S,F,0,82.03000000000002,4,80000,66,0
2525,Albany,OR,S,M,0,81.95000000000002,4,80000,28,0
1637,Edmonds,WA,M,F,5,81.9,3,40000,27,0
5715,Milwaukie,OR,S,M,0,81.86,3,60000,74,0
7052,Yakima,WA,M,F,0,81.83999999999999,4,100000,77,1
1127,Burbank,CA,S,M,0,81.8,4,40000,25,0
7893,W. Linn,OR,M,M,0,81.77999999999997,3,40000,53,0
7703,Santa Anita,DF,S,M,0,81.73999999999998,5,40000,27,0
538,Milwaukie,OR,S,M,0,81.71000000000001,3,40000,85,0
9662,Woodland Hills,CA,S,M,0,81.65,3,60000,72,0
3768,Burbank,CA,M,M,1,81.63000000000001,4,40000,34,0
3260,Tixapan,DF,S,F,0,81.60000000000001,5,20000,79,0
10114,La Cruz,Sinaloa,M,F,1,81.6,7,20000,50,0
1741,Portland,OR,M,M,1,81.57,5,80000,58,1
4543,Salem,OR,M,F,3,81.55,6,20000,84,1
3763,Lincoln Acres,CA,S,F,0,81.54,2,60000,84,0
1079,Lakewood,CA,M,F,1,81.53,4,40000,64,0
2527,N. Vancouver,BC,M,M,3,81.5,5,40000,49,0
6363,Newton,BC,S,F,0,81.46,4,20000,62,0
4938,Salem,OR,S,F,0,81.42999999999999,3,40000,69,1
6915,N. Vancouver,BC,M,F,0,81.34000000000002,5,80000,54,0
1991,Woodburn,OR,S,F,0,81.29,5,60000,61,0
8093,Burnaby,BC,M,F,0,81.28,4,40000,33,0
4119,San Andres,DF,M,M,1,81.26,4,100000,44,1
2306,Haney,BC,M,M,1,81.25999999999998,3,60000,57,0
4894,Mexico City,Mexico,S,F,0,81.24,6,80000,63,1
2614,Corvallis,OR,M,M,3,81.21000000000001,5,20000,70,0
2627,Bellflower,CA,S,M,0,81.14,7,20000,19,0
2032,Yakima,WA,M,F,3,81.06999999999998,5,20000,82,1
5135,Downey,CA,M,F,0,81.00999999999999,3,40000,18,0
3238,Lake Oswego,OR,M,M,0,80.95000000000002,4,20000,88,0
9449,Burbank,CA,S,M,0,80.95,4,20000,22,0
8787,Santa Monica,CA,S,M,0,80.91999999999999,3,140000,60,0
3903,Bellflower,CA,S,F,0,80.91,3,40000,33,0
6911,Arcadia,CA,S,M,0,80.88000000000002,3,40000,61,0
6710,Woodburn,OR,M,F,1,80.88000000000001,3,60000,65,0
1847,Beaverton,OR,M,F,0,80.86,4,60000,71,0
3852,San Diego,CA,M,F,0,80.85000000000001,3,60000,82,1
8839,Lincoln Acres,CA,M,F,1,80.85,2,40000,50,0
478,La Mesa,CA,M,F,0,80.78999999999999,6,60000,69,0
1475,Vancouver,BC,M,M,1,80.76000000000002,3,20000,86,1
297,Newton,BC,M,F,1,80.73000000000002,4,40000,86,0
3267,Yakima,WA,M,M,1,80.71,5,20000,80,1
5302,Lake Oswego,OR,S,F,0,80.7,6,20000,40,0
1485,Everett,WA,M,F,1,80.65,3,60000,63,0
6545,Newton,BC,M,F,0,80.51000000000002,5,60000,76,0
2488,El Cajon,CA,M,M,4,80.41,4,150000,59,0
7530,El Cajon,CA,M,M,1,80.38000000000001,4,40000,79,0
5113,San Gabriel,CA,M,M,3,80.36,3,40000,67,0
7883,Redmond,WA,S,F,0,80.35999999999999,4,80000,40,0
3994,Marysville,WA,M,F,1,80.35000000000002,3,100000,27,0
1460,Milwaukie,OR,M,M,1,80.33999999999999,4,20000,65,0
9144,Salem,OR,S,M,0,80.28999999999999,5,20000,25,1
7878,Seattle,WA,M,F,0,80.28999999999999,3,40000,38,1
3760,Santa Fe,DF,S,F,0,80.28,4,80000,85,0
5226,Downey,CA,M,M,0,80.25,3,140000,63,0
4196,Woodburn,OR,M,F,1,80.23,4,80000,18,0
3680,Long Beach,CA,S,F,0,80.21,4,20000,78,0
3099,Beverly Hills,CA,M,M,1,80.17,6,40000,62,1
10190,Kirkland,WA,M,M,4,80.15000000000002,4,40000,51,0
3068,Milwaukie,OR,M,F,4,80.15000000000002,4,20000,27,0
8382,Kirkland,WA,M,M,0,80.14000000000001,3,20000,77,0
4942,Lake Oswego,OR,M,F,2,80.12,4,40000,78,0
6665,Beverly Hills,CA,M,M,3,80.11999999999999,4,80000,65,1
4187,Santa Fe,DF,M,F,5,80.11000000000001,3,40000,38,0
9115,Portland,OR,M,F,4,80.06,4,40000,45,1
4573,Long Beach,CA,S,M,0,80.06,6,60000,71,0
6233,W. Linn,OR,S,F,0,80.05000000000001,4,20000,28,0
2588,Yakima,WA,M,M,3,80.04999999999998,4,20000,68,1
6156,Lynnwood,WA,S,M,0,80.03999999999999,2,40000,51,0
7088,Redmond,WA,S,M,0,80.02000000000001,6,140000,21,0
7093,Westminster,BC,M,F,0,80.01000000000002,4,60000,68,0
5069,San Andres,DF,S,M,0,79.95,5,60000,61,1
2443,Corvallis,OR,S,F,0,79.87000000000002,5,40000,79,0
552,W. Linn,OR,S,F,0,79.86,5,80000,43,0
6398,Beaverton,OR,S,F,0,79.83999999999999,5,20000,20,0
6849,Pomona,CA,S,F,0,79.75999999999999,4,150000,29,0
1864,Burien,WA,S,M,0,79.75999999999999,4,140000,26,0
5566,Downey,CA,S,M,0,79.75,3,60000,83,0
8709,Downey,CA,M,M,0,79.73,4,40000,56,0
10145,Albany,OR,M,F,1,79.63,6,40000,73,0
10073,Yakima,WA,S,F,0,79.6,4,60000,86,1
5989,Arcadia,CA,M,M,1,79.53,3,120000,77,0
7417,Glendale,CA,M,F,3,79.49000000000001,3,60000,73,0
3977,Corvallis,OR,S,F,0,79.45,5,40000,29,0
382,Richmond,BC,M,M,4,79.31,3,40000,65,0
8063,Oregon City,OR,S,F,0,79.28999999999998,4,20000,61,0
1428,Spring Valley,CA,S,F,0,79.28,2,60000,47,0
9276,Glendale,CA,S,F,0,79.27000000000002,3,140000,23,0
697,Salem,OR,M,F,2,79.26,4,60000,73,1
4734,La Mesa,CA,M,M,1,79.18,3,40000,64,0
2219,Vancouver,BC,M,M,1,79.05000000000001,4,40000,70,1
2793,Grossmont,CA,S,M,0,79,4,40000,72,0
5886,San Andres,DF,M,M,2,78.96000000000001,3,120000,33,1
7967,Lynnwood,WA,S,F,0,78.91,4,40000,23,0
6975,Newport Beach,CA,S,M,0,78.89999999999999,4,80000,69,0
5645,Renton,WA,M,M,4,78.85999999999997,5,80000,30,0
639,Kirkland,WA,M,M,2,78.75999999999999,4,40000,37,0
892,Glendale,CA,M,F,0,78.74,3,40000,27,0
9066,Santa Fe,DF,M,F,0,78.70000000000002,5,60000,72,0
2076,Albany,OR,S,F,0,78.7,3,60000,56,0
2505,Richmond,BC,M,M,4,78.68000000000002,3,40000,75,0
3711,Bremerton,WA,S,M,0,78.67000000000002,7,120000,84,1
5265,N. Vancouver,BC,S,M,0,78.63,4,20000,20,0
7715,Lebanon,OR,M,M,1,78.62,4,140000,22,0
9968,N. Vancouver,BC,M,F,1,78.61999999999999,2,120000,37,0
3381,Lynnwood,WA,S,M,0,78.6,3,40000,51,0
2542,Santa Monica,CA,M,M,1,78.57,4,20000,59,0
8662,Mexico City,Mexico,M,M,1,78.53,4,60000,74,1
7242,Grossmont,CA,M,M,3,78.53,4,40000,82,0
7418,Haney,BC,S,F,0,78.52999999999997,4,140000,64,0
1577,Langley,BC,S,F,0,78.5,3,20000,64,0
9214,La Cruz,Sinaloa,M,M,3,78.46000000000001,6,40000,66,0
21,Renton,WA,S,M,0,78.39,5,40000,80,0
3579,San Gabriel,CA,S,F,0,78.36999999999999,4,20000,84,0
7920,Puyallup,WA,S,M,0,78.36000000000003,5,20000,32,0
3643,Walla Walla,WA,S,F,0,78.28999999999996,7,140000,84,1
273,Long Beach,CA,S,F,0,78.22,4,40000,73,0
803,Newport Beach,CA,S,F,0,78.19999999999999,5,20000,87,0
9308,W. Linn,OR,M,M,4,78.17,4,40000,80,0
2582,Torrance,CA,M,F,2,78.15999999999998,2,20000,46,0
2695,Lebanon,OR,M,F,3,78.12,3,20000,79,0
7705,Newport Beach,CA,S,M,0,78.11,5,40000,21,0
3938,Albany,OR,S,M,0,78.07999999999998,5,40000,26,0
1484,Woodland Hills,CA,S,F,0,78.07999999999998,5,40000,50,0
7437,Vancouver,BC,S,M,0,78.07,5,40000,31,1
1677,Milwaukie,OR,M,F,0,78.04999999999998,4,60000,32,0
1386,Lemon Grove,CA,M,F,1,78.02,5,80000,81,0
2656,Woodburn,OR,M,F,1,78.00999999999999,4,20000,73,0
8924,La Mesa,CA,M,M,4,77.99999999999999,3,40000,78,0
7888,Langford,BC,S,F,0,77.93,4,80000,70,0
148,Kirkland,WA,S,M,0,77.85999999999999,4,80000,48,0
4243,Portland,OR,S,M,0,77.85,6,40000,52,1
2081,Downey,CA,M,M,0,77.84,3,140000,19,0
10099,La Jolla,CA,M,M,1,77.78,3,20000,75,0
5286,Marysville,WA,S,M,0,77.78,5,60000,71,0
6501,Lemon Grove,CA,S,F,0,77.66999999999999,3,40000,39,0
3233,Burbank,CA,S,F,0,77.63,5,40000,42,0
9692,Portland,OR,S,F,0,77.62,5,40000,86,1
10121,Vancouver,BC,M,M,0,77.60000000000001,5,20000,33,1
8042,Long Beach,CA,S,M,0,77.57000000000001,5,40000,57,0
5070,Albany,OR,S,F,0,77.57000000000001,5,40000,33,0
3932,Lynnwood,WA,S,F,0,77.56,3,40000,87,0
5539,Woodland Hills,CA,M,F,4,77.49000000000001,3,60000,79,0
6180,Lebanon,OR,S,M,0,77.47000000000001,5,40000,31,0
2346,Burien,WA,S,F,0,77.46,4,60000,69,0
3820,Burnaby,BC,M,F,1,77.44,3,20000,47,0
9042,Mexico City,Mexico,M,M,3,77.43999999999998,5,40000,69,1
7223,San Gabriel,CA,S,F,0,77.42,4,40000,47,0
7905,Albany,OR,M,M,2,77.41,4,20000,58,0
6940,Torrance,CA,M,M,1,77.4,4,40000,71,0
9630,San Andres,DF,M,F,4,77.36,5,150000,85,1
1587,Milwaukie,OR,M,M,1,77.27000000000001,5,150000,73,0
9706,Beverly Hills,CA,M,M,0,77.26,3,120000,23,1
885,El Cajon,CA,S,M,0,77.25,4,40000,79,0
2721,Richmond,BC,S,M,0,77.24000000000001,4,40000,29,0
5667,Lemon Grove,CA,M,F,0,77.24,4,20000,23,0
1501,Westminster,BC,M,F,1,77.23000000000002,4,20000,61,0
1971,Kirkland,WA,M,F,1,77.1,5,60000,21,0
9691,Ballard,WA,M,M,3,77.07000000000001,5,60000,38,0
6557,Portland,OR,S,M,0,77.07,4,40000,78,1
6878,Lakewood,CA,S,M,0,77.05000000000001,4,40000,28,0
34,La Mesa,CA,M,F,1,77.05,3,60000,79,0
6454,Ballard,WA,S,F,0,77.03000000000002,5,60000,85,0
5044,Richmond,BC,M,F,4,76.95,4,120000,85,0
7079,Lake Oswego,OR,S,F,0,76.89,5,40000,68,0
8598,Pomona,CA,S,F,0,76.88000000000001,3,40000,84,0
1953,Burbank,CA,S,F,0,76.86999999999999,3,80000,35,0
7617,Milwaukie,OR,M,F,2,76.86,4,20000,43,0
6967,La Jolla,CA,M,F,1,76.85,4,60000,40,0
8875,Haney,BC,S,M,0,76.83,4,60000,37,0
7668,Richmond,BC,S,M,0,76.82999999999998,4,80000,59,0
4583,Lebanon,OR,M,F,4,76.82,5,40000,51,0
995,Torrance,CA,M,M,0,76.8,4,40000,70,0
10209,Santa Monica,CA,S,F,0,76.75,5,20000,29,0
3964,Port Hammond,BC,M,M,2,76.68,4,60000,81,0
6141,San Gabriel,CA,S,M,0,76.660000000000025,5,40000,62,0
2034,La Jolla,CA,M,F,4,76.63000000000001,3,20000,51,0
9328,Burnaby,BC,S,M,0,76.60000000000002,4,20000,82,0
9317,Marysville,WA,S,F,0,76.59,4,20000,69,0
8493,Altadena,CA,S,M,0,76.56,4,60000,24,0
9166,Vancouver,BC,M,M,0,76.54,5,40000,75,1
6958,San Gabriel,CA,S,M,0,76.54,4,40000,41,0
2833,Newton,BC,S,F,0,76.54,5,40000,77,0
4999,N. Vancouver,BC,M,M,1,76.50999999999998,5,40000,88,0
1074,Salem,OR,S,M,0,76.47,3,40000,63,1
5222,Los Angeles,CA,M,M,1,76.46,3,60000,28,1
3014,Tixapan,DF,S,M,0,76.41000000000001,6,40000,20,0
8151,Woodland Hills,CA,S,M,0,76.39999999999999,3,40000,76,0
5647,Ballard,WA,S,M,0,76.38000000000002,4,40000,45,0
6071,Newton,BC,M,F,0,76.36999999999999,3,60000,41,0
662,W. Linn,OR,M,F,2,76.32,6,40000,47,0
3577,W. Linn,OR,M,F,1,76.25,5,80000,79,0
3324,Vancouver,BC,M,F,1,76.23000000000003,4,40000,45,1
4261,Woodburn,OR,S,M,0,76.22000000000001,4,20000,42,0
7478,West Covina,CA,M,F,0,76.05000000000001,3,60000,83,0
2047,Lake Oswego,OR,M,F,2,75.99,4,100000,41,0
6272,Burnaby,BC,S,F,0,75.95,3,120000,84,0
4218,National City,CA,M,F,4,75.93999999999998,3,60000,87,0
721,Woodland Hills,CA,M,F,0,75.92999999999999,3,60000,24,0
4703,Issaquah,WA,S,F,0,75.92,3,80000,40,0
238,Milwaukie,OR,M,F,1,75.92,3,20000,44,0
3537,N. Vancouver,BC,S,F,0,75.83000000000001,3,80000,68,0
3642,La Jolla,CA,M,M,0,75.77999999999999,4,150000,69,0
6651,Portland,OR,S,M,0,75.73999999999998,4,40000,69,1
1007,Portland,OR,S,F,0,75.66999999999999,4,100000,65,1
7747,Downey,CA,M,F,5,75.66,3,140000,53,0
1024,Tacoma,WA,M,F,0,75.66,5,60000,77,1
1918,Glendale,CA,M,F,0,75.65,5,40000,25,0
10205,Downey,CA,S,M,0,75.6,3,40000,53,0
6999,Grossmont,CA,S,M,0,75.589999999999975,4,20000,72,0
7460,Newton,BC,M,F,3,75.57,7,40000,59,0
6301,Everett,WA,M,F,0,75.55000000000001,3,120000,29,0
8749,Corvallis,OR,S,M,0,75.55,6,20000,45,0
9604,El Cajon,CA,M,M,1,75.53999999999999,4,40000,21,0
9501,Woodburn,OR,S,M,0,75.49000000000001,4,80000,27,0
824,Vancouver,BC,S,F,0,75.46000000000001,5,40000,24,1
9867,Salem,OR,S,F,0,75.46,4,40000,31,1
821,Richmond,BC,S,F,0,75.45999999999998,5,60000,27,0
1722,Mexico City,Mexico,S,F,0,75.43999999999998,5,40000,25,1
5457,Mexico City,Mexico,S,M,0,75.42999999999999,5,40000,58,1
9026,Corvallis,OR,S,M,0,75.3,6,40000,30,0
7425,San Gabriel,CA,S,M,0,75.3,6,40000,65,0
9209,Torrance,CA,M,F,3,75.25999999999999,3,60000,65,0
872,Acapulco,Guerrero,M,F,2,75.22000000000001,6,40000,81,1
7204,Milwaukie,OR,M,M,0,75.22,6,20000,51,0
8171,La Mesa,CA,S,F,0,75.2,3,100000,72,0
3592,Haney,BC,M,M,2,75.19,5,120000,84,0
9981,Burien,WA,S,F,0,75.17999999999999,4,40000,20,0
6961,Santa Anita,DF,S,M,0,75.17999999999999,6,100000,70,0
7535,San Gabriel,CA,S,F,0,75.15,3,40000,86,0
4553,Everett,WA,S,F,0,75.13,3,20000,43,0
827,Grossmont,CA,S,M,0,75.11999999999999,3,60000,88,0
2929,San Diego,CA,S,M,0,75.09,3,80000,35,1
2302,Everett,WA,S,M,0,75.05,4,40000,77,0
9299,National City,CA,M,F,1,75.01,3,60000,78,0
7085,Lake Oswego,OR,S,F,0,75,3,40000,83,0
4205,Burien,WA,M,M,0,74.98,4,60000,50,0
4623,Woodburn,OR,M,M,0,74.87,4,100000,62,0
6124,San Gabriel,CA,M,M,1,74.83000000000001,5,150000,71,0
9401,Albany,OR,S,M,0,74.81,6,60000,35,0
194,Mexico City,Mexico,S,F,0,74.78999999999999,5,40000,28,1
7219,Vancouver,BC,M,M,0,74.75999999999999,2,80000,80,1
3772,Ladner,BC,S,M,0,74.75999999999999,4,80000,22,0
5289,Bellflower,CA,M,F,5,74.73000000000002,3,80000,26,0
2134,Beaverton,OR,M,F,2,74.72000000000001,4,150000,37,0
5992,Renton,WA,S,F,0,74.72,5,40000,75,0
8238,Renton,WA,S,F,0,74.69,3,80000,70,0
4584,Oregon City,OR,M,F,1,74.69,5,140000,67,0
2431,Port Orchard,WA,S,F,0,74.68000000000002,8,20000,32,0
6511,Altadena,CA,M,M,2,74.68,3,40000,36,0
3486,Seattle,WA,S,M,0,74.67999999999999,3,40000,87,1
2770,Downey,CA,S,F,0,74.66000000000001,4,40000,48,0
7512,Woodland Hills,CA,M,M,2,74.64,4,20000,45,0
6609,Burbank,CA,S,M,0,74.60000000000001,4,150000,68,0
4127,Marysville,WA,M,M,2,74.56999999999998,4,40000,57,0
5655,Long Beach,CA,S,F,0,74.55,4,80000,58,0
8008,Westminster,BC,S,M,0,74.53,4,40000,48,0
7805,Downey,CA,S,M,0,74.51,5,80000,69,0
6119,Lemon Grove,CA,S,F,0,74.50999999999999,2,40000,68,0
3726,Bellflower,CA,M,F,2,74.49000000000001,3,100000,30,0
2636,Puyallup,WA,S,F,0,74.49,5,20000,36,0
9777,Tixapan,DF,M,M,0,74.48,5,150000,82,0
5208,Pomona,CA,M,M,0,74.46000000000001,4,100000,21,0
5108,Ladner,BC,M,F,0,74.44000000000001,5,60000,31,0
6861,Milwaukie,OR,S,M,0,74.42999999999999,5,40000,35,0
4589,Lebanon,OR,S,F,0,74.39000000000001,4,20000,54,0
5024,Kirkland,WA,M,M,0,74.37,3,60000,81,0
7391,Lakewood,CA,M,M,3,74.34000000000002,2,60000,47,0
5999,Yakima,WA,M,F,2,74.3,6,40000,49,1
3554,Santa Anita,DF,S,M,0,74.25,6,100000,37,0
5660,Ladner,BC,S,M,0,74.22000000000001,4,120000,23,0
5905,Kirkland,WA,M,F,0,74.2,3,60000,48,0
5685,Lebanon,OR,S,F,0,74.19,4,100000,19,0
296,Los Angeles,CA,M,F,4,74.16,5,140000,79,1
97,Richmond,BC,M,M,4,74.11,4,60000,75,0
7129,Marysville,WA,M,M,3,74.10999999999999,4,20000,63,0
8018,Portland,OR,M,M,4,74.04,4,20000,37,1
6952,Ladner,BC,M,F,4,74.03,3,40000,24,0
9729,Mexico City,Mexico,S,M,0,74.02000000000001,5,140000,45,1
7343,Newport Beach,CA,S,F,0,74.02000000000001,4,60000,65,0
2001,Beverly Hills,CA,M,F,4,74.02,4,40000,32,1
9337,Ballard,WA,S,M,0,73.97,4,40000,30,0
537,Shawnee,BC,M,M,2,73.95,3,40000,87,0
5144,Burbank,CA,S,M,0,73.91999999999999,4,80000,25,0
1243,Milwaukie,OR,M,F,0,73.9,5,60000,45,0
9900,Lynnwood,WA,S,M,0,73.88,2,20000,21,0
8533,Port Hammond,BC,S,F,0,73.88,4,40000,24,0
3412,Oregon City,OR,S,M,0,73.84,4,40000,48,0
4745,Santa Anita,DF,M,F,2,73.79999999999998,5,20000,58,0
1249,Kirkland,WA,S,F,0,73.67,3,40000,78,0
8434,Oak Bay,BC,S,F,0,73.65,3,20000,72,0
9603,Glendale,CA,S,M,0,73.62,4,140000,71,0
5959,Haney,BC,M,M,3,73.61,5,20000,28,0
9554,Corvallis,OR,M,M,2,73.59000000000002,3,80000,24,0
1767,Vancouver,BC,S,M,0,73.55,3,80000,73,1
719,Marysville,WA,M,F,0,73.55,4,60000,80,0
4058,Richmond,BC,M,M,2,73.49000000000001,4,80000,26,0
9364,Issaquah,WA,M,F,1,73.39999999999999,3,40000,70,0
7671,Langley,BC,M,M,3,73.39000000000001,3,80000,31,0
8664,Oak Bay,BC,S,F,0,73.33000000000001,3,40000,39,0
9495,Woodburn,OR,S,M,0,73.32000000000001,5,80000,18,0
3580,Bellflower,CA,S,M,0,73.30000000000001,3,60000,56,0
10080,Altadena,CA,M,M,5,73.29,2,140000,19,0
4762,Langley,BC,M,F,1,73.27000000000001,2,20000,44,0
2687,Grossmont,CA,S,F,0,73.25,3,60000,38,0
9304,Langley,BC,S,M,0,73.24,4,20000,22,0
7014,San Diego,CA,M,M,0,73.22,4,40000,45,1
5490,San Gabriel,CA,S,F,0,73.22,2,140000,45,0
4247,Oregon City,OR,M,F,1,73.19,6,80000,18,0
7367,Port Hammond,BC,S,F,0,73.17000000000003,5,140000,87,0
3352,Lakewood,CA,M,F,0,73.13,5,80000,87,0
4568,Torrance,CA,S,F,0,73.11,4,140000,40,0
7250,Woodburn,OR,M,M,4,73.08999999999999,2,40000,64,0
8322,Beaverton,OR,S,F,0,73.08,3,60000,53,0
2278,Burbank,CA,M,M,2,73.03,5,60000,60,0
6490,Beverly Hills,CA,S,M,0,73.01,5,60000,64,1
8844,Lebanon,OR,S,F,0,73.00999999999999,7,40000,61,0
5675,Shawnee,BC,S,F,0,72.99,2,60000,46,0
3198,Glendale,CA,M,M,3,72.99,3,80000,73,0
1137,West Covina,CA,M,F,2,72.9,5,20000,22,0
4928,Corvallis,OR,S,M,0,72.89999999999999,5,120000,54,0
6418,San Gabriel,CA,M,F,2,72.88000000000001,4,40000,43,0
5531,Santa Monica,CA,M,F,1,72.88000000000001,3,40000,55,0
7908,Redmond,WA,M,F,1,72.82999999999998,4,100000,51,0
959,San Andres,DF,S,M,0,72.73,4,20000,80,1
6254,Long Beach,CA,S,F,0,72.64000000000001,4,80000,64,0
9837,Puyallup,WA,M,M,5,72.57000000000002,5,40000,47,0
5588,Sooke,BC,M,F,1,72.57,3,40000,60,0
9494,Long Beach,CA,M,M,2,72.54,4,150000,31,0
6587,Langley,BC,M,M,5,72.53999999999999,5,40000,72,0
9649,Burnaby,BC,M,M,2,72.53,4,60000,61,0
1178,Oregon City,OR,S,M,0,72.53,3,100000,47,0
1344,West Covina,CA,S,M,0,72.46999999999998,4,100000,40,0
7868,La Mesa,CA,M,F,4,72.43999999999998,3,40000,39,0
9139,Walla Walla,WA,S,F,0,72.43,4,20000,75,1
6259,Westminster,BC,S,F,0,72.42,3,20000,66,0
1144,West Covina,CA,M,M,1,72.39,5,80000,73,0
6265,Yakima,WA,S,F,0,72.38000000000001,4,20000,84,1
5917,Ladner,BC,S,F,0,72.38,4,140000,39,0
867,Haney,BC,S,M,0,72.35000000000001,4,60000,29,0
9009,N. Vancouver,BC,S,M,0,72.31999999999998,4,40000,58,0
1729,Oregon City,OR,S,M,0,72.25,4,120000,68,0
448,Puyallup,WA,M,M,0,72.24000000000001,4,40000,65,0
3003,Bellflower,CA,S,F,0,72.19999999999999,3,60000,35,0
2628,N. Vancouver,BC,S,M,0,72.19000000000001,5,140000,39,0
7000,Haney,BC,S,F,0,72.19,4,60000,49,0
268,San Gabriel,CA,M,M,0,72.17999999999999,4,40000,30,0
4137,Seattle,WA,S,M,0,72.17,3,120000,87,1
137,Newport Beach,CA,M,F,3,72.08,4,140000,55,0
4486,Downey,CA,S,F,0,72.03,3,120000,86,0
9601,Beaverton,OR,S,M,0,71.93,5,140000,34,0
6792,Woodburn,OR,M,M,2,71.91,2,40000,49,0
1172,Renton,WA,M,M,2,71.88000000000002,4,140000,60,0
8105,N. Vancouver,BC,M,F,2,71.88000000000001,5,120000,21,0
3647,Corvallis,OR,M,M,1,71.86999999999999,3,40000,44,0
10025,Westminster,BC,M,M,0,71.85999999999999,4,20000,62,0
8470,N. Vancouver,BC,M,F,1,71.83999999999999,3,40000,19,0
7709,W. Linn,OR,S,M,0,71.8,3,60000,36,0
74,Ballard,WA,S,M,0,71.75,4,60000,33,0
7348,Oregon City,OR,M,M,5,71.71000000000001,4,60000,36,0
6165,Westminster,BC,S,F,0,71.67999999999999,3,40000,54,0
4215,Seattle,WA,M,M,3,71.67999999999999,3,60000,20,1
7505,Ballard,WA,S,M,0,71.64999999999999,4,80000,64,0
7335,Los Angeles,CA,S,F,0,71.64999999999999,4,40000,36,1
7534,Albany,OR,S,M,0,71.59000000000002,4,40000,19,0
9092,Bellflower,CA,M,M,0,71.52999999999999,4,20000,33,0
5718,Richmond,BC,M,F,1,71.52,6,60000,53,0
3796,W. Linn,OR,S,M,0,71.52,5,20000,70,0
8573,Port Hammond,BC,M,M,0,71.48,3,150000,87,0
4005,Redmond,WA,S,F,0,71.48,4,60000,84,0
1537,Bellflower,CA,S,F,0,71.44999999999999,3,40000,55,0
6575,Portland,OR,M,F,0,71.44,3,40000,44,1
6752,Grossmont,CA,M,M,4,71.41,3,100000,43,0
2934,Redmond,WA,M,M,1,71.41,5,20000,84,0
1768,Mexico City,Mexico,S,F,0,71.4,6,40000,19,1
1374,Haney,BC,S,M,0,71.4,3,40000,74,0
3685,Burnaby,BC,M,M,2,71.33999999999999,4,60000,83,0
2195,Beverly Hills,CA,S,F,0,71.23999999999998,3,80000,28,1
9695,La Cruz,Sinaloa,S,F,0,71.18,4,40000,81,0
533,Redmond,WA,M,M,1,71.17000000000002,3,60000,57,0
6808,Arcadia,CA,M,F,2,71.17,3,40000,84,0
6021,Lebanon,OR,S,F,0,71.17,5,60000,69,0
10152,Albany,OR,S,M,0,71.16,6,100000,48,0
7522,Lebanon,OR,M,M,1,71.16,3,80000,28,0
4814,Portland,OR,M,F,1,71.11,4,60000,18,1
2849,San Andres,DF,M,F,3,71.11,5,40000,20,1
6242,Burnaby,BC,M,M,3,71.06,3,140000,65,0
4567,Yakima,WA,M,M,1,71.04999999999998,4,60000,62,1
4004,Woodburn,OR,M,F,3,71.04,7,20000,56,0
6891,Newport Beach,CA,M,F,5,71.03999999999999,3,40000,58,0
4562,Milwaukie,OR,M,F,1,71.02000000000001,5,40000,41,0
6721,N. Vancouver,BC,S,M,0,71.00000000000001,4,20000,43,0
1760,Newton,BC,M,F,2,71,3,40000,69,0
4300,Santa Monica,CA,M,F,4,70.98999999999998,5,120000,78,0
2315,San Andres,DF,M,F,2,70.96999999999998,6,60000,79,1
6376,Downey,CA,S,M,0,70.94999999999999,3,20000,80,0
8113,Spring Valley,CA,S,F,0,70.89999999999999,3,60000,82,0
101,N. Vancouver,BC,S,F,0,70.87000000000002,3,20000,23,0
4627,Santa Monica,CA,S,M,0,70.84,5,80000,66,0
6352,Lebanon,OR,S,M,0,70.83999999999999,3,40000,36,0
2220,San Diego,CA,M,F,2,70.82999999999998,4,20000,74,1
9972,Woodburn,OR,M,M,1,70.80999999999999,5,20000,39,0
5368,Lincoln Acres,CA,M,F,4,70.78,3,20000,49,0
3776,Woodburn,OR,S,F,0,70.74,4,40000,42,0
1606,Lake Oswego,OR,M,M,1,70.71,4,60000,24,0
4900,Lebanon,OR,M,M,4,70.69999999999999,3,40000,41,0
1784,Burnaby,BC,M,F,5,70.67000000000002,4,60000,37,0
350,Long Beach,CA,S,F,0,70.67,3,150000,70,0
5468,Edmonds,WA,S,M,0,70.63999999999999,3,120000,20,0
4464,Ballard,WA,M,M,2,70.61999999999999,2,20000,38,0
7200,Portland,OR,M,F,2,70.55999999999999,4,20000,39,1
9435,Tixapan,DF,S,F,0,70.52,4,20000,23,0
5405,Lake Oswego,OR,M,F,0,70.48,3,80000,70,0
55,Grossmont,CA,M,M,2,70.46000000000001,3,20000,74,0
10119,Richmond,BC,M,F,0,70.46,3,40000,45,0
7091,Acapulco,Guerrero,M,M,2,70.44999999999999,5,40000,20,1
7273,La Cruz,Sinaloa,M,M,0,70.43,7,20000,24,0
2773,Milwaukie,OR,S,M,0,70.43,5,100000,22,0
8226,Lynnwood,WA,S,M,0,70.36,3,60000,85,0
7365,Lebanon,OR,S,F,0,70.33000000000001,5,40000,34,0
7120,Marysville,WA,S,M,0,70.31999999999998,3,20000,27,0
10232,Orizaba,Veracruz,M,M,2,70.30999999999997,4,40000,75,1
9076,Newton,BC,S,F,0,70.28,3,40000,70,0
7861,Marysville,WA,M,M,4,70.28,4,60000,79,0
5231,Arcadia,CA,M,F,2,70.26,4,60000,70,0
5513,Lincoln Acres,CA,M,M,4,70.23,4,40000,25,0
1793,Salem,OR,S,F,0,70.16000000000001,4,60000,35,1
6095,Glendale,CA,M,M,2,70.14,4,80000,20,0
2742,Olympia,WA,M,M,1,70.14,5,40000,59,0
2548,Salem,OR,S,M,0,70.1,5,80000,55,1
723,Long Beach,CA,S,F,0,70.09,3,150000,80,0
8791,Newton,BC,M,M,1,70.03999999999999,2,40000,27,0
8366,Lincoln Acres,CA,M,F,3,70.01,4,40000,72,0
8430,Downey,CA,M,F,2,69.98,3,20000,30,0
3438,Portland,OR,M,M,3,69.95,5,20000,62,1
9390,Los Angeles,CA,M,M,0,69.94999999999999,2,80000,76,1
2571,Beverly Hills,CA,M,F,1,69.93,3,140000,59,1
6219,Lemon Grove,CA,S,F,0,69.92999999999999,4,40000,44,0
1083,Milwaukie,OR,M,M,4,69.87,2,40000,24,0
9422,Burbank,CA,M,F,4,69.84,4,40000,62,0
2447,Altadena,CA,S,M,0,69.83,5,100000,51,0
1811,Lake Oswego,OR,S,M,0,69.8,5,40000,32,0
2111,Long Beach,CA,S,M,0,69.79,3,20000,65,0
3268,Salem,OR,M,F,3,69.78,4,80000,36,1
8788,Westminster,BC,S,F,0,69.72000000000001,3,80000,49,0
5581,W. Linn,OR,S,F,0,69.71000000000001,4,80000,52,0
4418,Lynnwood,WA,M,M,1,69.67999999999999,3,80000,46,0
3879,N. Vancouver,BC,S,F,0,69.67,3,40000,65,0
2237,Arcadia,CA,S,F,0,69.58999999999999,3,40000,83,0
7541,Lincoln Acres,CA,M,M,4,69.55,2,20000,69,0
7094,Ladner,BC,S,F,0,69.53,2,60000,76,0
6296,Richmond,BC,M,M,1,69.53,4,40000,68,0
9005,La Mesa,CA,M,M,0,69.42000000000002,4,60000,82,0
5385,Lynnwood,WA,M,M,2,69.41,4,150000,66,0
2470,Burbank,CA,M,F,2,69.32999999999998,3,40000,48,0
3630,Kirkland,WA,S,F,0,69.31,3,150000,83,0
1443,Westminster,BC,M,F,4,69.28,3,60000,61,0
5060,Lebanon,OR,M,M,2,69.19999999999999,5,20000,42,0
6902,Edmonds,WA,M,F,0,69.18,3,60000,51,0
5879,Los Angeles,CA,S,F,0,69.14999999999999,5,60000,38,1
5640,Port Hammond,BC,M,M,4,69.1,5,150000,25,0
6086,Santa Monica,CA,M,M,0,69.07,3,40000,41,0
3082,Beverly Hills,CA,S,F,0,69.06,4,60000,65,1
7040,Portland,OR,M,M,2,69.03,4,40000,52,1
3513,Downey,CA,M,F,1,69.01999999999998,3,120000,31,0
6945,Everett,WA,S,M,0,69,4,60000,33,0
788,Lynnwood,WA,M,M,1,68.97999999999999,4,100000,59,0
3157,Santa Monica,CA,S,M,0,68.94,3,60000,84,0
7201,Burien,WA,S,F,0,68.89,5,40000,70,0
4337,Torrance,CA,S,M,0,68.88000000000001,4,40000,25,0
3749,Ballard,WA,M,F,0,68.81,3,40000,73,0
1940,Corvallis,OR,M,F,1,68.76,4,100000,69,0
4804,Salem,OR,M,F,4,68.68,3,80000,57,1
3586,Lake Oswego,OR,S,F,0,68.67,3,40000,51,0
2727,Imperial Beach,CA,S,F,0,68.66,3,60000,37,0
9282,Lemon Grove,CA,S,M,0,68.64000000000001,3,80000,88,0
6182,Woodburn,OR,M,F,2,68.62,4,40000,29,0
4356,Port Hammond,BC,M,M,2,68.61,5,60000,61,0
4109,Burbank,CA,M,M,0,68.61,3,60000,69,0
1202,W. Linn,OR,M,M,1,68.61,4,60000,76,0
1765,Walla Walla,WA,S,M,0,68.59,7,120000,78,1
2294,Milwaukie,OR,S,M,0,68.58,4,20000,26,0
7832,Burbank,CA,S,F,0,68.57000000000001,3,100000,41,0
5530,Salem,OR,M,F,1,68.57,3,40000,35,1
2788,Beverly Hills,CA,S,F,0,68.55999999999999,5,140000,73,1
6579,Oregon City,OR,S,M,0,68.52000000000001,3,60000,37,0
2173,Mexico City,Mexico,M,M,0,68.46000000000001,3,60000,35,1
77,Downey,CA,S,M,0,68.46000000000001,2,60000,77,0
3667,Redmond,WA,S,F,0,68.46,4,60000,26,0
1545,Everett,WA,M,M,0,68.44,4,60000,72,0
8229,Marysville,WA,S,M,0,68.42,3,40000,49,0
2557,Langley,BC,S,F,0,68.41999999999999,4,20000,32,0
2203,Renton,WA,M,F,0,68.40000000000002,3,60000,47,0
9331,Portland,OR,S,M,0,68.39999999999999,4,20000,82,1
3280,Westminster,BC,M,F,1,68.34000000000002,6,60000,70,0
6987,San Gabriel,CA,M,M,0,68.3,4,40000,82,0
7172,San Gabriel,CA,S,F,0,68.25999999999999,5,40000,49,0
7185,Lake Oswego,OR,S,M,0,68.25,5,20000,45,0
6335,Westminster,BC,S,F,0,68.23,5,120000,42,0
5769,Newport Beach,CA,S,M,0,68.19999999999999,3,60000,55,0
1450,Issaquah,WA,M,M,5,68.19,3,80000,65,0
4635,La Jolla,CA,M,M,1,68.17999999999999,2,40000,20,0
700,Lemon Grove,CA,S,F,0,68.13000000000001,4,60000,37,0
8929,Santa Monica,CA,M,M,5,68.13,4,20000,28,0
4790,Cliffside,BC,S,F,0,68.07000000000001,4,100000,70,0
1766,Haney,BC,S,F,0,68.07,3,40000,48,0
8895,Vancouver,BC,S,F,0,68.00999999999999,3,20000,75,1
2305,Haney,BC,S,F,0,67.97000000000001,2,20000,76,0
9058,Lemon Grove,CA,S,M,0,67.96,4,20000,20,0
4301,Beaverton,OR,M,F,1,67.94,5,20000,84,0
7997,Albany,OR,S,F,0,67.92999999999999,3,40000,58,0
7723,Redmond,WA,M,F,2,67.88,3,150000,45,0
4707,Beaverton,OR,M,F,2,67.88,3,80000,45,0
1064,Chula Vista,CA,S,F,0,67.85,3,60000,38,0
9800,Everett,WA,M,M,2,67.83999999999999,3,40000,68,0
6442,Santa Monica,CA,M,F,1,67.81000000000002,3,60000,29,0
178,Woodburn,OR,S,M,0,67.81,3,40000,31,0
3213,Albany,OR,M,M,2,67.8,4,40000,57,0
3731,Marysville,WA,S,F,0,67.78999999999999,4,20000,26,0
7490,National City,CA,S,M,0,67.77,3,100000,30,0
4518,Lebanon,OR,S,F,0,67.72,4,60000,44,0
927,Bellflower,CA,M,M,0,67.69,2,20000,30,0
188,Albany,OR,M,F,4,67.69,5,40000,39,0
7638,Altadena,CA,M,F,2,67.66999999999999,5,80000,56,0
422,Albany,OR,M,M,0,67.63,3,20000,51,0
4138,Torrance,CA,M,M,2,67.61,3,20000,39,0
7499,Sooke,BC,S,F,0,67.56,2,60000,71,0
5913,Long Beach,CA,M,F,4,67.53,4,20000,24,0
5854,Westminster,BC,S,F,0,67.52999999999999,3,20000,41,0
2376,Lake Oswego,OR,S,M,0,67.49,5,40000,77,0
9050,Beaverton,OR,S,M,0,67.48,5,80000,51,0
2462,Santa Fe,DF,M,F,2,67.48,3,100000,66,0
8599,Everett,WA,S,F,0,67.47999999999999,3,20000,71,0
6517,San Gabriel,CA,M,F,3,67.44,3,20000,18,0
5615,Kirkland,WA,S,M,0,67.44,4,40000,37,0
9447,Lebanon,OR,S,M,0,67.42000000000002,4,60000,34,0
5978,Torrance,CA,M,M,2,67.42,2,80000,62,0
5360,Milwaukie,OR,S,M,0,67.41,4,40000,41,0
7411,Lakewood,CA,M,M,0,67.38,3,40000,47,0
5528,Coronado,CA,S,F,0,67.36,4,20000,34,0
8145,Langley,BC,M,M,2,67.33999999999999,3,40000,66,0
2834,Newton,BC,M,M,1,67.33999999999999,4,80000,84,0
521,Milwaukie,OR,M,M,1,67.32000000000001,3,40000,48,0
5171,Pomona,CA,S,M,0,67.31,2,20000,81,0
4320,West Covina,CA,M,M,3,67.27999999999999,2,100000,29,0
4666,Lebanon,OR,M,F,2,67.23,5,100000,74,0
7382,Walla Walla,WA,M,F,0,67.19999999999997,5,120000,30,1
3806,San Diego,CA,S,M,0,67.19,3,40000,37,1
1799,Port Hammond,BC,S,M,0,67.15000000000002,3,80000,38,0
1437,Torrance,CA,S,F,0,67.15000000000002,3,80000,88,0
3480,Woodland Hills,CA,S,F,0,67.15,3,20000,22,0
8777,Puyallup,WA,M,M,0,67.13,5,80000,26,0
8148,Downey,CA,S,M,0,67.12,4,100000,27,0
1490,Albany,OR,M,M,3,67.09,7,60000,47,0
9823,Albany,OR,M,F,0,67.05,3,80000,77,0
3897,Salem,OR,M,M,2,67.02,3,20000,60,1
7099,Edmonds,WA,M,M,5,66.99000000000001,2,140000,52,0
5232,Downey,CA,M,F,4,66.99,2,20000,76,0
8942,Long Beach,CA,M,M,2,66.97,3,40000,53,0
9744,West Covina,CA,S,M,0,66.95999999999998,3,40000,61,0
1838,Coronado,CA,S,M,0,66.94999999999999,3,20000,37,0
891,San Gabriel,CA,S,F,0,66.83,4,40000,70,0
3026,San Andres,DF,M,F,0,66.81,4,20000,48,1
578,San Diego,CA,S,M,0,66.79,4,40000,31,1
10189,Port Hammond,BC,S,F,0,66.74000000000001,3,100000,40,0
1601,San Gabriel,CA,S,M,0,66.67,4,80000,79,0
7186,Kirkland,WA,M,F,5,66.64,2,150000,52,0
7689,Ballard,WA,S,M,0,66.63999999999999,4,60000,20,0
1874,Tacoma,WA,S,M,0,66.63,5,60000,24,1
2206,Newport Beach,CA,S,F,0,66.62,5,20000,37,0
6730,Lakewood,CA,M,M,2,66.61,6,40000,72,0
4379,Langley,BC,S,M,0,66.59,2,60000,83,0
4407,Los Angeles,CA,S,M,0,66.55000000000001,3,40000,62,1
6590,Arcadia,CA,M,F,1,66.52,3,80000,86,0
7218,Redmond,WA,M,F,2,66.5,4,60000,50,0
3558,Lemon Grove,CA,S,F,0,66.5,4,80000,41,0
3188,Lakewood,CA,S,M,0,66.45,2,40000,52,0
8303,Kirkland,WA,S,M,0,66.41999999999999,3,140000,57,0
2289,Glendale,CA,S,F,0,66.39000000000001,3,40000,83,0
4466,Lebanon,OR,M,M,0,66.39,4,20000,77,0
1387,Beaverton,OR,M,F,0,66.38999999999999,3,80000,21,0
9463,Redmond,WA,M,F,1,66.37,3,100000,23,0
3046,Salem,OR,M,M,2,66.36,5,40000,28,1
7906,Corvallis,OR,M,M,1,66.30000000000001,4,20000,32,0
4164,Port Hammond,BC,S,M,0,66.3,5,40000,38,0
1020,Oak Bay,BC,M,F,4,66.28,3,40000,62,0
4357,Long Beach,CA,S,F,0,66.24,4,40000,83,0
1900,West Covina,CA,S,F,0,66.21000000000001,3,140000,35,0
9843,Burnaby,BC,M,F,4,66.19,2,80000,67,0
7138,W. Linn,OR,M,M,2,66.14000000000001,3,40000,29,0
6439,Downey,CA,S,F,0,66.14,3,40000,77,0
3679,Lemon Grove,CA,S,F,0,66.08,3,100000,40,0
9778,Tixapan,DF,S,M,0,66.06,6,100000,25,0
5234,Mexico City,Mexico,M,F,0,65.99000000000001,4,100000,45,1
7283,Albany,OR,M,F,3,65.95,3,40000,88,0
3906,Ballard,WA,S,M,0,65.93,3,40000,28,0
401,Vancouver,BC,M,M,2,65.92999999999999,4,40000,69,1
4273,Portland,OR,M,M,2,65.91000000000001,3,40000,87,1
1268,Milwaukie,OR,S,F,0,65.91,4,80000,60,0
3426,Portland,OR,M,F,1,65.89,3,80000,74,1
6800,Imperial Beach,CA,M,F,1,65.88999999999999,2,40000,64,0
3386,Chula Vista,CA,M,F,4,65.88000000000001,3,40000,25,0
5235,N. Vancouver,BC,S,F,0,65.85000000000001,2,20000,75,0
8882,Burbank,CA,S,F,0,65.85,3,40000,42,0
3034,Arcadia,CA,S,M,0,65.85,4,100000,29,0
2969,Lakewood,CA,S,M,0,65.84,4,20000,73,0
4044,Santa Anita,DF,S,M,0,65.78999999999999,5,120000,56,0
8779,Lebanon,OR,S,F,0,65.78,3,80000,37,0
5166,Kirkland,WA,M,M,2,65.77,4,40000,83,0
10137,Newton,BC,S,F,0,65.76,3,100000,82,0
4056,Beaverton,OR,M,M,3,65.76,6,40000,25,0
8156,Los Angeles,CA,M,M,0,65.75,3,60000,41,1
9904,Richmond,BC,M,M,0,65.7,4,20000,59,0
2620,West Covina,CA,M,F,0,65.66,2,60000,76,0
8416,Milwaukie,OR,S,F,0,65.64,3,20000,88,0
9359,Tixapan,DF,M,F,0,65.59,4,80000,19,0
2258,Oregon City,OR,M,F,1,65.58000000000001,3,20000,71,0
3473,Redmond,WA,S,M,0,65.56000000000002,4,60000,35,0
10275,Lebanon,OR,M,M,0,65.55999999999999,4,40000,52,0
7945,Ladner,BC,S,F,0,65.5,3,80000,57,0
4334,El Cajon,CA,S,M,0,65.47000000000001,3,40000,54,0
7546,Woodburn,OR,M,M,0,65.46,4,60000,50,0
9019,Newport Beach,CA,M,M,2,65.45,3,60000,75,0
5664,Oregon City,OR,M,M,4,65.44999999999999,2,60000,55,0
8015,Corvallis,OR,M,M,2,65.43,3,20000,68,0
8885,West Covina,CA,M,F,2,65.42,4,20000,38,0
5941,Glendale,CA,S,M,0,65.38,2,60000,31,0
3247,Guadalajara,Jalisco,S,M,0,65.33,4,20000,72,1
985,El Cajon,CA,M,F,2,65.32,4,20000,20,0
606,Port Hammond,BC,S,F,0,65.3,2,80000,30,0
3832,Portland,OR,S,M,0,65.26,3,20000,82,1
781,Lemon Grove,CA,M,F,1,65.25999999999999,3,60000,58,0
4244,Haney,BC,S,F,0,65.24999999999999,3,40000,40,0
9930,Mexico City,Mexico,S,M,0,65.21000000000001,3,100000,51,1
757,Edmonds,WA,S,M,0,65.21000000000001,3,20000,47,0
1539,Glendale,CA,M,M,1,65.16999999999999,4,60000,28,0
669,Newport Beach,CA,S,F,0,65.16999999999999,5,40000,75,0
5459,Ladner,BC,M,M,5,65.16,3,40000,19,0
4153,Renton,WA,M,M,4,65.14999999999999,3,60000,42,0
1719,Richmond,BC,M,M,2,65.11000000000001,4,40000,22,0
5136,Langley,BC,M,M,3,65.11,4,40000,87,0
9467,Milwaukie,OR,S,M,0,65.10000000000001,2,100000,21,0
852,Marysville,WA,S,F,0,65.1,5,40000,80,0
8526,W. Linn,OR,M,F,1,65.08,3,80000,80,0
9775,Beverly Hills,CA,S,F,0,65.07000000000001,4,40000,62,1
3547,Oregon City,OR,M,F,0,65.03999999999999,6,40000,64,0
1151,Lincoln Acres,CA,S,F,0,64.91999999999999,3,40000,57,0
7524,Issaquah,WA,S,M,0,64.91000000000001,3,20000,46,0
4667,Redmond,WA,M,M,5,64.89000000000001,2,140000,88,0
160,Renton,WA,M,F,1,64.88999999999999,3,100000,37,0
6536,Victoria,BC,S,F,0,64.88,1,40000,35,1
8411,Redmond,WA,S,M,0,64.87,5,80000,20,0
5278,Beaverton,OR,S,M,0,64.8,3,40000,26,0
9373,Kirkland,WA,S,M,0,64.78,3,20000,57,0
1395,Newton,BC,S,M,0,64.73,3,20000,40,0
7706,Redmond,WA,M,M,1,64.72999999999999,2,80000,88,0
1508,Walla Walla,WA,S,M,0,64.7,7,60000,39,1
5339,Lake Oswego,OR,M,M,2,64.67,3,100000,82,0
3755,Chula Vista,CA,S,M,0,64.66,3,40000,61,0
191,Arcadia,CA,S,F,0,64.66,2,40000,49,0
5279,Long Beach,CA,M,M,2,64.64999999999999,4,150000,67,0
6104,San Andres,DF,M,F,0,64.61,5,60000,38,1
1389,Newport Beach,CA,M,M,1,64.60000000000001,3,40000,37,0
4402,Milwaukie,OR,S,F,0,64.59,4,120000,65,0
4905,Acapulco,Guerrero,M,F,3,64.58,5,120000,36,1
2362,Long Beach,CA,M,F,2,64.52000000000001,4,60000,46,0
3013,Langford,BC,M,F,1,64.52,2,80000,56,0
4832,Issaquah,WA,M,F,2,64.50999999999999,3,40000,48,0
7726,Vancouver,BC,S,F,0,64.44,5,20000,79,1
3859,Lemon Grove,CA,S,M,0,64.37,4,20000,45,0
1941,Ballard,WA,S,F,0,64.36999999999999,3,140000,58,0
9396,Lebanon,OR,S,F,0,64.36,4,60000,68,0
3686,N. Vancouver,BC,S,F,0,64.35,3,40000,53,0
8743,Port Hammond,BC,S,F,0,64.33000000000001,4,40000,30,0
9621,Long Beach,CA,M,M,4,64.3,4,60000,37,0
5979,Guadalajara,Jalisco,M,F,2,64.28,6,40000,70,1
5498,Lincoln Acres,CA,S,M,0,64.26,3,120000,26,0
5032,Issaquah,WA,S,M,0,64.22999999999999,2,60000,30,0
9379,Redmond,WA,S,M,0,64.19999999999999,4,140000,71,0
2826,San Andres,DF,S,M,0,64.19000000000001,3,20000,27,1
8939,Westminster,BC,M,M,2,64.19,5,40000,31,0
2375,Ladner,BC,M,F,2,64.17999999999999,3,40000,68,0
2332,Lemon Grove,CA,S,M,0,64.17,3,80000,48,0
8614,Vancouver,BC,M,F,4,64.16,3,40000,35,1
9909,Lemon Grove,CA,S,M,0,64.13000000000001,3,40000,36,0
8608,Coronado,CA,M,F,5,64.1,4,80000,56,0
6807,Edmonds,WA,M,F,3,64.09,2,80000,36,0
4474,Newport Beach,CA,M,F,4,64.06,4,40000,43,0
6733,Salem,OR,S,F,0,63.97999999999999,5,40000,58,1
3718,Oregon City,OR,M,F,2,63.96,5,100000,43,0
6634,Kirkland,WA,S,F,0,63.85,4,100000,34,0
4492,Richmond,BC,M,M,2,63.830000000000005,3,40000,44,0
4403,Arcadia,CA,M,M,2,63.8,4,100000,25,0
3191,West Covina,CA,S,F,0,63.8,3,150000,25,0
8260,Pomona,CA,S,M,0,63.78999999999999,4,40000,81,0
6558,Ladner,BC,S,F,0,63.779999999999994,4,40000,58,0
6769,Newton,BC,S,F,0,63.760000000000005,3,120000,27,0
4219,Lake Oswego,OR,S,F,0,63.68999999999999,3,80000,19,0
3,Issaquah,WA,M,F,1,63.669999999999995,2,60000,88,0
8266,Lakewood,CA,S,F,0,63.650000000000006,2,20000,44,0
1162,Torrance,CA,M,M,2,63.64000000000001,2,80000,63,0
1213,Sooke,BC,S,F,0,63.629999999999995,2,60000,79,0
7112,El Cajon,CA,S,M,0,63.60000000000001,3,20000,81,0
8782,Downey,CA,S,F,0,63.57,4,40000,64,0
7195,Long Beach,CA,S,F,0,63.56,3,140000,41,0
7401,Spring Valley,CA,M,M,1,63.53,3,120000,82,0
5007,Newton,BC,M,M,3,63.510000000000005,3,40000,47,0
8797,Beaverton,OR,M,M,3,63.49,5,120000,66,0
3407,West Covina,CA,S,M,0,63.46000000000001,4,20000,67,0
5352,Shawnee,BC,M,F,1,63.42999999999999,3,40000,30,0
8720,Beaverton,OR,M,M,1,63.419999999999995,6,60000,27,0
235,W. Linn,OR,M,M,0,63.419999999999995,3,80000,78,0
9564,Puyallup,WA,S,M,0,63.389999999999986,5,40000,50,0
2654,Arcadia,CA,M,F,2,63.35999999999999,4,140000,65,0
8914,Lynnwood,WA,M,F,0,63.34,3,20000,32,0
791,Haney,BC,S,M,0,63.330000000000005,4,20000,42,0
4168,Albany,OR,M,M,1,63.290000000000006,3,140000,64,0
542,Richmond,BC,M,M,1,63.27,5,140000,51,0
5036,Langford,BC,S,M,0,63.26000000000001,2,40000,72,0
923,Lynnwood,WA,S,F,0,63.22,2,40000,74,0
7775,Woodland Hills,CA,S,M,0,63.2,4,40000,58,0
3097,Pomona,CA,M,M,0,63.18,2,40000,39,0
6887,Burnaby,BC,S,M,0,63.17999999999999,3,20000,59,0
2127,Lynnwood,WA,M,F,4,63.169999999999995,4,20000,57,0
38,Arcadia,CA,S,M,0,63.14000000000001,4,40000,40,0
9127,Spring Valley,CA,S,M,0,63.11999999999999,3,20000,53,0
10101,Burbank,CA,M,F,0,63.11,4,120000,53,0
7179,W. Linn,OR,M,F,1,63.11,4,20000,52,0
856,Oregon City,OR,M,M,5,63.099999999999994,4,40000,68,0
4524,La Jolla,CA,M,M,1,63.08,3,40000,72,0
3777,Burnaby,BC,S,M,0,63.06999999999999,4,100000,48,0
766,Burien,WA,M,M,1,63.010000000000005,3,40000,20,0
6593,Haney,BC,S,M,0,63,2,40000,19,0
2767,Lake Oswego,OR,S,M,0,62.98,3,20000,79,0
8469,Burnaby,BC,S,M,0,62.970000000000006,3,60000,30,0
5359,Torrance,CA,M,M,1,62.95,4,60000,48,0
5834,Oregon City,OR,S,F,0,62.93,4,20000,74,0
10024,Santa Anita,DF,M,M,1,62.92,3,40000,77,0
2068,Beverly Hills,CA,M,F,3,62.89000000000001,3,40000,37,1
5118,W. Linn,OR,S,F,0,62.88000000000001,3,80000,68,0
2102,San Gabriel,CA,S,M,0,62.879999999999995,4,120000,37,0
3395,Milwaukie,OR,M,F,1,62.86,4,20000,63,0
6284,Arcadia,CA,M,F,4,62.74,3,20000,21,0
4851,Guadalajara,Jalisco,M,F,4,62.72,4,60000,70,1
5273,Newton,BC,M,M,0,62.709999999999994,3,20000,31,0
2521,Arcadia,CA,S,M,0,62.69,3,40000,78,0
8900,Haney,BC,M,M,1,62.64000000000001,4,80000,30,0
818,Edmonds,WA,M,F,2,62.60999999999999,3,20000,38,0
8602,San Diego,CA,S,F,0,62.599999999999994,4,80000,50,1
2512,Imperial Beach,CA,M,F,2,62.579999999999984,5,20000,34,0
1962,Lincoln Acres,CA,S,M,0,62.529999999999994,3,40000,61,0
9883,Woodland Hills,CA,S,M,0,62.510000000000005,5,60000,28,0
1848,Lake Oswego,OR,S,M,0,62.49,3,60000,43,0
8792,Kirkland,WA,M,M,4,62.48999999999999,3,140000,34,0
4128,Richmond,BC,M,M,1,62.48,2,20000,24,0
6354,Newton,BC,M,M,2,62.46000000000001,4,40000,76,0
975,Arcadia,CA,S,F,0,62.45000000000001,4,140000,25,0
2559,Edmonds,WA,M,F,0,62.44,2,120000,53,0
6383,Walla Walla,WA,S,M,0,62.43000000000001,3,60000,24,1
2786,Port Hammond,BC,M,M,1,62.41,2,40000,25,0
9896,Cliffside,BC,M,M,0,62.400000000000006,3,40000,33,0
2452,Newport Beach,CA,S,F,0,62.4,3,80000,32,0
7322,Burnaby,BC,S,F,0,62.39999999999999,3,40000,65,0
3273,Portland,OR,M,F,1,62.349999999999994,3,20000,41,1
1959,Redmond,WA,S,M,0,62.32,4,40000,39,0
6670,Pomona,CA,S,M,0,62.31999999999999,2,80000,22,0
9343,W. Linn,OR,M,F,5,62.31,3,140000,66,0
6470,Pomona,CA,S,M,0,62.309999999999995,3,20000,78,0
4471,Oregon City,OR,M,M,0,62.309999999999995,3,40000,46,0
5409,Vancouver,BC,S,F,0,62.27,4,120000,59,1
6327,Lake Oswego,OR,S,M,0,62.250000000000014,4,20000,83,0
8541,Burien,WA,M,F,1,62.239999999999995,4,140000,21,0
9060,Vancouver,BC,M,M,4,62.21,4,60000,38,1
730,Santa Monica,CA,M,F,2,62.190000000000005,2,140000,61,0
5123,Lake Oswego,OR,S,F,0,62.18,3,20000,22,0
4923,Ladner,BC,M,M,2,62.16000000000001,4,40000,62,0
6906,Newton,BC,S,M,0,62.13999999999999,3,80000,86,0
3911,Burbank,CA,S,M,0,62.08999999999999,4,40000,63,0
7890,Grossmont,CA,M,F,0,62.010000000000005,4,60000,39,0
7547,El Cajon,CA,S,M,0,61.96000000000001,3,20000,52,0
3463,Woodburn,OR,S,M,0,61.89,4,20000,26,0
9599,San Diego,CA,S,F,0,61.81,2,60000,36,1
2299,Newton,BC,S,F,0,61.78999999999999,3,60000,82,0
8800,Issaquah,WA,M,M,0,61.779999999999994,4,100000,54,0
3293,Oregon City,OR,M,F,1,61.77000000000001,3,40000,69,0
1133,Burbank,CA,S,F,0,61.76,4,40000,45,0
9342,Victoria,BC,M,F,1,61.72999999999999,3,60000,31,1
7600,Ladner,BC,M,F,0,61.7,3,100000,73,0
1800,W. Linn,OR,S,F,0,61.69999999999999,3,60000,48,0
1915,Oregon City,OR,S,M,0,61.65,4,150000,24,0
4844,National City,CA,S,F,0,61.61000000000001,3,40000,51,0
3723,Port Hammond,BC,M,M,0,61.58,4,60000,60,0
3449,Pomona,CA,M,F,0,61.55,4,40000,19,0
915,Richmond,BC,S,M,0,61.540000000000006,4,40000,43,0
9551,La Mesa,CA,M,M,1,61.51,2,20000,55,0
5307,Arcadia,CA,M,F,1,61.49999999999999,3,20000,20,0
9513,Renton,WA,M,F,0,61.49,3,20000,83,0
10128,Burien,WA,S,M,0,61.48,3,40000,62,0
3256,Haney,BC,M,F,2,61.47,4,40000,21,0
5974,Los Angeles,CA,S,F,0,61.46999999999999,3,40000,84,1
4480,Langford,BC,S,F,0,61.459999999999994,2,60000,37,0
5413,Westminster,BC,S,M,0,61.43,3,40000,68,0
9023,La Mesa,CA,S,M,0,61.42,2,40000,35,0
2830,Glendale,CA,S,M,0,61.400000000000006,3,20000,42,0
210,Burnaby,BC,M,F,1,61.39,3,80000,87,0
9152,Lincoln Acres,CA,M,F,3,61.35000000000001,3,100000,29,0
5794,Ladner,BC,M,F,1,61.34,3,40000,34,0
1659,Ballard,WA,M,F,0,61.33999999999999,4,40000,81,0
187,Woodburn,OR,S,M,0,61.30000000000001,5,20000,23,0
5412,La Jolla,CA,S,M,0,61.27000000000001,2,40000,40,0
8074,Puyallup,WA,M,F,1,61.25,6,40000,49,0
1820,Arcadia,CA,S,M,0,61.23,3,80000,40,0
3052,Bellflower,CA,S,M,0,61.190000000000005,5,40000,64,0
7884,Portland,OR,M,F,0,61.19,3,40000,50,1
834,Spring Valley,CA,S,M,0,61.19,2,40000,81,0
5388,Lake Oswego,OR,M,M,0,61.169999999999995,3,80000,76,0
4629,Woodburn,OR,M,F,4,61.15,4,40000,44,0
4130,Vancouver,BC,S,F,0,61.129999999999995,2,40000,70,1
8346,Langley,BC,M,F,5,61.09,3,80000,70,0
6287,Newton,BC,S,M,0,61.08999999999999,3,40000,61,0
8711,Beverly Hills,CA,S,M,0,61.06999999999999,3,60000,38,1
3702,Torrance,CA,M,F,1,61.06,3,120000,74,0
2029,Westminster,BC,M,M,1,61.05,3,60000,78,0
424,West Covina,CA,M,F,2,61.040000000000006,2,20000,83,0
8234,La Jolla,CA,S,F,0,61.029999999999994,3,40000,60,0
3227,La Mesa,CA,S,F,0,61.02,2,40000,38,0
6239,Port Hammond,BC,M,F,1,61,4,40000,64,0
10229,Ladner,BC,M,F,1,60.99000000000001,5,40000,45,0
9835,Langley,BC,M,F,0,60.98,4,40000,31,0
7845,Woodburn,OR,M,F,1,60.96,2,80000,70,0
8838,N. Vancouver,BC,M,F,0,60.94999999999999,4,60000,19,0
5433,Albany,OR,M,M,1,60.93000000000001,5,140000,53,0
4637,Newton,BC,M,M,4,60.85,2,40000,30,0
5643,Everett,WA,S,M,0,60.81999999999999,4,40000,84,0
5502,Arcadia,CA,M,M,3,60.809999999999995,3,140000,31,0
319,Burien,WA,M,F,0,60.77000000000001,5,80000,41,0
3655,Glendale,CA,M,F,3,60.74999999999999,3,40000,74,0
661,Pomona,CA,M,M,0,60.73,3,60000,82,0
1737,Spring Valley,CA,M,M,2,60.72000000000001,3,40000,43,0
6421,Newport Beach,CA,M,F,2,60.709999999999994,3,40000,57,0
5414,Grossmont,CA,S,M,0,60.7,3,80000,37,0
5471,Pomona,CA,S,M,0,60.68999999999999,4,20000,85,0
7990,Burnaby,BC,S,M,0,60.64999999999999,3,120000,61,0
3709,Altadena,CA,S,M,0,60.63,4,20000,63,0
9091,Haney,BC,S,M,0,60.59,2,60000,82,0
9995,Haney,BC,M,F,1,60.57999999999999,3,40000,75,0
7731,Los Angeles,CA,M,F,5,60.56,3,20000,81,1
2393,Newport Beach,CA,M,F,3,60.53999999999999,2,60000,35,0
5535,El Cajon,CA,M,M,1,60.52,4,20000,86,0
5493,Newport Beach,CA,M,F,2,60.52,4,80000,53,0
1973,Edmonds,WA,M,M,1,60.52,2,20000,69,0
6197,Lynnwood,WA,S,M,0,60.51,2,40000,54,0
3851,Vancouver,BC,M,F,3,60.50000000000001,4,60000,72,1
1456,Haney,BC,M,F,4,60.490000000000016,2,60000,72,0
4514,Beaverton,OR,S,M,0,60.49000000000001,3,20000,22,0
1455,Lakewood,CA,S,F,0,60.489999999999995,4,40000,71,0
9157,Bellflower,CA,M,F,1,60.48999999999998,2,20000,66,0
9237,Portland,OR,S,F,0,60.470000000000006,5,60000,53,1
9426,Tixapan,DF,S,M,0,60.459999999999994,4,20000,34,0
5434,Mexico City,Mexico,S,F,0,60.44000000000002,3,20000,44,1
2079,San Andres,DF,S,F,0,60.41000000000001,3,60000,51,1
1166,Woodburn,OR,S,M,0,60.41,4,40000,69,0
581,Imperial Beach,CA,S,M,0,60.39999999999999,2,40000,65,0
5507,Westminster,BC,S,M,0,60.399999999999984,3,40000,71,0
5014,Newport Beach,CA,S,M,0,60.38,5,40000,39,0
3011,Marysville,WA,M,F,0,60.37,3,20000,67,0
5308,Glendale,CA,M,M,2,60.330000000000005,4,80000,62,0
9321,Walla Walla,WA,M,M,1,60.31,7,20000,51,1
4459,Burien,WA,M,F,1,60.30000000000001,3,40000,42,0
6117,Langley,BC,S,F,0,60.29000000000001,3,40000,73,0
6757,Woodland Hills,CA,M,M,1,60.279999999999994,3,20000,52,0
8356,Marysville,WA,S,F,0,60.24000000000001,4,60000,29,0
1818,Portland,OR,M,M,3,60.21999999999999,4,40000,66,1
971,Oak Bay,BC,M,F,2,60.190000000000005,2,60000,81,0
1995,Ballard,WA,S,F,0,60.15,3,120000,40,0
8053,Imperial Beach,CA,M,F,0,60.14,4,80000,55,0
629,La Mesa,CA,M,M,2,60.13,2,20000,84,0
9130,San Diego,CA,M,M,3,60.099999999999994,4,120000,76,1
4782,Coronado,CA,S,F,0,60.08,3,20000,25,0
4686,Downey,CA,S,F,0,60.05999999999998,3,60000,40,0
4596,Tixapan,DF,S,F,0,60.01999999999998,5,80000,68,0
6099,Westminster,BC,S,M,0,60.010000000000005,4,100000,24,0
28,Everett,WA,S,F,0,59.98,2,20000,28,0
6771,Everett,WA,M,F,2,59.97,2,40000,78,0
2323,Richmond,BC,S,M,0,59.97,4,20000,62,0
305,Langley,BC,S,F,0,59.97,4,80000,67,0
3972,Vancouver,BC,M,M,3,59.89000000000001,3,120000,25,1
8576,Milwaukie,OR,S,F,0,59.89,4,60000,66,0
8065,Ballard,WA,M,M,2,59.88999999999999,2,40000,29,0
6798,Metchosin,BC,S,M,0,59.870000000000005,3,20000,66,0
4303,Haney,BC,S,F,0,59.87,3,80000,29,0
3952,West Covina,CA,M,M,1,59.86,4,40000,86,0
6155,Renton,WA,S,F,0,59.84,3,40000,41,0
3066,Coronado,CA,S,F,0,59.8,3,80000,41,0
9666,Cliffside,BC,M,F,5,59.77999999999999,3,120000,43,0
8517,Coronado,CA,S,F,0,59.75,3,40000,86,0
3504,Walla Walla,WA,M,F,4,59.739999999999995,5,60000,71,1
2782,Torrance,CA,M,F,0,59.73,3,80000,53,0
8926,Burien,WA,S,M,0,59.72999999999999,3,80000,32,0
8594,Santa Monica,CA,M,F,0,59.71,2,140000,75,0
1649,Coronado,CA,S,M,0,59.67,3,60000,85,0
9338,Newport Beach,CA,M,F,1,59.629999999999995,3,20000,33,0
7352,Burbank,CA,S,F,0,59.61000000000001,3,60000,62,0
7436,El Cajon,CA,S,F,0,59.60999999999999,2,100000,25,0
3146,Burbank,CA,M,M,0,59.59,3,40000,43,0
6194,Oregon City,OR,M,M,5,59.58,3,20000,46,0
6057,Milwaukie,OR,M,F,1,59.570000000000014,4,60000,68,0
6772,Spring Valley,CA,S,M,0,59.540000000000006,3,40000,60,0
3728,Lebanon,OR,M,M,4,59.51999999999998,5,40000,20,0
1103,Chula Vista,CA,M,F,4,59.49000000000001,2,40000,58,0
328,Oregon City,OR,S,M,0,59.489999999999995,2,80000,87,0
9269,Newport Beach,CA,M,F,2,59.440000000000005,4,20000,75,0
5389,Burbank,CA,S,F,0,59.4,2,40000,81,0
281,Bellflower,CA,S,F,0,59.379999999999995,2,60000,69,0
5673,Lincoln Acres,CA,M,M,0,59.35,3,60000,47,0
1085,Lakewood,CA,S,F,0,59.34999999999999,4,40000,34,0
7857,Lynnwood,WA,S,F,0,59.32000000000001,2,40000,71,0
4877,Kirkland,WA,M,M,4,59.32,4,40000,58,0
3253,Corvallis,OR,S,M,0,59.31,3,80000,49,0
6175,Burnaby,BC,M,F,0,59.3,2,40000,82,0
4826,Royal Oak,BC,S,F,0,59.290000000000006,2,60000,41,0
10082,Renton,WA,M,M,3,59.22,3,80000,52,0
75,Lynnwood,WA,S,F,0,59.19999999999999,6,40000,85,0
8084,Walla Walla,WA,M,F,1,59.179999999999986,6,20000,46,1
226,W. Linn,OR,S,F,0,59.15000000000001,5,100000,24,0
3316,Beverly Hills,CA,M,M,0,59.150000000000006,4,140000,80,1
9013,Beaverton,OR,M,M,4,59.12000000000001,2,140000,87,0
6818,Richmond,BC,S,M,0,59.11,2,40000,18,0
1668,National City,CA,S,F,0,59.09,3,60000,77,0
1751,Burien,WA,M,F,3,59.030000000000015,3,80000,70,0
5721,Kirkland,WA,M,M,0,59.03,2,40000,34,0
4410,Salem,OR,M,F,0,59.03,7,60000,47,1
1896,Walla Walla,WA,M,F,3,59.029999999999994,8,20000,41,1
10116,Puyallup,WA,M,M,1,59.01,5,40000,68,0
6951,Ballard,WA,M,M,1,59.00000000000001,3,60000,79,0
6083,Lincoln Acres,CA,M,M,3,58.989999999999995,3,150000,35,0
8853,Burien,WA,M,F,4,58.92,4,80000,64,0
8638,Los Angeles,CA,M,F,1,58.92,4,40000,52,1
5634,Oregon City,OR,M,F,1,58.92,3,20000,63,0
9645,Victoria,BC,M,M,1,58.91,3,80000,84,1
4375,Beverly Hills,CA,S,M,0,58.91,5,40000,84,1
2596,Beverly Hills,CA,M,M,4,58.86,3,80000,38,1
7978,Lake Oswego,OR,M,M,3,58.84,4,40000,76,0
1287,La Cruz,Sinaloa,M,M,3,58.8,2,40000,31,0
5526,Redmond,WA,M,M,3,58.78,3,40000,69,0
8035,Redmond,WA,S,M,0,58.77,3,40000,80,0
7364,Langley,BC,S,M,0,58.74999999999999,3,40000,82,0
304,Albany,OR,M,M,1,58.74000000000001,5,100000,71,0
6686,Lebanon,OR,M,M,3,58.74,4,20000,63,0
7538,Los Angeles,CA,S,M,0,58.73000000000001,3,60000,61,1
155,Port Hammond,BC,M,M,1,58.68000000000001,3,120000,32,0
2635,Edmonds,WA,M,M,0,58.679999999999986,3,40000,38,0
4774,Lake Oswego,OR,M,F,2,58.67,3,20000,29,0
4360,Vancouver,BC,M,M,4,58.66,4,60000,75,1
7288,Port Hammond,BC,M,F,3,58.62,3,20000,26,0
8428,Richmond,BC,S,M,0,58.57999999999999,3,60000,83,0
8235,Walla Walla,WA,S,F,0,58.57000000000002,6,40000,36,1
7801,Arcadia,CA,M,M,1,58.559999999999995,3,80000,54,0
81,Milwaukie,OR,S,M,0,58.540000000000006,3,20000,54,0
2798,Oregon City,OR,M,M,1,58.48,5,40000,85,0
5142,Lake Oswego,OR,S,F,0,58.47,3,100000,61,0
8559,Los Angeles,CA,S,F,0,58.45,3,40000,49,1
768,Kirkland,WA,S,M,0,58.45,2,40000,20,0
10076,Bellingham,WA,M,M,5,58.43,4,80000,57,1
9417,Everett,WA,S,M,0,58.42000000000001,4,40000,30,0
8274,Albany,OR,S,F,0,58.38,3,80000,34,0
1544,N. Vancouver,BC,M,M,2,58.379999999999995,3,60000,74,0
3778,Burnaby,BC,S,F,0,58.35,4,40000,25,0
4561,Langley,BC,S,M,0,58.34,2,40000,35,0
5577,N. Vancouver,BC,M,F,1,58.32,4,140000,37,0
5717,Torrance,CA,S,F,0,58.31,3,40000,51,0
1173,Salem,OR,S,M,0,58.29999999999999,5,60000,50,1
4074,Portland,OR,S,M,0,58.28,5,60000,19,1
10129,N. Vancouver,BC,S,F,0,58.27,3,40000,24,0
7035,Long Beach,CA,M,F,3,58.24999999999999,3,60000,60,0
10097,Beverly Hills,CA,S,M,0,58.24,3,40000,32,1
4315,Puyallup,WA,S,M,0,58.21999999999999,3,40000,31,0
3701,San Gabriel,CA,S,F,0,58.2,3,120000,78,0
3881,Westminster,BC,S,M,0,58.18000000000001,4,40000,65,0
5189,Lakewood,CA,M,M,0,58.17,3,40000,72,0
969,Vancouver,BC,S,F,0,58.129999999999995,3,40000,57,1
10241,Royal Oak,BC,M,F,5,58.120000000000005,2,20000,19,0
2463,Richmond,BC,M,M,2,58.1,3,20000,37,0
5084,Port Hammond,BC,M,M,5,58.07,4,20000,43,0
8653,Port Orchard,WA,S,M,0,58.03000000000001,4,60000,67,0
9061,Kirkland,WA,S,M,0,58.02,2,20000,66,0
3333,Arcadia,CA,S,F,0,57.97,3,120000,68,0
8767,La Cruz,Sinaloa,S,F,0,57.969999999999985,4,40000,25,0
4028,Ladner,BC,M,F,1,57.969999999999985,3,40000,45,0
2746,Pomona,CA,S,M,0,57.93,2,140000,43,0
2469,Ballard,WA,S,F,0,57.88,3,80000,20,0
6805,Torrance,CA,M,M,1,57.870000000000005,3,150000,47,0
9658,Altadena,CA,M,F,2,57.86,4,20000,62,0
6459,San Diego,CA,M,M,4,57.86,4,20000,76,1
933,Haney,BC,S,M,0,57.85999999999999,3,20000,35,0
2436,Ballard,WA,S,M,0,57.859999999999985,4,40000,57,0
461,Lake Oswego,OR,M,M,4,57.84999999999999,2,20000,85,0
6689,Vancouver,BC,S,M,0,57.81,3,40000,59,1
5827,Beaverton,OR,M,M,3,57.760000000000005,3,40000,20,0
9482,Santa Monica,CA,M,F,1,57.72,3,120000,38,0
7004,Milwaukie,OR,M,M,3,57.7,2,20000,37,0
6895,Shawnee,BC,M,F,2,57.69000000000001,2,60000,18,0
1619,Arcadia,CA,M,M,4,57.669999999999995,3,40000,46,0
9609,Newton,BC,M,M,3,57.650000000000006,4,20000,25,0
6693,Westminster,BC,M,F,1,57.63999999999999,4,60000,68,0
8724,Glendale,CA,S,M,0,57.61999999999999,2,40000,21,0
1311,Oregon City,OR,M,M,4,57.59,2,60000,67,0
1286,Coronado,CA,M,M,0,57.55,3,40000,82,0
567,Santa Fe,DF,S,F,0,57.510000000000005,4,60000,45,0
2269,Portland,OR,S,M,0,57.48,4,20000,21,1
9583,Kirkland,WA,S,F,0,57.470000000000006,3,60000,29,0
5390,Seattle,WA,S,F,0,57.47,2,140000,29,1
2711,Marysville,WA,M,M,0,57.45,3,140000,30,0
1327,Altadena,CA,M,M,5,57.43000000000001,2,20000,76,0
3326,Ladner,BC,S,F,0,57.42,3,40000,51,0
7654,Kirkland,WA,S,F,0,57.419999999999995,2,140000,21,0
1306,Lynnwood,WA,M,M,2,57.370000000000005,2,60000,33,0
9769,Spring Valley,CA,M,F,2,57.37,4,20000,20,0
6457,Issaquah,WA,S,F,0,57.35999999999999,3,40000,71,0
6715,Torrance,CA,S,M,0,57.35000000000001,3,60000,57,0
3966,Marysville,WA,M,M,2,57.349999999999994,3,20000,34,0
5020,Westminster,BC,M,M,3,57.33,3,60000,61,0
1331,Newport Beach,CA,S,F,0,57.31,3,40000,68,0
7488,Haney,BC,M,F,0,57.309999999999995,4,40000,66,0
7169,Cliffside,BC,S,F,0,57.29,3,60000,50,0
9128,Burnaby,BC,S,F,0,57.260000000000005,3,40000,68,0
9488,Chula Vista,CA,M,F,2,57.25,3,60000,58,0
3359,Lake Oswego,OR,S,M,0,57.25,2,80000,74,0
8528,Oregon City,OR,M,M,2,57.22,5,140000,82,0
6174,Los Angeles,CA,S,F,0,57.190000000000005,2,20000,53,1
1694,Oak Bay,BC,S,M,0,57.12,3,20000,85,0
2643,Ladner,BC,S,M,0,57.11,5,60000,21,0
7796,Newton,BC,S,F,0,57.1,3,20000,88,0
9421,Walla Walla,WA,S,M,0,57.08999999999999,5,40000,50,1
8927,N. Vancouver,BC,S,M,0,57.07000000000001,3,40000,73,0
4616,Burbank,CA,S,F,0,57.059999999999995,3,40000,41,0
7985,National City,CA,S,M,0,57.05,3,60000,44,0
9370,Grossmont,CA,S,F,0,57.04999999999999,4,100000,27,0
7594,W. Linn,OR,S,M,0,57.01,4,40000,73,0
1594,Milwaukie,OR,M,M,0,57.01,3,100000,24,0
9222,Ladner,BC,S,M,0,57,3,80000,42,0
6299,West Covina,CA,M,F,2,56.989999999999995,3,60000,20,0
4368,Torrance,CA,S,M,0,56.989999999999995,3,80000,54,0
10257,Renton,WA,M,F,0,56.98,5,80000,20,0
9358,Seattle,WA,S,F,0,56.959999999999994,2,40000,86,1
8909,Port Hammond,BC,S,F,0,56.959999999999994,4,40000,49,0
3358,Edmonds,WA,M,F,2,56.959999999999994,2,40000,45,0
119,N. Vancouver,BC,S,M,0,56.959999999999994,3,20000,41,0
718,Issaquah,WA,S,F,0,56.94999999999999,3,40000,39,0
5132,Imperial Beach,CA,M,M,1,56.900000000000006,3,20000,68,0
2993,Imperial Beach,CA,S,M,0,56.89,3,80000,21,0
823,Coronado,CA,S,M,0,56.88,3,40000,36,0
3471,Beaverton,OR,M,F,4,56.84,4,100000,86,0
2964,Issaquah,WA,M,F,0,56.83,2,40000,74,0
9974,Burbank,CA,M,M,1,56.82000000000001,2,60000,30,0
8457,Torrance,CA,M,M,1,56.82,2,40000,87,0
9194,Puyallup,WA,M,M,3,56.76,4,60000,75,0
1378,Oregon City,OR,S,M,0,56.74,3,60000,45,0
1161,Seattle,WA,S,M,0,56.739999999999995,3,80000,35,1
6890,Guadalajara,Jalisco,M,F,1,56.720000000000006,5,60000,81,1
4695,Salem,OR,S,F,0,56.72,4,20000,81,1
8111,Kirkland,WA,M,F,2,56.71000000000001,3,40000,50,0
5396,Portland,OR,S,M,0,56.7,4,20000,25,1
7610,San Andres,DF,S,M,0,56.68,2,20000,24,1
751,Burbank,CA,S,F,0,56.64,3,60000,24,0
642,Spring Valley,CA,S,F,0,56.60999999999999,2,20000,21,0
9840,Burbank,CA,M,M,0,56.6,3,40000,67,0
4323,Guadalajara,Jalisco,S,F,0,56.599999999999994,5,20000,67,1
2414,Guadalajara,Jalisco,S,F,0,56.56999999999999,6,40000,32,1
849,Glendale,CA,S,F,0,56.569999999999986,3,20000,68,0
8384,Everett,WA,M,M,2,56.559999999999995,3,60000,74,0
2020,Santa Monica,CA,M,F,2,56.540000000000006,2,20000,34,0
2674,Milwaukie,OR,M,M,0,56.52999999999999,3,20000,76,0
652,Newport Beach,CA,S,M,0,56.50999999999999,3,40000,28,0
1149,Haney,BC,S,F,0,56.48,3,140000,36,0
2124,Newton,BC,S,M,0,56.46,4,40000,24,0
9452,Edmonds,WA,M,M,0,56.44,3,40000,37,0
1605,Newport Beach,CA,S,M,0,56.43999999999999,4,60000,30,0
10258,Renton,WA,M,M,3,56.43000000000001,5,40000,27,0
5903,Woodburn,OR,S,M,0,56.42,4,120000,87,0
9352,Westminster,BC,S,M,0,56.400000000000006,4,120000,65,0
10049,Altadena,CA,M,F,2,56.38,3,100000,78,0
10181,Royal Oak,BC,M,F,1,56.370000000000005,2,60000,46,0
2737,Renton,WA,M,F,0,56.370000000000005,4,60000,42,0
3876,Haney,BC,S,F,0,56.36,3,40000,54,0
8545,San Gabriel,CA,S,F,0,56.35,2,40000,68,0
1240,Marysville,WA,M,F,2,56.3,3,60000,52,0
5296,El Cajon,CA,M,F,5,56.290000000000006,2,20000,55,0
8141,Walla Walla,WA,S,M,0,56.28,5,100000,20,1
8745,Altadena,CA,M,M,1,56.27,4,80000,30,0
2961,Downey,CA,S,F,0,56.23000000000001,3,40000,43,0
3649,Portland,OR,S,F,0,56.2,2,140000,70,1
526,National City,CA,M,F,1,56.14,3,40000,44,0
6118,Oak Bay,BC,M,M,1,56.13,3,60000,43,0
868,Lakewood,CA,S,M,0,56.1,4,40000,35,0
717,Lakewood,CA,S,M,0,56.1,3,120000,58,0
8676,Downey,CA,S,F,0,56.099999999999994,3,80000,40,0
7993,Haney,BC,S,F,0,56.07000000000001,3,40000,48,0
5063,Port Orchard,WA,M,M,3,56.02,5,40000,47,0
5297,San Gabriel,CA,M,M,1,56.010000000000005,3,40000,24,0
3610,Richmond,BC,M,M,1,56.00999999999999,2,100000,68,0
3121,Lakewood,CA,M,M,1,56,4,60000,54,0
9129,Lynnwood,WA,S,F,0,55.98999999999999,3,120000,53,0
7642,Woodland Hills,CA,M,M,1,55.98,3,40000,22,0
2599,Arcadia,CA,M,M,0,55.959999999999994,3,60000,32,0
1990,Long Beach,CA,S,F,0,55.94,3,20000,82,0
3457,Coronado,CA,M,M,1,55.92,3,40000,22,0
10222,Long Beach,CA,S,M,0,55.88999999999999,2,20000,65,0
7181,Torrance,CA,M,F,0,55.830000000000005,2,60000,68,0
7193,Pomona,CA,S,M,0,55.83,3,140000,36,0
967,Burbank,CA,S,F,0,55.80999999999999,2,40000,88,0
4045,Seattle,WA,S,M,0,55.8,3,20000,61,1
3133,Lincoln Acres,CA,M,M,1,55.79999999999999,4,60000,32,0
9842,Shawnee,BC,M,F,4,55.790000000000006,3,40000,36,0
3240,Burbank,CA,M,M,0,55.78999999999999,3,60000,58,0
439,Salem,OR,M,M,3,55.77,4,40000,77,1
6629,Guadalajara,Jalisco,S,F,0,55.74999999999999,5,20000,19,1
2004,Lynnwood,WA,S,F,0,55.71000000000001,2,40000,24,0
3683,Downey,CA,M,M,0,55.709999999999994,3,80000,45,0
5363,Metchosin,BC,S,M,0,55.70000000000001,4,40000,41,0
8632,La Jolla,CA,S,F,0,55.7,3,40000,41,0
6937,Oregon City,OR,S,F,0,55.7,4,60000,30,0
6916,Newport Beach,CA,S,M,0,55.669999999999995,2,120000,86,0
6640,Lake Oswego,OR,S,M,0,55.639999999999986,2,60000,34,0
9140,Arcadia,CA,S,M,0,55.61000000000001,3,80000,70,0
105,National City,CA,M,M,3,55.599999999999994,4,150000,65,0
2400,Richmond,BC,M,F,2,55.56000000000001,3,40000,67,0
3829,Langley,BC,M,M,4,55.559999999999995,2,20000,52,0
7563,La Cruz,Sinaloa,S,F,0,55.53999999999999,4,40000,51,0
2423,Burnaby,BC,M,M,0,55.53,3,20000,77,0
10157,Woodland Hills,CA,S,F,0,55.529999999999994,2,60000,48,0
2132,Edmonds,WA,M,M,3,55.52000000000001,3,140000,38,0
9550,Downey,CA,S,M,0,55.5,4,80000,52,0
9387,Los Angeles,CA,M,F,2,55.49,3,40000,42,1
8668,Albany,OR,M,F,0,55.49,2,20000,26,0
4831,Haney,BC,S,F,0,55.46000000000001,3,40000,22,0
2248,Downey,CA,M,F,1,55.46000000000001,3,80000,22,0
1434,Lincoln Acres,CA,M,M,2,55.459999999999994,2,100000,58,0
7363,San Gabriel,CA,S,F,0,55.45,2,40000,43,0
2994,Imperial Beach,CA,M,M,1,55.44999999999999,3,40000,34,0
36,Oregon City,OR,S,M,0,55.41,5,20000,83,0
8646,Bellflower,CA,M,F,0,55.38,3,40000,33,0
4545,Edmonds,WA,M,M,0,55.370000000000005,5,20000,52,0
2886,Portland,OR,M,F,0,55.37,4,40000,19,1
10150,Marysville,WA,S,M,0,55.35,3,20000,52,0
1241,W. Linn,OR,S,M,0,55.349999999999994,3,80000,69,0
3802,Pomona,CA,S,F,0,55.32,3,120000,28,0
8671,San Diego,CA,M,F,2,55.31999999999999,3,60000,21,1
157,La Mesa,CA,S,F,0,55.31,4,60000,88,0
9856,Langley,BC,M,M,1,55.30000000000001,4,60000,82,0
906,San Diego,CA,M,M,1,55.23,3,60000,86,1
9816,Bellflower,CA,S,F,0,55.209999999999994,3,40000,25,0
3756,Spring Valley,CA,M,F,0,55.209999999999994,2,60000,65,0
370,Santa Monica,CA,M,M,0,55.20999999999999,4,40000,21,0
5666,Shawnee,BC,S,M,0,55.2,3,20000,31,0
4211,W. Linn,OR,S,F,0,55.19,3,40000,70,0
1494,Guadalajara,Jalisco,M,F,1,55.16,6,20000,65,1
2354,Richmond,BC,S,F,0,55.15000000000001,5,60000,34,0
2035,Ballard,WA,M,F,1,55.14000000000001,3,60000,81,0
7381,Glendale,CA,M,M,0,55.13,4,80000,29,0
5618,Acapulco,Guerrero,M,F,2,55.099999999999994,5,80000,70,1
2760,Long Beach,CA,S,M,0,55.06000000000001,3,60000,64,0
139,Coronado,CA,M,M,1,55.059999999999995,3,40000,67,0
9992,Spring Valley,CA,S,M,0,55.040000000000006,3,20000,85,0
5639,Portland,OR,S,M,0,55.04,3,40000,85,1
8154,Glendale,CA,S,F,0,55.03999999999999,4,140000,55,0
8550,Lake Oswego,OR,S,M,0,54.98000000000001,4,20000,58,0
1349,Richmond,BC,S,M,0,54.97,2,80000,55,0
5079,Altadena,CA,M,F,1,54.959999999999994,2,20000,78,0
6684,Walla Walla,WA,S,M,0,54.929999999999986,6,40000,27,1
1156,Redmond,WA,S,F,0,54.91,4,80000,30,0
6005,Richmond,BC,M,M,0,54.879999999999995,3,40000,32,0
8763,Richmond,BC,M,F,1,54.870000000000005,4,40000,64,0
2177,Issaquah,WA,M,M,1,54.86,3,20000,24,0
3090,Vancouver,BC,S,F,0,54.78,4,40000,54,1
8321,Oregon City,OR,S,M,0,54.75999999999999,3,60000,84,0
2147,Salem,OR,S,M,0,54.73,4,40000,65,1
3588,Chula Vista,CA,S,F,0,54.71,3,20000,70,0
5287,Cliffside,BC,S,F,0,54.69,2,80000,26,0
8761,Metchosin,BC,S,M,0,54.67999999999999,3,140000,59,0
4977,Burnaby,BC,M,M,0,54.64000000000001,3,140000,75,0
6123,Altadena,CA,M,F,1,54.639999999999986,3,40000,67,0
1672,Richmond,BC,M,M,1,54.60999999999999,3,40000,33,0
2822,Langley,BC,M,M,1,54.60000000000001,4,80000,61,0
9161,La Jolla,CA,S,M,0,54.6,3,60000,49,0
4433,Santa Monica,CA,M,M,3,54.6,3,40000,72,0
5342,Issaquah,WA,M,F,0,54.580000000000005,2,20000,84,0
10029,Port Hammond,BC,M,F,3,54.58,4,20000,77,0
6019,San Gabriel,CA,S,F,0,54.56,3,150000,27,0
7104,Downey,CA,M,F,4,54.52,2,40000,44,0
881,Lincoln Acres,CA,S,M,0,54.510000000000005,3,40000,70,0
3527,National City,CA,S,M,0,54.49,2,20000,26,0
5952,Issaquah,WA,S,M,0,54.47,2,20000,30,0
1548,Corvallis,OR,S,F,0,54.47,4,20000,82,0
1107,Walla Walla,WA,S,M,0,54.46000000000001,6,40000,51,1
8733,Ladner,BC,S,F,0,54.42,4,20000,50,0
2412,Santa Monica,CA,S,M,0,54.41,3,80000,47,0
7068,San Diego,CA,S,F,0,54.40999999999999,3,60000,30,1
2890,Beverly Hills,CA,M,F,4,54.35,4,40000,54,1
1400,Santa Fe,DF,M,M,0,54.349999999999994,4,80000,78,0
7075,Seattle,WA,M,F,3,54.34,2,100000,31,1
2106,Bellflower,CA,S,M,0,54.33999999999999,2,80000,20,0
6518,Torrance,CA,M,M,3,54.279999999999994,4,40000,44,0
2820,Los Angeles,CA,M,F,0,54.27,3,120000,68,1
414,Vancouver,BC,M,F,3,54.25999999999999,3,40000,21,1
9464,Newton,BC,S,F,0,54.23,3,150000,64,0
8540,Lakewood,CA,S,F,0,54.22,4,40000,48,0
4292,Pomona,CA,M,M,1,54.22,2,80000,65,0
3207,Ballard,WA,M,M,5,54.21000000000001,4,80000,36,0
9234,Spring Valley,CA,S,F,0,54.21,2,20000,39,0
6020,Spring Valley,CA,S,F,0,54.209999999999994,2,140000,47,0
6588,N. Vancouver,BC,M,F,0,54.190000000000005,3,40000,44,0
1271,Woodburn,OR,S,M,0,54.190000000000005,5,100000,32,0
7210,Pomona,CA,M,F,0,54.19,3,40000,84,0
3568,Newton,BC,S,F,0,54.18999999999999,3,20000,49,0
9619,Milwaukie,OR,M,M,3,54.17,3,40000,60,0
6851,West Covina,CA,S,M,0,54.16000000000001,3,20000,66,0
2494,Arcadia,CA,M,F,1,54.16,3,60000,70,0
4255,Grossmont,CA,M,M,0,54.14999999999999,4,20000,48,0
5865,Everett,WA,S,M,0,54.14,2,20000,37,0
5180,La Mesa,CA,M,F,5,54.13000000000001,3,40000,77,0
8375,N. Vancouver,BC,S,M,0,54.12,3,40000,83,0
7116,Ladner,BC,M,M,2,54.10000000000001,3,40000,69,0
6465,Santa Monica,CA,S,F,0,54.09000000000001,4,20000,23,0
3674,Redmond,WA,M,M,5,54.08,3,40000,71,0
3164,Torrance,CA,M,F,1,54.08,3,20000,68,0
9,Richmond,BC,M,M,3,54.07999999999999,2,20000,19,0
3542,Santa Fe,DF,M,M,0,54.03999999999999,4,60000,20,0
2803,Newton,BC,M,F,0,54.02,3,20000,86,0
10242,Oak Bay,BC,M,F,4,54.01999999999999,2,20000,70,0
5524,Milwaukie,OR,M,M,2,54.00999999999999,3,20000,78,0
5558,Vancouver,BC,M,M,1,54.00000000000001,4,20000,37,1
10161,Burbank,CA,S,M,0,54,5,40000,24,0
5546,Vancouver,BC,M,M,2,53.989999999999995,3,80000,52,1
676,Lakewood,CA,S,M,0,53.98,2,40000,39,0
10210,Santa Monica,CA,S,M,0,53.98,3,20000,74,0
7548,Redmond,WA,M,M,2,53.95,3,40000,25,0
9519,Shawnee,BC,S,F,0,53.94,3,80000,63,0
8740,Haney,BC,M,M,0,53.91000000000001,4,40000,20,0
9483,Metchosin,BC,S,F,0,53.900000000000006,4,80000,20,0
6537,Los Angeles,CA,S,F,0,53.89,2,20000,84,1
2396,Beverly Hills,CA,S,F,0,53.89,3,60000,76,1
1546,Lemon Grove,CA,S,F,0,53.88,2,60000,19,0
6877,Lemon Grove,CA,M,M,0,53.86000000000001,3,40000,48,0
9485,Ladner,BC,M,M,4,53.86,2,80000,36,0
3733,San Diego,CA,M,F,0,53.85000000000001,3,40000,74,1
2821,West Covina,CA,M,F,0,53.85000000000001,2,100000,19,0
2064,West Covina,CA,M,F,1,53.85000000000001,3,40000,47,0
9325,W. Linn,OR,M,M,1,53.830000000000005,3,140000,62,0
115,Altadena,CA,S,F,0,53.78,4,100000,21,0
9612,Edmonds,WA,M,F,0,53.77,3,140000,34,0
9543,Kirkland,WA,S,F,0,53.75,3,40000,25,0
218,Santa Anita,DF,S,M,0,53.74000000000001,4,80000,59,0
9687,Marysville,WA,S,M,0,53.7,5,80000,51,0
7854,Long Beach,CA,S,F,0,53.67999999999999,3,140000,42,0
6635,Lincoln Acres,CA,M,F,1,53.669999999999995,2,40000,80,0
8981,Burbank,CA,M,F,3,53.64,4,40000,25,0
3258,Altadena,CA,S,F,0,53.64,3,40000,23,0
6092,Lincoln Acres,CA,M,F,1,53.61000000000001,3,40000,69,0
3365,Sooke,BC,S,F,0,53.6,3,80000,50,0
2438,Los Angeles,CA,M,F,1,53.58000000000001,2,20000,43,1
8004,La Mesa,CA,S,F,0,53.55,2,80000,22,0
369,Altadena,CA,M,F,0,53.54,3,40000,71,0
10140,Tacoma,WA,M,M,0,53.49999999999999,3,20000,53,1
6845,Glendale,CA,M,F,0,53.49999999999999,3,100000,44,0
5508,Glendale,CA,M,F,0,53.489999999999995,2,100000,21,0
2764,Issaquah,WA,S,F,0,53.47,2,80000,59,0
2184,Altadena,CA,M,M,0,53.43000000000001,3,120000,55,0
5633,Woodburn,OR,S,F,0,53.42,5,20000,82,0
8295,Altadena,CA,S,F,0,53.390000000000015,3,60000,32,0
726,Burien,WA,S,F,0,53.35999999999999,2,40000,68,0
4488,Beverly Hills,CA,M,F,0,53.35,3,80000,56,1
6129,Long Beach,CA,M,F,0,53.34000000000001,2,60000,59,0
3445,Edmonds,WA,M,M,0,53.32000000000001,4,120000,48,0
7807,Seattle,WA,M,F,4,53.290000000000006,3,60000,20,1
3754,W. Linn,OR,M,M,2,53.29,2,60000,85,0
9088,Edmonds,WA,S,F,0,53.25,2,120000,33,0
5847,Walla Walla,WA,S,M,0,53.24,5,20000,52,1
900,Lemon Grove,CA,S,F,0,53.23,3,20000,79,0
3321,El Cajon,CA,S,M,0,53.220000000000006,2,40000,46,0
7619,Arcadia,CA,S,F,0,53.2,4,60000,79,0
5448,Port Hammond,BC,M,F,5,53.2,3,80000,76,0
2681,Altadena,CA,M,M,3,53.2,2,150000,54,0
7792,Everett,WA,S,M,0,53.19000000000001,2,60000,52,0
7265,El Cajon,CA,S,M,0,53.16,2,20000,40,0
8799,Burnaby,BC,M,F,2,53.14,3,20000,87,0
1648,Lake Oswego,OR,M,F,1,53.14,3,60000,58,0
9190,Los Angeles,CA,M,M,3,53.13,3,40000,28,1
7011,Richmond,BC,M,M,2,53.13,5,40000,33,0
4916,Edmonds,WA,S,M,0,53.13,3,80000,52,0
8827,Ladner,BC,S,M,0,53.120000000000005,4,150000,52,0
6279,Los Angeles,CA,M,M,1,53.11000000000001,4,80000,24,1
1196,Albany,OR,S,M,0,53.11,2,60000,45,0
9588,Lakewood,CA,M,M,2,53.099999999999994,5,80000,34,0
8884,Los Angeles,CA,S,M,0,53.07999999999999,3,60000,55,1
10202,Westminster,BC,S,M,0,53.06999999999999,3,20000,23,0
4297,West Covina,CA,S,M,0,53.04,3,40000,69,0
4642,Renton,WA,M,M,0,53.03,4,60000,71,0
5089,Langley,BC,S,F,0,53.01999999999999,2,40000,63,0
3626,Portland,OR,S,F,0,52.99,4,60000,73,1
353,Richmond,BC,M,F,5,52.989999999999995,2,20000,86,0
1909,Metchosin,BC,M,F,1,52.97999999999999,2,100000,44,0
6782,Haney,BC,S,M,0,52.96999999999999,3,80000,27,0
3931,Renton,WA,M,F,1,52.96999999999999,2,80000,50,0
5572,La Jolla,CA,S,F,0,52.969999999999985,2,20000,73,0
2930,San Diego,CA,S,F,0,52.96,3,80000,48,1
4875,Lebanon,OR,M,M,2,52.95,4,80000,42,0
10149,Santa Monica,CA,S,M,0,52.95,3,60000,24,0
10154,Langley,BC,M,F,2,52.94999999999999,3,20000,56,0
7106,Spring Valley,CA,M,F,0,52.93999999999999,3,40000,19,0
1355,Ladner,BC,M,M,2,52.93,2,20000,51,0
5560,Salem,OR,M,M,0,52.82,3,40000,72,1
204,N. Vancouver,BC,M,M,1,52.82,4,140000,30,0
4838,Redmond,WA,S,F,0,52.81,2,120000,23,0
3194,Arcadia,CA,M,M,1,52.78000000000001,3,80000,76,0
9178,Guadalajara,Jalisco,S,M,0,52.77,5,40000,58,1
5830,Haney,BC,S,M,0,52.73,2,100000,26,0
43,Burbank,CA,S,F,0,52.73,3,60000,21,0
2851,Burnaby,BC,S,M,0,52.73,3,20000,57,0
4416,San Gabriel,CA,S,F,0,52.690000000000005,3,20000,83,0
8624,Beverly Hills,CA,S,M,0,52.68,3,80000,83,1
7765,West Covina,CA,S,F,0,52.62,2,20000,39,0
5350,Walla Walla,WA,S,M,0,52.599999999999994,5,60000,59,1
796,La Jolla,CA,S,M,0,52.56000000000001,3,40000,57,0
3100,Santa Monica,CA,M,M,3,52.48000000000001,3,40000,28,0
4694,Los Angeles,CA,M,F,1,52.470000000000006,3,20000,24,1
5257,Woodburn,OR,S,F,0,52.46,3,150000,28,0
4161,Torrance,CA,M,M,2,52.459999999999994,2,40000,51,0
9760,Albany,OR,S,F,0,52.45,2,40000,44,0
5444,Seattle,WA,S,F,0,52.44,3,20000,50,1
163,Los Angeles,CA,S,F,0,52.44,3,20000,46,1
7212,Lincoln Acres,CA,M,M,5,52.40999999999999,3,20000,65,0
3203,Burbank,CA,S,M,0,52.39,5,20000,69,0
4987,Lynnwood,WA,S,F,0,52.379999999999995,1,20000,32,0
6145,Burien,WA,S,F,0,52.370000000000005,3,80000,38,0
330,Westminster,BC,S,F,0,52.37,3,20000,60,0
8635,Los Angeles,CA,M,M,0,52.36000000000001,3,40000,56,1
3045,Seattle,WA,S,F,0,52.36000000000001,2,140000,59,1
10030,Kirkland,WA,S,M,0,52.36,3,40000,24,0
6477,Glendale,CA,M,F,0,52.36,4,40000,87,0
7268,Renton,WA,S,F,0,52.34,2,40000,83,0
10009,Lincoln Acres,CA,S,F,0,52.31999999999999,2,100000,59,0
8937,Woodland Hills,CA,M,M,1,52.290000000000006,2,20000,20,0
5086,Burbank,CA,S,F,0,52.29,3,60000,66,0
7361,Milwaukie,OR,S,F,0,52.27,5,20000,76,0
4420,Beaverton,OR,M,M,0,52.260000000000005,4,60000,65,0
2810,Newton,BC,M,M,0,52.26,3,40000,68,0
1936,Port Hammond,BC,S,M,0,52.26,3,20000,75,0
6732,Vancouver,BC,M,F,0,52.23,4,40000,52,1
5320,Chula Vista,CA,M,M,0,52.22,3,80000,32,0
6691,Oak Bay,BC,M,M,0,52.21,2,20000,26,0
671,Vancouver,BC,M,M,1,52.21,2,120000,46,1
2632,Woodburn,OR,S,M,0,52.20999999999998,4,20000,49,0
5349,Edmonds,WA,M,F,0,52.19000000000001,3,60000,19,0
480,Oak Bay,BC,M,F,1,52.17999999999999,2,140000,69,0
1642,Kirkland,WA,M,F,3,52.16,3,40000,38,0
4114,Newport Beach,CA,M,F,0,52.140000000000015,3,100000,53,0
409,La Jolla,CA,M,M,0,52.10999999999999,2,20000,50,0
10172,Port Hammond,BC,M,M,3,52.08999999999999,3,40000,81,0
2110,Beaverton,OR,S,F,0,52.06,2,40000,30,0
4143,Lake Oswego,OR,S,F,0,52.05,2,20000,18,0
354,Yakima,WA,M,F,2,52.04,3,150000,56,1
5458,Everett,WA,M,F,0,51.99,2,120000,65,0
7757,Woodland Hills,CA,M,M,2,51.940000000000005,2,40000,23,0
7866,Ballard,WA,M,M,0,51.94,2,80000,53,0
5702,Portland,OR,M,F,3,51.94,3,140000,48,1
5972,Redmond,WA,M,M,3,51.900000000000006,4,20000,22,0
6720,Burien,WA,M,M,3,51.89,2,40000,49,0
2174,Lynnwood,WA,S,F,0,51.89,2,40000,21,0
8182,Westminster,BC,M,M,1,51.88,4,100000,81,0
8212,Burnaby,BC,S,F,0,51.86,4,40000,79,0
5239,San Andres,DF,M,M,1,51.85,3,20000,39,1
522,Shawnee,BC,S,F,0,51.8,2,80000,78,0
1319,W. Linn,OR,M,M,1,51.77,4,40000,26,0
6323,Seattle,WA,M,M,1,51.74,2,40000,46,1
4401,Milwaukie,OR,S,M,0,51.73,4,140000,53,0
3833,Victoria,BC,S,F,0,51.73,3,40000,35,1
171,Downey,CA,M,M,1,51.72999999999999,2,20000,66,0
8901,Albany,OR,M,M,1,51.69,2,100000,51,0
5503,Los Angeles,CA,M,M,1,51.67999999999999,2,60000,66,1
2261,Lynnwood,WA,S,F,0,51.67000000000001,2,120000,85,0
1814,Richmond,BC,M,M,1,51.61000000000001,3,40000,70,0
4344,Downey,CA,S,M,0,51.59,2,100000,48,0
4264,Westminster,BC,M,M,1,51.56,3,20000,41,0
2945,N. Vancouver,BC,S,F,0,51.53000000000001,2,60000,46,0
2832,Lebanon,OR,S,M,0,51.52,6,20000,45,0
6452,Milwaukie,OR,M,F,2,51.50999999999999,3,20000,23,0
8753,Beverly Hills,CA,S,M,0,51.47999999999999,3,40000,22,1
3181,San Diego,CA,S,F,0,51.43000000000001,4,80000,50,1
4011,La Mesa,CA,S,F,0,51.43,4,100000,50,0
432,Lynnwood,WA,M,F,4,51.42,2,80000,86,0
9081,Arcadia,CA,M,M,2,51.41,2,60000,36,0
9656,Chula Vista,CA,M,M,0,51.4,2,60000,61,0
8940,Langley,BC,S,M,0,51.4,5,20000,35,0
2485,Sooke,BC,S,M,0,51.38000000000001,2,60000,87,0
7941,Richmond,BC,S,M,0,51.379999999999995,4,60000,74,0
1654,Pomona,CA,S,M,0,51.37,2,20000,31,0
7936,N. Vancouver,BC,M,M,0,51.34,3,20000,59,0
8577,Yakima,WA,M,F,4,51.330000000000005,3,100000,73,1
4086,Issaquah,WA,M,M,2,51.33,2,20000,74,0
4018,Sedro Woolley,WA,S,F,0,51.29999999999999,3,100000,55,0
275,Torrance,CA,M,F,1,51.28,3,40000,48,0
9399,Long Beach,CA,S,F,0,51.25,2,100000,41,0
7392,Burnaby,BC,S,M,0,51.22000000000001,2,20000,72,0
6015,Victoria,BC,S,M,0,51.220000000000006,2,150000,22,1
2825,Beaverton,OR,M,F,4,51.209999999999994,2,20000,80,0
4963,National City,CA,S,F,0,51.18,3,40000,59,0
5768,Bremerton,WA,M,F,1,51.170000000000016,3,20000,76,1
10195,Glendale,CA,S,M,0,51.17,2,80000,59,0
9253,Guadalajara,Jalisco,M,F,1,51.16000000000001,6,100000,50,1
840,Downey,CA,S,M,0,51.12,2,120000,73,0
1772,Marysville,WA,S,F,0,51.06,3,40000,60,0
290,Everett,WA,S,M,0,51.06,3,140000,32,0
6399,Redmond,WA,S,F,0,51.05,2,40000,55,0
2282,Langley,BC,M,M,3,51.05,3,140000,38,0
4608,W. Linn,OR,S,F,0,51.04000000000001,4,40000,28,0
4755,Burnaby,BC,S,F,0,51.02,2,150000,28,0
8810,Newport Beach,CA,M,M,0,50.99,2,60000,69,0
6271,Bellflower,CA,S,M,0,50.97,2,140000,52,0
2168,La Mesa,CA,M,F,3,50.93999999999999,2,120000,80,0
7646,Burien,WA,M,M,5,50.93000000000001,2,40000,46,0
8251,Issaquah,WA,M,M,5,50.900000000000006,2,100000,37,0
6393,Newton,BC,M,F,0,50.900000000000006,4,60000,53,0
1302,Port Hammond,BC,S,M,0,50.89,2,60000,47,0
6029,Redmond,WA,S,M,0,50.88999999999999,2,60000,66,0
8715,Haney,BC,S,F,0,50.87,3,20000,37,0
8054,Redmond,WA,M,F,0,50.84,4,20000,51,0
5829,Walla Walla,WA,M,M,5,50.82000000000001,3,20000,62,1
5387,Pomona,CA,S,F,0,50.81999999999999,3,40000,65,0
9099,La Mesa,CA,S,M,0,50.81,4,20000,44,0
1180,N. Vancouver,BC,M,M,5,50.809999999999995,5,20000,34,0
3408,Ladner,BC,S,F,0,50.8,2,80000,66,0
4754,Shawnee,BC,S,F,0,50.76,2,40000,74,0
1362,Langley,BC,S,M,0,50.74000000000001,2,60000,47,0
4149,Portland,OR,M,F,2,50.73,3,150000,59,1
10136,Los Angeles,CA,M,M,0,50.7,4,40000,65,1
7923,Grossmont,CA,M,M,1,50.68000000000001,2,150000,31,0
7539,Port Hammond,BC,S,M,0,50.66,5,20000,21,0
7825,National City,CA,M,M,3,50.61,2,40000,70,0
9850,Issaquah,WA,M,M,2,50.6,2,40000,88,0
539,Westminster,BC,S,F,0,50.6,4,20000,35,0
1778,Westminster,BC,M,M,0,50.59,2,40000,50,0
5598,Imperial Beach,CA,M,F,1,50.58,2,40000,27,0
3707,El Cajon,CA,M,M,1,50.56,2,20000,53,0
2675,San Gabriel,CA,S,M,0,50.559999999999995,2,120000,36,0
3029,Vancouver,BC,S,F,0,50.55,4,120000,62,1
2794,Lakewood,CA,S,M,0,50.55,2,40000,36,0
6880,Burien,WA,S,F,0,50.540000000000006,3,20000,25,0
6663,Newton,BC,M,F,1,50.529999999999994,3,60000,59,0
1902,Spring Valley,CA,S,M,0,50.52,3,60000,64,0
8857,Ladner,BC,M,M,1,50.52,3,40000,47,0
7299,San Gabriel,CA,M,M,2,50.51,2,20000,77,0
8034,La Jolla,CA,S,M,0,50.49000000000001,2,100000,76,0
3981,Pomona,CA,S,F,0,50.48000000000002,4,20000,44,0
7445,Seattle,WA,S,F,0,50.45,2,60000,29,1
9075,Burbank,CA,S,M,0,50.43,3,40000,87,0
3635,Lynnwood,WA,M,F,0,50.43,1,20000,84,0
1740,Guadalajara,Jalisco,M,F,1,50.43,4,60000,52,1
5743,Woodburn,OR,M,M,3,50.42999999999999,4,140000,40,0
5371,Sooke,BC,S,M,0,50.38000000000001,2,20000,76,0
1422,Westminster,BC,M,F,1,50.379999999999995,3,40000,63,0
2835,Everett,WA,M,F,1,50.36,2,80000,58,0
8268,Vancouver,BC,M,M,3,50.35000000000001,4,80000,33,1
620,Burien,WA,M,M,0,50.35000000000001,3,80000,36,0
7572,Seattle,WA,M,M,1,50.349999999999994,3,140000,75,1
5160,Milwaukie,OR,S,F,0,50.34,2,20000,66,0
314,Everett,WA,S,F,0,50.32000000000001,3,40000,71,0
9674,Kirkland,WA,S,F,0,50.32,2,80000,25,0
6529,Olympia,WA,M,M,0,50.31999999999999,6,40000,23,0
747,San Diego,CA,M,M,2,50.31999999999999,2,80000,80,1
6648,San Gabriel,CA,M,F,2,50.31000000000001,4,80000,41,0
6571,Chula Vista,CA,S,F,0,50.3,3,40000,83,0
3923,Lynnwood,WA,S,F,0,50.279999999999994,3,20000,85,0
323,Lemon Grove,CA,M,F,3,50.27000000000001,2,40000,29,0
6422,Lake Oswego,OR,M,M,1,50.260000000000005,3,40000,47,0
9380,Pomona,CA,S,M,0,50.25,3,80000,27,0
3939,Torrance,CA,S,M,0,50.24,2,40000,30,0
9874,Ballard,WA,S,F,0,50.22,2,20000,42,0
6883,Edmonds,WA,S,M,0,50.22,3,40000,22,0
1131,Redmond,WA,S,M,0,50.22,5,60000,24,0
904,Burnaby,BC,M,M,2,50.17999999999999,3,60000,55,0
4652,Richmond,BC,M,F,3,50.14999999999999,3,40000,21,0
8117,Portland,OR,S,M,0,50.12,2,20000,21,1
6345,Port Hammond,BC,S,M,0,50.11,2,80000,78,0
4107,Woodland Hills,CA,M,M,1,50.11,4,40000,53,0
8864,Torrance,CA,M,M,0,50.10000000000001,3,80000,34,0
1916,Albany,OR,S,M,0,50.099999999999994,3,20000,66,0
2604,Royal Oak,BC,S,F,0,50.09,2,20000,36,0
79,Tacoma,WA,S,M,0,50.09,4,80000,41,1
3595,Kirkland,WA,M,M,1,50.07,2,40000,57,0
262,Westminster,BC,S,F,0,50.04,2,80000,59,0
8125,Long Beach,CA,S,F,0,50.010000000000005,3,40000,19,0
1340,Burien,WA,S,F,0,49.98,2,20000,78,0
6989,Renton,WA,M,M,1,49.95,3,80000,86,0
2569,Beverly Hills,CA,M,M,1,49.93,2,20000,60,1
7542,Spring Valley,CA,S,F,0,49.92999999999999,3,80000,65,0
4398,Burbank,CA,M,M,2,49.91,2,20000,24,0
7076,Newport Beach,CA,S,F,0,49.88999999999999,2,20000,58,0
2970,El Cajon,CA,M,M,3,49.87,2,20000,58,0
2951,Chula Vista,CA,M,F,1,49.85000000000001,2,40000,80,0
837,Portland,OR,S,F,0,49.81999999999999,2,20000,44,1
6426,Lincoln Acres,CA,S,M,0,49.75,2,60000,24,0
3058,Altadena,CA,M,M,2,49.709999999999994,4,40000,60,0
7387,National City,CA,M,F,5,49.7,2,40000,74,0
1368,Downey,CA,M,F,1,49.68000000000001,2,40000,33,0
1134,Redmond,WA,S,M,0,49.64000000000001,2,60000,63,0
1095,Newton,BC,M,F,1,49.63,2,100000,23,0
7103,Issaquah,WA,S,F,0,49.629999999999995,2,120000,83,0
6221,La Jolla,CA,S,M,0,49.62,2,150000,48,0
3632,San Gabriel,CA,S,M,0,49.6,3,40000,85,0
3561,Chula Vista,CA,S,M,0,49.599999999999994,2,60000,54,0
6921,El Cajon,CA,M,M,1,49.58,3,40000,47,0
6220,Spring Valley,CA,S,F,0,49.57,3,80000,43,0
8912,San Gabriel,CA,S,F,0,49.56,4,60000,63,0
2680,W. Linn,OR,S,F,0,49.559999999999995,3,80000,44,0
7790,Burnaby,BC,S,F,0,49.55,4,40000,50,0
7238,Oak Bay,BC,S,M,0,49.54,2,20000,46,0
5773,Arcadia,CA,S,M,0,49.54,2,40000,70,0
5401,Torrance,CA,S,F,0,49.54,2,40000,55,0
6597,Oak Bay,BC,M,F,2,49.53,3,20000,27,0
2575,Langley,BC,M,M,0,49.53,2,120000,20,0
1267,Salem,OR,M,F,3,49.51,4,20000,47,1
1647,Lakewood,CA,M,F,1,49.49,4,120000,53,0
4468,Lake Oswego,OR,M,F,4,49.48,4,40000,20,0
4052,Newton,BC,M,F,0,49.44,3,60000,69,0
2771,Renton,WA,M,M,1,49.44,2,40000,44,0
6581,Walla Walla,WA,S,F,0,49.42,6,60000,85,1
7508,Richmond,BC,M,F,1,49.41,3,40000,83,0
7694,Albany,OR,S,F,0,49.399999999999984,3,140000,47,0
6566,Glendale,CA,M,M,1,49.39,2,20000,59,0
6261,Los Angeles,CA,M,M,5,49.39,2,60000,44,1
4307,Newport Beach,CA,S,F,0,49.379999999999995,2,80000,48,0
7820,Chula Vista,CA,M,M,2,49.37,2,140000,18,0
164,Coronado,CA,S,F,0,49.34,3,40000,51,0
7672,Woodland Hills,CA,M,F,1,49.34,2,20000,73,0
4650,La Jolla,CA,M,M,5,49.31999999999999,2,120000,41,0
4632,Kirkland,WA,M,M,3,49.31999999999999,3,20000,68,0
7850,San Diego,CA,M,F,3,49.28999999999999,3,120000,32,1
9179,Newport Beach,CA,M,F,4,49.28000000000001,4,40000,66,0
8255,Beaverton,OR,S,M,0,49.24000000000001,4,40000,68,0
3621,Chula Vista,CA,M,M,2,49.24,3,140000,83,0
4078,Port Orchard,WA,S,F,0,49.23,4,80000,87,0
3183,Pomona,CA,S,F,0,49.21,5,100000,65,0
7406,W. Linn,OR,M,F,0,49.2,2,40000,45,0
1043,Glendale,CA,M,M,4,49.2,2,120000,45,0
10071,Haney,BC,S,M,0,49.18,3,140000,22,0
84,Haney,BC,S,M,0,49.17,4,60000,66,0
2735,Chula Vista,CA,S,M,0,49.13,3,140000,81,0
1234,San Gabriel,CA,M,F,0,49.12999999999999,2,100000,42,0
2866,Altadena,CA,S,F,0,49.080000000000005,4,40000,30,0
8948,Lincoln Acres,CA,S,M,0,49.08,2,40000,49,0
2384,National City,CA,M,F,5,49.07,2,20000,27,0
3810,Long Beach,CA,M,M,0,49.059999999999995,3,120000,85,0
9027,Torrance,CA,S,M,0,49.05,2,60000,28,0
8354,Lincoln Acres,CA,S,F,0,49.03,2,40000,81,0
8412,Portland,OR,S,F,0,49.02,4,60000,68,1
10212,San Andres,DF,S,M,0,48.989999999999995,3,80000,23,1
6286,Victoria,BC,M,M,0,48.96,3,100000,58,1
4104,Burnaby,BC,M,M,0,48.95,2,60000,64,0
3598,Westminster,BC,S,M,0,48.91,4,120000,85,0
1531,Torrance,CA,M,F,1,48.91,3,60000,68,0
1123,San Diego,CA,S,M,0,48.91,1,40000,66,1
5770,Oak Bay,BC,M,F,2,48.88000000000001,2,40000,84,0
5910,Lynnwood,WA,M,F,0,48.879999999999995,3,80000,59,0
8291,Corvallis,OR,M,F,2,48.87,2,40000,77,0
2445,Woodland Hills,CA,M,M,2,48.84,2,60000,24,0
7324,Bellflower,CA,S,F,0,48.82000000000001,3,80000,52,0
7821,Los Angeles,CA,M,M,3,48.809999999999995,2,80000,24,1
1440,Burbank,CA,S,F,0,48.809999999999995,3,40000,24,0
6011,Glendale,CA,S,M,0,48.75000000000001,3,40000,78,0
2197,Beaverton,OR,M,M,5,48.73999999999998,2,40000,76,0
5162,Walla Walla,WA,M,M,3,48.70000000000001,3,140000,74,1
8012,Lake Oswego,OR,M,M,2,48.66,3,60000,36,0
9910,Grossmont,CA,S,M,0,48.65,4,40000,44,0
8682,Glendale,CA,M,F,0,48.62999999999999,2,40000,73,0
958,Grossmont,CA,M,M,4,48.61999999999999,3,40000,65,0
1305,San Diego,CA,M,M,1,48.61,2,20000,36,1
6573,La Jolla,CA,M,F,5,48.6,2,40000,29,0
6304,Long Beach,CA,M,F,1,48.599999999999994,4,150000,82,0
8184,Langley,BC,M,F,0,48.59999999999999,3,60000,39,0
3432,Newton,BC,S,M,0,48.55,2,60000,45,0
6460,Lincoln Acres,CA,M,M,1,48.54999999999999,2,20000,37,0
5988,Newport Beach,CA,S,M,0,48.53,3,20000,49,0
1872,Pomona,CA,S,M,0,48.52000000000001,2,20000,55,0
1445,Edmonds,WA,M,M,0,48.49,3,60000,45,0
8625,Guadalajara,Jalisco,S,F,0,48.489999999999995,4,40000,60,1
4879,Lincoln Acres,CA,M,M,1,48.45,3,100000,73,0
2785,Port Hammond,BC,M,M,0,48.44000000000001,4,40000,50,0
3968,La Jolla,CA,S,F,0,48.440000000000005,1,40000,31,0
4338,Torrance,CA,S,M,0,48.40999999999999,3,80000,26,0
5151,Vancouver,BC,S,M,0,48.36000000000001,3,20000,21,1
6152,Cliffside,BC,M,F,0,48.35999999999999,2,60000,51,0
6042,Burnaby,BC,M,M,0,48.35,3,40000,32,0
3746,Chula Vista,CA,S,F,0,48.35,3,20000,27,0
3152,Redmond,WA,M,M,0,48.3,2,60000,43,0
1794,Salem,OR,S,F,0,48.26,4,80000,85,1
5429,Portland,OR,M,F,1,48.24000000000001,5,100000,71,1
1261,Grossmont,CA,S,F,0,48.239999999999995,2,40000,32,0
2738,Renton,WA,M,F,3,48.220000000000006,2,40000,55,0
9530,Lebanon,OR,S,M,0,48.21000000000001,5,140000,77,0
3128,Long Beach,CA,S,M,0,48.2,4,120000,65,0
4768,Newton,BC,S,F,0,48.14000000000001,3,40000,50,0
9998,Altadena,CA,S,M,0,48.13,3,60000,32,0
6788,Glendale,CA,M,F,0,48.09,3,40000,23,0
5280,Lakewood,CA,S,F,0,48.080000000000005,3,20000,22,0
2377,Long Beach,CA,M,M,0,48.07000000000001,3,40000,56,0
7942,Spring Valley,CA,S,M,0,48.03000000000001,2,100000,38,0
3986,Beaverton,OR,M,M,0,48.02,4,20000,57,0
3529,Woodburn,OR,S,M,0,47.98000000000001,4,60000,26,0
6662,Burien,WA,M,F,1,47.95,3,20000,40,0
6429,Torrance,CA,S,M,0,47.9,2,40000,42,0
3023,Vancouver,BC,M,M,1,47.87,4,40000,77,1
8026,Walla Walla,WA,M,M,0,47.830000000000005,7,100000,18,1
6699,Seattle,WA,S,M,0,47.82,3,40000,50,1
3724,Royal Oak,BC,M,F,1,47.809999999999995,2,20000,71,0
9514,Guadalajara,Jalisco,S,F,0,47.69,4,20000,36,1
7625,Santa Monica,CA,M,M,4,47.68000000000001,3,40000,34,0
4208,Acapulco,Guerrero,S,M,0,47.67000000000001,5,80000,70,1
3149,Lake Oswego,OR,S,F,0,47.66,3,20000,29,0
4630,Burien,WA,M,M,2,47.66,3,60000,34,0
3354,Tixapan,DF,S,M,0,47.66,4,40000,35,0
1653,Lakewood,CA,S,F,0,47.64,4,60000,36,0
4789,Port Hammond,BC,M,F,0,47.63999999999999,2,40000,62,0
6717,Santa Monica,CA,S,F,0,47.63,3,20000,67,0
8481,Ladner,BC,S,M,0,47.61,3,20000,58,0
1132,Lake Oswego,OR,M,F,2,47.61,3,60000,28,0
3226,Haney,BC,S,M,0,47.60000000000001,3,20000,88,0
2591,Glendale,CA,S,F,0,47.58999999999999,3,20000,19,0
6924,Grossmont,CA,S,F,0,47.56999999999999,2,60000,56,0
10251,La Jolla,CA,M,F,3,47.55,3,100000,21,0
7789,Seattle,WA,S,F,0,47.49999999999999,4,20000,32,1
5848,Lakewood,CA,S,F,0,47.49,2,80000,29,0
8134,W. Linn,OR,M,F,0,47.48,2,40000,56,0
197,National City,CA,M,F,1,47.47,3,20000,50,0
7752,Lebanon,OR,S,F,0,47.46,2,40000,30,0
3937,Albany,OR,S,F,0,47.46,3,120000,51,0
4503,Salem,OR,S,M,0,47.45,3,60000,62,1
2633,N. Vancouver,BC,M,M,1,47.43,3,40000,27,0
7151,Grossmont,CA,S,M,0,47.39,2,80000,87,0
2840,Newton,BC,S,M,0,47.370000000000005,3,140000,60,0
5620,Torrance,CA,M,M,1,47.36,2,60000,24,0
7340,Spring Valley,CA,M,M,1,47.349999999999994,2,40000,39,0
9111,Tacoma,WA,S,F,0,47.279999999999994,3,40000,46,1
5912,Lake Oswego,OR,M,F,1,47.23,3,80000,23,0
1935,Pomona,CA,S,F,0,47.23,4,100000,69,0
8700,Lakewood,CA,S,F,0,47.23,2,40000,37,0
8816,West Covina,CA,M,F,0,47.21,2,40000,29,0
7105,El Cajon,CA,M,M,0,47.2,3,40000,50,0
1514,N. Vancouver,BC,M,F,0,47.2,3,60000,78,0
9771,Santa Fe,DF,S,M,0,47.19999999999999,3,40000,19,0
2541,Edmonds,WA,M,F,2,47.19,2,60000,41,0
2747,Coronado,CA,S,M,0,47.15999999999999,3,80000,57,0
9272,Everett,WA,S,F,0,47.150000000000006,2,40000,35,0
4106,San Diego,CA,M,F,0,47.12,2,100000,71,1
4037,Port Hammond,BC,S,F,0,47.10999999999999,2,60000,80,0
4549,Richmond,BC,M,F,1,47.05,3,40000,60,0
441,Guadalajara,Jalisco,M,F,1,47.02000000000001,6,60000,52,1
3467,Issaquah,WA,S,M,0,47.02,2,40000,83,0
1703,Bellingham,WA,M,F,3,47.02,3,60000,37,1
2796,Vancouver,BC,M,F,1,46.98,3,60000,87,1
1401,Haney,BC,S,F,0,46.98,2,40000,19,0
214,Ladner,BC,M,M,0,46.96000000000001,3,40000,48,0
6964,Torrance,CA,S,M,0,46.940000000000005,2,80000,26,0
6052,Santa Fe,DF,M,F,4,46.92999999999999,4,140000,58,0
3604,Everett,WA,S,M,0,46.91,3,60000,81,0
9110,Kirkland,WA,M,F,0,46.900000000000006,2,60000,59,0
6408,Chula Vista,CA,S,F,0,46.9,2,60000,24,0
8429,Burnaby,BC,S,M,0,46.879999999999995,4,40000,82,0
4816,La Mesa,CA,M,F,0,46.87,2,80000,21,0
2957,Arcadia,CA,S,M,0,46.84,2,150000,66,0
1358,Marysville,WA,S,M,0,46.82,2,20000,79,0
7429,Downey,CA,S,F,0,46.809999999999995,2,120000,86,0
8023,Edmonds,WA,M,F,2,46.8,2,60000,28,0
1904,Guadalajara,Jalisco,S,M,0,46.8,4,40000,67,1
10032,San Gabriel,CA,M,F,1,46.76,2,40000,27,0
9112,San Gabriel,CA,M,M,0,46.75,2,20000,23,0
9473,Kirkland,WA,M,F,3,46.73,2,40000,88,0
7626,San Gabriel,CA,M,M,3,46.73,3,120000,63,0
6236,Glendale,CA,M,F,1,46.720000000000006,2,80000,70,0
1579,Everett,WA,M,F,4,46.68,2,120000,77,0
6079,Lebanon,OR,M,F,1,46.66,4,80000,71,0
4476,Coronado,CA,S,F,0,46.64000000000001,2,60000,87,0
8137,Everett,WA,M,M,5,46.63,3,40000,75,0
566,Walla Walla,WA,S,M,0,46.629999999999995,5,20000,78,1
1262,Richmond,BC,S,M,0,46.61,4,40000,46,0
2984,Guadalajara,Jalisco,M,F,1,46.599999999999994,3,140000,67,1
9252,Glendale,CA,S,M,0,46.580000000000005,2,60000,22,0
6939,Bellflower,CA,M,F,4,46.51,3,80000,35,0
9703,Chula Vista,CA,S,M,0,46.490000000000016,2,20000,70,0
2459,Everett,WA,S,F,0,46.49,2,120000,76,0
6650,Lynnwood,WA,S,F,0,46.47,2,40000,55,0
6,Lynnwood,WA,S,F,0,46.46000000000001,3,80000,56,0
7660,Burbank,CA,S,F,0,46.45,2,20000,49,0
4828,Santa Monica,CA,M,M,2,46.45,2,80000,28,0
7081,Downey,CA,M,M,1,46.43000000000001,3,60000,68,0
9920,Issaquah,WA,M,M,2,46.42000000000001,2,20000,86,0
5641,Newton,BC,S,M,0,46.419999999999995,3,80000,85,0
4557,Walla Walla,WA,M,M,2,46.419999999999995,4,60000,58,1
7520,Santa Monica,CA,M,M,0,46.370000000000005,2,40000,64,0
2888,La Mesa,CA,S,M,0,46.34,2,140000,47,0
9737,Torrance,CA,M,F,1,46.33,2,20000,32,0
9404,Newport Beach,CA,S,F,0,46.32,3,60000,82,0
2939,Oak Bay,BC,M,M,0,46.24999999999999,2,80000,47,0
2090,Marysville,WA,S,F,0,46.220000000000006,2,20000,43,0
1157,La Mesa,CA,M,M,1,46.21,2,40000,52,0
6585,Newton,BC,S,M,0,46.209999999999994,2,60000,67,0
6006,Newton,BC,S,F,0,46.2,3,40000,28,0
4884,Pomona,CA,S,M,0,46.18,2,80000,66,0
1582,W. Linn,OR,M,M,4,46.09999999999999,4,40000,41,0
8323,Glendale,CA,S,M,0,46.05000000000001,2,60000,51,0
1956,Everett,WA,S,M,0,46.040000000000006,2,40000,28,0
4548,Los Angeles,CA,S,M,0,45.98,2,40000,39,1
9650,Burnaby,BC,M,F,2,45.98,2,40000,74,0
5500,Beaverton,OR,S,M,0,45.98,3,20000,77,0
6432,La Mesa,CA,S,F,0,45.96,3,60000,30,0
4554,Lemon Grove,CA,M,F,2,45.95,3,100000,72,0
373,Corvallis,OR,S,F,0,45.940000000000005,3,20000,81,0
5899,Salem,OR,M,F,2,45.91,4,40000,56,1
10007,Downey,CA,S,F,0,45.88,3,80000,65,0
8587,Walla Walla,WA,S,F,0,45.88,7,60000,63,1
6293,Ladner,BC,S,M,0,45.879999999999995,3,60000,32,0
6126,San Diego,CA,S,M,0,45.85999999999999,2,60000,18,1
8300,Redmond,WA,S,F,0,45.85,3,60000,31,0
1921,Marysville,WA,M,F,3,45.82,2,40000,28,0
5929,Issaquah,WA,M,F,3,45.81000000000001,1,20000,19,0
5399,Shawnee,BC,M,F,1,45.809999999999995,2,20000,62,0
5926,Victoria,BC,S,F,0,45.78,1,40000,76,1
8591,N. Vancouver,BC,M,M,1,45.75,3,100000,36,0
240,Glendale,CA,M,M,2,45.75,4,40000,38,0
8736,Chula Vista,CA,M,F,1,45.73,2,80000,38,0
2049,El Cajon,CA,M,F,1,45.690000000000005,2,60000,67,0
10144,Lakewood,CA,M,F,1,45.69,2,60000,73,0
5366,Issaquah,WA,S,F,0,45.68,1,40000,26,0
3989,Burien,WA,M,F,4,45.63,2,20000,59,0
1865,Downey,CA,S,F,0,45.629999999999995,3,40000,74,0
1479,Imperial Beach,CA,S,M,0,45.61,3,20000,41,0
3546,Chula Vista,CA,S,F,0,45.59,3,60000,56,0
3594,Coronado,CA,M,F,1,45.57,4,20000,75,0
3503,San Gabriel,CA,M,F,2,45.559999999999995,3,60000,77,0
2030,Sooke,BC,S,M,0,45.529999999999994,3,40000,25,0
1285,Edmonds,WA,M,M,5,45.52,1,80000,49,0
8219,Victoria,BC,M,M,0,45.510000000000005,2,60000,42,1
7396,Lake Oswego,OR,S,F,0,45.5,2,40000,84,0
7180,Oregon City,OR,S,M,0,45.5,2,120000,63,0
2042,Albany,OR,S,M,0,45.48,4,20000,33,0
4827,Beverly Hills,CA,M,F,5,45.46000000000001,3,20000,50,1
7649,San Diego,CA,S,F,0,45.45,3,120000,43,1
9247,Burien,WA,S,M,0,45.419999999999995,4,40000,19,0
345,Burnaby,BC,M,F,2,45.400000000000006,3,40000,35,0
6004,Guadalajara,Jalisco,S,F,0,45.309999999999995,4,80000,36,1
8306,Spring Valley,CA,S,F,0,45.29999999999999,2,20000,32,0
3153,Albany,OR,M,F,0,45.290000000000006,3,80000,75,0
10230,Sooke,BC,S,F,0,45.29,2,20000,53,0
8495,Lynnwood,WA,M,F,3,45.28999999999999,2,60000,51,0
1564,Spring Valley,CA,M,M,3,45.28000000000001,3,40000,45,0
7439,West Covina,CA,S,M,0,45.27,4,20000,46,0
5312,N. Vancouver,BC,S,M,0,45.25000000000001,4,60000,82,0
9591,West Covina,CA,S,F,0,45.239999999999995,2,40000,76,0
4363,Edmonds,WA,M,F,1,45.22,2,40000,24,0
1580,Edmonds,WA,S,F,0,45.22,1,20000,82,0
8734,Pomona,CA,S,F,0,45.2,2,20000,42,0
2499,Burnaby,BC,M,M,2,45.190000000000005,2,40000,48,0
593,Beverly Hills,CA,M,M,2,45.18000000000001,2,40000,26,1
502,Marysville,WA,S,F,0,45.120000000000005,2,40000,84,0
2545,Richmond,BC,S,F,0,45.11999999999999,2,20000,30,0
3201,Beaverton,OR,S,F,0,45.11000000000001,3,60000,32,0
3929,Renton,WA,M,F,2,45.09000000000001,2,60000,46,0
8922,Woodland Hills,CA,S,F,0,45.09,2,20000,22,0
591,Beaverton,OR,S,M,0,45.09,3,20000,82,0
1781,Port Hammond,BC,S,M,0,45.06999999999999,3,40000,57,0
9680,Burnaby,BC,S,F,0,45.05999999999999,3,150000,25,0
4073,Richmond,BC,S,M,0,45.05,2,60000,54,0
847,Burien,WA,M,F,2,45.029999999999994,3,60000,54,0
274,Albany,OR,S,M,0,45.02,5,40000,87,0
7298,W. Linn,OR,M,F,3,45.010000000000005,2,40000,79,0
1489,Royal Oak,BC,S,F,0,45.010000000000005,2,40000,40,0
1238,Haney,BC,M,M,0,45,1,20000,88,0
949,Beaverton,OR,S,F,0,44.97000000000001,3,80000,68,0
2487,Redmond,WA,M,F,1,44.970000000000006,3,40000,76,0
9967,Yakima,WA,S,F,0,44.96,2,120000,44,1
6842,Coronado,CA,M,F,4,44.95,2,100000,21,0
8183,Guadalajara,Jalisco,M,M,2,44.9,5,40000,62,1
9801,Milwaukie,OR,S,F,0,44.89999999999999,3,140000,46,0
575,Imperial Beach,CA,M,F,4,44.89,2,60000,48,0
727,Downey,CA,M,F,3,44.88,2,40000,30,0
4002,San Andres,DF,S,M,0,44.870000000000005,3,40000,38,1
1080,San Gabriel,CA,M,M,2,44.87,2,120000,37,0
7599,Newport Beach,CA,S,F,0,44.86,2,20000,80,0
9004,Sooke,BC,S,M,0,44.85,2,40000,70,0
3398,Westminster,BC,S,F,0,44.82,4,40000,80,0
4540,Walla Walla,WA,S,F,0,44.81999999999999,4,40000,29,1
9569,Everett,WA,S,M,0,44.8,2,40000,66,0
2245,Lake Oswego,OR,M,M,3,44.8,4,40000,18,0
3719,Yakima,WA,S,F,0,44.790000000000006,3,20000,74,1
5519,Lakewood,CA,M,M,2,44.7,5,20000,67,0
5153,Milwaukie,OR,S,F,0,44.63999999999999,2,60000,59,0
1624,Milwaukie,OR,S,M,0,44.63999999999999,3,40000,60,0
496,Marysville,WA,S,M,0,44.63,3,20000,48,0
2780,Langford,BC,S,F,0,44.62,2,60000,30,0
786,Seattle,WA,S,F,0,44.61,3,40000,50,1
2199,Haney,BC,M,F,1,44.6,2,60000,65,0
8130,Glendale,CA,S,M,0,44.56,3,60000,46,0
8772,Portland,OR,M,M,2,44.559999999999995,3,80000,38,1
8475,Lakewood,CA,S,F,0,44.559999999999995,4,20000,59,0
6716,Newport Beach,CA,M,M,2,44.53999999999999,2,40000,87,0
5306,Metchosin,BC,M,F,0,44.50000000000001,3,150000,76,0
7666,Woodland Hills,CA,S,M,0,44.48,3,60000,35,0
5920,Arcadia,CA,S,F,0,44.48,1,40000,27,0
8024,San Gabriel,CA,M,M,1,44.48,2,80000,75,0
3673,Walla Walla,WA,M,M,1,44.45,6,40000,75,1
1829,Beaverton,OR,S,M,0,44.43000000000001,3,60000,77,0
6106,Issaquah,WA,M,M,4,44.43,2,20000,40,0
5310,Anacortes,WA,S,M,0,44.38999999999999,3,80000,86,0
787,Vancouver,BC,S,M,0,44.38,2,40000,80,1
9257,Glendale,CA,S,M,0,44.370000000000005,3,80000,33,0
116,Burnaby,BC,S,M,0,44.35,2,100000,64,0
7738,Edmonds,WA,M,M,1,44.31000000000001,3,60000,32,0
9334,Beverly Hills,CA,S,M,0,44.290000000000006,5,20000,55,1
2688,Burbank,CA,M,F,3,44.28,3,60000,69,0
7566,Langley,BC,M,M,1,44.25,2,40000,21,0
3872,Chula Vista,CA,M,M,4,44.24999999999999,3,80000,73,0
9010,N. Vancouver,BC,M,M,4,44.2,3,60000,79,0
4920,Seattle,WA,S,M,0,44.2,2,140000,34,1
6462,Lebanon,OR,S,M,0,44.190000000000005,5,80000,32,0
4798,Woodland Hills,CA,S,F,0,44.19,3,40000,46,0
1021,National City,CA,M,M,3,44.150000000000006,2,80000,34,0
7087,Richmond,BC,S,M,0,44.15,3,20000,28,0
3975,Lincoln Acres,CA,S,F,0,44.15,2,40000,41,0
3450,Royal Oak,BC,M,M,1,44.14000000000001,2,60000,22,0
3305,Lebanon,OR,S,M,0,44.13000000000001,4,40000,43,0
6506,Torrance,CA,M,F,4,44.13,2,40000,29,0
3184,Edmonds,WA,S,F,0,44.099999999999994,1,20000,71,0
5777,Torrance,CA,M,M,1,44.09,2,60000,46,0
1723,Torrance,CA,M,M,0,44.08,2,120000,39,0
9869,Imperial Beach,CA,M,M,1,44.06999999999999,2,80000,47,0
5836,Grossmont,CA,M,M,3,44.02,2,80000,54,0
3917,Marysville,WA,M,F,0,44.02,4,20000,65,0
816,West Covina,CA,M,F,1,44.010000000000005,2,20000,33,0
2705,Coronado,CA,M,F,0,44,3,140000,20,0
2336,San Andres,DF,S,M,0,44,3,20000,80,1
112,Santa Monica,CA,M,F,1,44,1,40000,50,0
9138,Sooke,BC,M,F,4,43.959999999999994,1,120000,57,0
1273,Issaquah,WA,M,M,1,43.959999999999994,2,80000,26,0
8730,Santa Monica,CA,M,F,1,43.93999999999999,3,20000,48,0
5806,Newton,BC,S,M,0,43.93,2,80000,25,0
2709,Torrance,CA,S,F,0,43.93,2,40000,41,0
2066,Port Hammond,BC,M,F,5,43.900000000000006,2,60000,83,0
9944,Seattle,WA,S,M,0,43.89,2,80000,70,1
9062,Oregon City,OR,S,F,0,43.88,2,20000,36,0
2265,El Cajon,CA,M,F,0,43.86,1,60000,76,0
7735,Kirkland,WA,M,F,2,43.85999999999999,2,20000,47,0
8814,Albany,OR,M,M,2,43.83999999999999,2,40000,26,0
9654,Metchosin,BC,M,M,5,43.82,1,40000,26,0
2397,Milwaukie,OR,S,F,0,43.82,2,40000,49,0
10176,Corvallis,OR,M,M,2,43.8,3,80000,31,0
64,Beaverton,OR,S,M,0,43.79,2,20000,66,0
7910,Marysville,WA,S,F,0,43.76,2,60000,36,0
4594,Bellingham,WA,M,F,5,43.75999999999999,4,40000,43,1
5323,Metchosin,BC,S,M,0,43.75,1,40000,87,0
5214,Newport Beach,CA,S,F,0,43.72000000000001,3,140000,40,0
5948,Santa Monica,CA,M,M,1,43.71,4,40000,68,0
8684,Los Angeles,CA,S,F,0,43.7,3,20000,80,1
6922,Bellflower,CA,S,F,0,43.69999999999999,2,150000,64,0
10109,Arcadia,CA,M,F,3,43.69,3,40000,39,0
5013,Glendale,CA,M,M,1,43.67999999999999,3,20000,37,0
9722,Torrance,CA,M,M,0,43.669999999999995,2,100000,44,0
9947,Ladner,BC,S,M,0,43.65,2,60000,80,0
6565,Ballard,WA,S,F,0,43.65,2,20000,32,0
1094,Burien,WA,M,F,0,43.64,3,100000,74,0
7717,Lake Oswego,OR,M,F,2,43.620000000000005,2,40000,63,0
689,Lincoln Acres,CA,S,M,0,43.61,2,40000,22,0
2270,Beaverton,OR,S,M,0,43.6,3,60000,77,0
3855,Burien,WA,S,M,0,43.59,3,40000,32,0
10227,Lynnwood,WA,M,F,0,43.58,2,20000,67,0
7838,Coronado,CA,M,F,0,43.57000000000001,3,20000,52,0
3179,Spring Valley,CA,M,F,5,43.56,2,60000,35,0
9070,Chula Vista,CA,M,F,0,43.55,2,40000,81,0
3744,Glendale,CA,S,F,0,43.55,2,80000,52,0
9792,Torrance,CA,S,F,0,43.53999999999999,3,140000,42,0
8098,Corvallis,OR,S,F,0,43.53,2,40000,62,0
2057,Oak Bay,BC,S,F,0,43.53,2,60000,70,0
349,Guadalajara,Jalisco,S,F,0,43.50000000000001,6,120000,39,1
601,Beverly Hills,CA,S,M,0,43.5,2,40000,65,1
7675,Metchosin,BC,S,M,0,43.49999999999999,2,20000,30,0
1086,Portland,OR,S,F,0,43.46,3,40000,20,1
1255,Newport Beach,CA,S,M,0,43.44,3,60000,29,0
6148,Portland,OR,M,F,2,43.42000000000001,4,100000,38,1
7140,Spring Valley,CA,S,M,0,43.39000000000001,2,60000,48,0
8639,Burnaby,BC,M,F,0,43.39,2,100000,23,0
4724,Edmonds,WA,S,M,0,43.39,3,60000,19,0
7811,Lake Oswego,OR,S,M,0,43.38000000000001,3,40000,24,0
3270,Santa Monica,CA,S,M,0,43.38,4,20000,22,0
2008,La Mesa,CA,M,M,4,43.38,2,20000,49,0
1980,Bellingham,WA,M,F,4,43.379999999999995,4,20000,83,1
6611,San Gabriel,CA,S,M,0,43.370000000000005,3,60000,41,0
5977,Seattle,WA,S,M,0,43.35999999999999,2,80000,65,1
9188,Long Beach,CA,S,M,0,43.35000000000001,2,40000,42,0
2903,Grossmont,CA,S,M,0,43.29,3,140000,41,0
4166,Marysville,WA,S,F,0,43.28000000000001,3,40000,36,0
5799,Kirkland,WA,S,F,0,43.25999999999999,2,120000,63,0
5158,Bremerton,WA,S,M,0,43.23,3,40000,38,1
4909,Long Beach,CA,M,M,0,43.22999999999999,2,20000,50,0
2779,Downey,CA,M,F,1,43.220000000000006,2,40000,68,0
3064,Haney,BC,S,F,0,43.16,2,80000,28,0
9160,Santa Monica,CA,S,F,0,43.15000000000001,2,20000,70,0
6925,San Diego,CA,S,M,0,43.150000000000006,3,20000,62,1
9907,Oak Bay,BC,S,F,0,43.13,2,40000,58,0
3257,La Mesa,CA,S,M,0,43.120000000000005,3,120000,32,0
3921,Yakima,WA,S,F,0,43.1,3,40000,54,1
9039,Altadena,CA,M,M,1,43.09,3,20000,24,0
6135,Haney,BC,S,M,0,43.08,2,40000,53,0
2005,Ladner,BC,S,M,0,43.08,2,60000,83,0
638,Oregon City,OR,M,M,2,43.07000000000001,2,100000,22,0
7584,Lakewood,CA,M,F,1,43.07,3,20000,46,0
8747,Santa Monica,CA,S,F,0,43.06,3,120000,29,0
2160,Burbank,CA,S,F,0,43.06,3,40000,76,0
2331,Lincoln Acres,CA,S,F,0,43.05,2,100000,82,0
1072,Santa Anita,DF,M,F,1,43.05,3,40000,44,0
9294,Richmond,BC,S,M,0,43.05,3,80000,63,0
9860,Beaverton,OR,S,F,0,43.03,4,40000,27,0
4509,Richmond,BC,S,F,0,43.03,2,40000,71,0
1822,Long Beach,CA,M,M,2,43.02,2,140000,76,0
299,Ladner,BC,M,F,0,43.02,3,140000,28,0
7699,Pomona,CA,S,M,0,42.99000000000001,3,40000,73,0
2592,Pomona,CA,S,M,0,42.99,2,40000,56,0
1928,Los Angeles,CA,M,F,2,42.989999999999995,3,20000,41,1
3479,Langley,BC,S,F,0,42.970000000000006,2,80000,45,0
1892,Renton,WA,S,M,0,42.94,2,60000,85,0
6130,Beverly Hills,CA,M,M,1,42.92,3,20000,60,1
7230,Beverly Hills,CA,S,M,0,42.86999999999999,2,40000,41,1
8640,Ballard,WA,M,F,4,42.849999999999994,3,80000,54,0
440,Ballard,WA,M,F,1,42.849999999999994,3,40000,78,0
6115,Renton,WA,S,F,0,42.84,2,60000,83,0
3315,Vancouver,BC,S,M,0,42.809999999999995,2,60000,77,1
673,Milwaukie,OR,M,F,1,42.76000000000001,2,120000,53,0
2363,Cliffside,BC,M,M,5,42.75,1,40000,60,0
8072,Santa Monica,CA,S,M,0,42.73,3,40000,42,0
5771,Newport Beach,CA,S,M,0,42.70000000000001,3,40000,54,0
288,Downey,CA,M,F,1,42.7,2,40000,22,0
8530,Westminster,BC,S,F,0,42.67999999999999,3,20000,52,0
8348,Imperial Beach,CA,S,M,0,42.669999999999995,2,100000,56,0
5694,Lake Oswego,OR,M,F,0,42.669999999999995,2,80000,73,0
621,Lake Oswego,OR,M,M,2,42.620000000000005,2,40000,38,0
10072,Shawnee,BC,M,M,0,42.62,2,100000,69,0
3012,El Cajon,CA,M,F,4,42.61,2,80000,35,0
9181,Imperial Beach,CA,S,M,0,42.6,3,20000,18,0
9753,Oregon City,OR,S,F,0,42.599999999999994,2,120000,41,0
7677,El Cajon,CA,S,M,0,42.57000000000001,2,20000,40,0
5911,Ladner,BC,S,F,0,42.53,2,20000,46,0
9796,Santa Fe,DF,S,F,0,42.51,2,60000,24,0
6224,Newton,BC,M,F,0,42.49,3,20000,74,0
8080,San Diego,CA,S,M,0,42.459999999999994,2,40000,50,1
1967,Los Angeles,CA,S,M,0,42.459999999999994,4,40000,28,1
7620,Haney,BC,S,M,0,42.45,2,20000,30,0
2809,Lakewood,CA,M,F,1,42.45,3,100000,77,0
159,Milwaukie,OR,M,M,4,42.45,2,40000,58,0
9977,Beaverton,OR,S,F,0,42.44999999999999,3,80000,75,0
9427,Spring Valley,CA,M,F,0,42.44,2,40000,70,0
7144,Santa Fe,DF,S,F,0,42.43999999999999,4,80000,73,0
6054,Burnaby,BC,S,M,0,42.42,1,40000,43,0
5733,Beaverton,OR,M,M,1,42.40999999999999,2,20000,80,0
731,Metchosin,BC,M,F,0,42.39,2,80000,23,0
8271,Lemon Grove,CA,M,M,0,42.38999999999999,2,40000,65,0
3140,Downey,CA,M,M,0,42.38000000000001,4,60000,50,0
4677,W. Linn,OR,S,M,0,42.38,3,20000,31,0
3531,Bellflower,CA,S,F,0,42.38,2,60000,25,0
80,Lemon Grove,CA,S,F,0,42.37,3,80000,52,0
8674,Santa Fe,DF,M,F,1,42.36,3,150000,21,0
9793,Everett,WA,M,F,2,42.34,2,20000,37,0
8107,Edmonds,WA,M,M,3,42.330000000000005,3,40000,20,0
2073,Marysville,WA,M,F,3,42.33,2,60000,85,0
7033,Pomona,CA,M,F,0,42.32,3,60000,25,0
7397,Imperial Beach,CA,M,F,4,42.309999999999995,2,120000,30,0
182,Everett,WA,M,F,1,42.3,2,120000,74,0
10062,Ballard,WA,S,F,0,42.28,1,140000,59,0
3044,Oregon City,OR,S,F,0,42.25999999999999,2,80000,43,0
5751,W. Linn,OR,S,M,0,42.220000000000006,3,40000,70,0
4023,Vancouver,BC,S,F,0,42.209999999999994,2,40000,40,1
7018,Long Beach,CA,S,M,0,42.19,1,60000,81,0
5426,El Cajon,CA,S,F,0,42.19,2,40000,63,0
8876,Newton,BC,M,M,2,42.15,2,100000,41,0
9676,Lemon Grove,CA,S,M,0,42.14,2,60000,75,0
8758,Newport Beach,CA,M,M,3,42.14,3,80000,72,0
7504,Lynnwood,WA,M,F,1,42.13999999999999,2,100000,31,0
4829,Beaverton,OR,S,M,0,42.13999999999999,3,20000,71,0
8378,National City,CA,M,M,1,42.129999999999995,2,60000,68,0
7164,Haney,BC,M,M,1,42.11,2,60000,28,0
4032,Oregon City,OR,S,F,0,42.11,4,40000,64,0
2900,Santa Monica,CA,M,F,3,42.09,2,40000,44,0
5393,Newport Beach,CA,S,F,0,42.08,3,60000,64,0
2141,Newport Beach,CA,S,M,0,42.08,2,80000,39,0
2920,Cliffside,BC,M,F,2,42.059999999999995,2,40000,75,0
922,Long Beach,CA,S,M,0,42.05,2,60000,36,0
992,Beverly Hills,CA,S,F,0,42.02,2,40000,61,1
7286,Ladner,BC,S,M,0,42.00999999999999,2,20000,62,0
2087,Richmond,BC,S,F,0,41.970000000000006,2,20000,85,0
4984,Shawnee,BC,S,F,0,41.959999999999994,2,20000,86,0
4220,W. Linn,OR,M,F,5,41.95000000000001,2,40000,61,0
8104,Vancouver,BC,S,F,0,41.92000000000001,3,150000,36,1
9104,Langley,BC,M,M,4,41.91,1,100000,74,0
2629,Lynnwood,WA,M,F,1,41.89,2,80000,72,0
5010,Beverly Hills,CA,S,F,0,41.88999999999999,2,150000,35,1
9532,Portland,OR,S,F,0,41.85,4,40000,51,1
9195,La Jolla,CA,M,M,3,41.84,3,80000,51,0
9899,Renton,WA,M,F,1,41.81,2,20000,87,0
4674,Newport Beach,CA,S,F,0,41.8,3,60000,49,0
4643,Walla Walla,WA,S,F,0,41.8,5,80000,63,1
5891,Metchosin,BC,M,M,2,41.790000000000006,2,60000,60,0
360,La Mesa,CA,M,M,2,41.79,3,40000,49,0
2526,San Diego,CA,S,F,0,41.760000000000005,2,40000,78,1
2781,Lemon Grove,CA,M,F,2,41.74999999999999,3,20000,73,0
1574,Arcadia,CA,M,F,2,41.74,2,150000,51,0
3204,El Cajon,CA,M,F,0,41.73,2,40000,20,0
9137,Langford,BC,M,F,4,41.71000000000001,2,100000,44,0
3841,Port Hammond,BC,S,M,0,41.7,2,40000,69,0
5277,Sooke,BC,M,M,1,41.68,2,100000,46,0
8998,Seattle,WA,M,F,1,41.66,3,20000,54,1
5441,Bellflower,CA,M,F,4,41.64000000000001,3,80000,63,0
8706,Arcadia,CA,S,F,0,41.620000000000005,2,20000,86,0
5782,Woodburn,OR,S,M,0,41.61,4,60000,87,0
5726,Ballard,WA,S,M,0,41.56000000000001,3,40000,62,0
7806,Salem,OR,M,F,1,41.55,2,40000,55,1
913,Metchosin,BC,M,M,2,41.53,3,80000,56,0
3431,Oak Bay,BC,M,F,4,41.52,1,60000,29,0
1861,Everett,WA,M,F,2,41.52,2,60000,25,0
1683,Downey,CA,M,M,2,41.489999999999995,1,60000,52,0
720,Lincoln Acres,CA,M,F,0,41.489999999999995,2,60000,33,0
8425,Sooke,BC,M,F,3,41.48999999999999,2,40000,67,0
8934,Pomona,CA,S,F,0,41.46000000000001,2,60000,77,0
4283,Issaquah,WA,S,M,0,41.44,2,40000,79,0
9474,Shawnee,BC,S,F,0,41.42999999999999,1,60000,68,0
8935,Everett,WA,M,M,1,41.42999999999999,1,20000,32,0
4458,Redmond,WA,M,F,1,41.42,2,150000,66,0
4883,Port Hammond,BC,S,M,0,41.41,2,40000,78,0
5313,Lemon Grove,CA,M,F,3,41.4,3,40000,19,0
954,Vancouver,BC,S,M,0,41.33,3,60000,32,1
1905,Lakewood,CA,M,M,1,41.32,2,40000,23,0
26,Burbank,CA,S,M,0,41.3,3,20000,44,0
5152,Lemon Grove,CA,M,F,0,41.27,3,80000,59,0
7953,Langley,BC,M,F,0,41.24,3,20000,45,0
3860,Marysville,WA,S,M,0,41.23,3,140000,33,0
1348,Guadalajara,Jalisco,S,F,0,41.23,3,40000,22,1
5784,Ballard,WA,S,F,0,41.21000000000001,2,100000,51,0
6680,Langford,BC,M,M,4,41.17,1,20000,39,0
1714,Torrance,CA,S,F,0,41.17,2,100000,37,0
4533,Santa Monica,CA,S,F,0,41.169999999999995,2,120000,69,0
125,Bellflower,CA,M,M,2,41.10999999999999,3,80000,26,0
5104,Spring Valley,CA,S,M,0,41.06,2,40000,37,0
980,West Covina,CA,M,F,1,41.05,3,60000,62,0
2605,Lincoln Acres,CA,S,F,0,41.02,3,20000,47,0
3821,Everett,WA,S,M,0,41.02,3,40000,46,0
9902,Sooke,BC,M,F,0,41.01,2,20000,68,0
6359,Santa Monica,CA,S,F,0,41,3,80000,79,0
2839,Redmond,WA,S,M,0,40.99999999999999,2,40000,83,0
7658,Cliffside,BC,M,F,2,40.99,3,40000,69,0
8889,Beaverton,OR,S,F,0,40.989999999999995,2,120000,39,0
3094,Grossmont,CA,M,M,2,40.98,3,20000,58,0
6205,Sooke,BC,M,M,4,40.96,2,20000,47,0
2813,Kirkland,WA,M,F,2,40.96,2,20000,22,0
934,Redmond,WA,S,F,0,40.95,2,60000,38,0
6096,Burbank,CA,M,M,0,40.93,3,40000,19,0
3888,San Gabriel,CA,M,M,1,40.92999999999999,2,80000,30,0
2154,San Gabriel,CA,M,M,1,40.90999999999999,3,40000,50,0
1357,National City,CA,S,F,0,40.89999999999999,1,20000,55,0
8898,Lake Oswego,OR,M,F,0,40.89,2,80000,81,0
5583,Burnaby,BC,S,F,0,40.89,3,140000,67,0
1662,Victoria,BC,S,F,0,40.870000000000005,2,20000,79,1
5789,La Mesa,CA,M,M,0,40.84,2,80000,83,0
2672,Chula Vista,CA,S,M,0,40.82,2,20000,36,0
2606,Edmonds,WA,S,M,0,40.82,2,60000,25,0
3600,Santa Fe,DF,S,F,0,40.81000000000001,5,20000,87,0
9093,Vancouver,BC,S,M,0,40.809999999999995,3,40000,54,1
9204,Newport Beach,CA,M,M,1,40.8,5,60000,29,0
9932,West Covina,CA,S,F,0,40.78,3,120000,31,0
6492,Metchosin,BC,S,M,0,40.720000000000006,2,80000,68,0
2501,Guadalajara,Jalisco,S,F,0,40.71,4,40000,20,1
2318,Kirkland,WA,M,M,4,40.7,3,20000,54,0
7618,Milwaukie,OR,M,M,3,40.68000000000001,4,60000,81,0
1471,Beaverton,OR,S,F,0,40.68000000000001,2,80000,63,0
2885,Grossmont,CA,S,F,0,40.67,2,140000,55,0
5753,Seattle,WA,M,M,1,40.629999999999995,4,20000,64,1
1091,Santa Monica,CA,S,F,0,40.629999999999995,3,20000,48,0
6013,Walla Walla,WA,M,M,0,40.61000000000001,3,20000,87,1
4324,Lynnwood,WA,M,F,0,40.6,1,60000,23,0
2338,Issaquah,WA,S,M,0,40.55,2,120000,55,0
9799,Vancouver,BC,M,M,0,40.540000000000006,2,40000,40,1
7060,Santa Monica,CA,M,M,2,40.53,2,60000,20,0
8958,Walla Walla,WA,M,M,4,40.52,4,20000,80,1
941,Woodburn,OR,S,M,0,40.52,3,40000,23,0
2799,Santa Monica,CA,S,F,0,40.49999999999999,2,100000,24,0
4644,Portland,OR,S,M,0,40.49,2,140000,78,1
3847,W. Linn,OR,M,F,1,40.45,3,20000,73,0
9986,Arcadia,CA,S,M,0,40.440000000000005,3,150000,47,0
2740,Portland,OR,S,M,0,40.43000000000001,3,60000,68,1
1643,Lincoln Acres,CA,M,F,1,40.41000000000001,2,80000,84,0
1922,Everett,WA,S,M,0,40.41,2,60000,67,0
9622,Burbank,CA,S,F,0,40.39,2,40000,39,0
3840,Lynnwood,WA,M,F,0,40.39,2,140000,75,0
10171,Ladner,BC,S,M,0,40.38,3,60000,39,0
690,Lincoln Acres,CA,S,F,0,40.32000000000001,2,150000,30,0
408,Santa Monica,CA,M,F,3,40.31,4,60000,82,0
4378,Beaverton,OR,S,F,0,40.28000000000001,2,100000,75,0
2892,Shawnee,BC,M,F,3,40.26,2,40000,31,0
2187,Ballard,WA,M,M,0,40.26,3,40000,32,0
3413,Seattle,WA,M,F,4,40.21999999999999,3,20000,37,1
32,Ladner,BC,S,F,0,40.2,2,20000,68,0
5080,Seattle,WA,M,F,4,40.190000000000005,2,100000,55,1
1868,Beverly Hills,CA,M,M,4,40.18000000000001,2,20000,83,1
10231,Lakewood,CA,S,M,0,40.17999999999999,3,140000,34,0
7987,Cliffside,BC,M,M,3,40.17,2,80000,87,0
6775,Redmond,WA,S,F,0,40.17,3,40000,32,0
5126,Lincoln Acres,CA,S,F,0,40.17,2,60000,40,0
3898,Woodland Hills,CA,S,F,0,40.15999999999999,2,20000,50,0
5942,Newport Beach,CA,M,F,0,40.14,2,60000,27,0
4157,Altadena,CA,S,M,0,40.129999999999995,3,140000,74,0
10168,Marysville,WA,S,F,0,40.099999999999994,2,20000,23,0
443,Guadalajara,Jalisco,S,M,0,40.09,3,60000,71,1
4962,Portland,OR,M,F,1,40.07,1,40000,55,1
9560,Vancouver,BC,M,M,0,40.06999999999999,4,40000,62,1
9021,Arcadia,CA,S,M,0,40.02,2,20000,85,0
4470,Beverly Hills,CA,S,F,0,40.02,3,40000,65,1
3738,Burbank,CA,M,M,4,40.01,3,60000,46,0
3455,Lakewood,CA,S,F,0,39.98,2,40000,55,0
5623,Pomona,CA,M,F,2,39.95,3,40000,66,0
2016,Kirkland,WA,S,M,0,39.92,1,20000,41,0
873,Lemon Grove,CA,M,F,2,39.9,2,40000,30,0
9999,Burien,WA,S,M,0,39.89,2,150000,36,0
6017,W. Linn,OR,S,F,0,39.89,2,20000,60,0
293,Walla Walla,WA,M,M,3,39.88,3,40000,60,1
10037,Ladner,BC,S,F,0,39.85000000000001,3,40000,34,0
3742,Milwaukie,OR,M,M,1,39.85,2,20000,55,0
2411,Beverly Hills,CA,S,F,0,39.849999999999994,3,20000,42,1
5115,Sedro Woolley,WA,S,M,0,39.84,4,60000,72,0
794,Vancouver,BC,M,M,4,39.830000000000005,4,40000,73,1
8329,Everett,WA,S,M,0,39.79,2,80000,76,0
9345,Seattle,WA,S,M,0,39.779999999999994,2,60000,52,1
9628,Spring Valley,CA,S,M,0,39.76,2,60000,61,0
329,San Gabriel,CA,S,F,0,39.76,3,40000,30,0
4361,N. Vancouver,BC,M,F,2,39.720000000000006,3,40000,65,0
4015,Downey,CA,S,M,0,39.7,2,60000,80,0
3042,La Mesa,CA,M,F,0,39.650000000000006,2,40000,25,0
6507,Guadalajara,Jalisco,S,F,0,39.629999999999995,5,40000,76,1
7447,Downey,CA,S,M,0,39.599999999999994,2,150000,80,0
2837,Langford,BC,S,M,0,39.599999999999994,2,20000,36,0
2150,Santa Monica,CA,S,F,0,39.59,2,40000,76,0
10040,Lincoln Acres,CA,M,F,3,39.53,1,60000,64,0
2988,Seattle,WA,M,M,1,39.53,3,40000,85,1
509,Pomona,CA,M,M,2,39.53,2,60000,30,0
7808,Glendale,CA,M,F,0,39.529999999999994,2,120000,51,0
1347,Corvallis,OR,M,M,2,39.52,3,60000,71,0
9481,Lincoln Acres,CA,S,F,0,39.5,2,40000,21,0
940,Arcadia,CA,M,F,2,39.49,1,20000,21,0
5326,Richmond,BC,M,M,0,39.48,3,60000,45,0
4328,Beverly Hills,CA,M,F,1,39.47,3,120000,49,1
4346,Ladner,BC,S,M,0,39.45,2,40000,61,0
6252,Langley,BC,S,F,0,39.43000000000001,4,20000,35,0
9068,Downey,CA,S,M,0,39.43,3,40000,52,0
5875,Milwaukie,OR,S,M,0,39.400000000000006,2,20000,71,0
8487,Ballard,WA,S,F,0,39.38,2,60000,49,0
5133,Los Angeles,CA,M,F,1,39.34,3,60000,73,1
6500,Woodland Hills,CA,S,F,0,39.34,2,150000,82,0
1190,Ladner,BC,S,F,0,39.33,2,40000,33,0
1034,Spring Valley,CA,M,F,1,39.31,2,40000,62,0
5711,Port Hammond,BC,S,F,0,39.279999999999994,1,40000,81,0
5185,San Diego,CA,M,F,2,39.27,1,80000,33,1
3073,Cliffside,BC,S,M,0,39.260000000000005,2,40000,39,0
7323,Lincoln Acres,CA,S,M,0,39.26,2,20000,85,0
6687,Burbank,CA,S,M,0,39.24,3,20000,22,0
4654,Renton,WA,S,M,0,39.23,2,20000,50,0
6191,Burien,WA,S,M,0,39.21,2,40000,83,0
312,Downey,CA,M,M,2,39.21,2,40000,22,0
9034,Langley,BC,S,M,0,39.2,2,40000,82,0
70,Coronado,CA,M,M,0,39.16,2,40000,26,0
6787,Burnaby,BC,S,M,0,39.129999999999995,3,60000,72,0
3922,West Covina,CA,M,M,3,39.129999999999995,3,40000,61,0
4575,Renton,WA,M,M,2,39.10000000000001,2,80000,22,0
6816,Beaverton,OR,M,M,1,39.09,2,40000,43,0
6091,Coronado,CA,M,F,4,39.09,4,40000,59,0
5765,Burbank,CA,M,M,2,39.08,3,40000,72,0
4709,Walla Walla,WA,M,M,0,39.05,3,100000,87,1
1600,Newton,BC,M,M,4,39.040000000000006,2,60000,84,0
9571,Oregon City,OR,S,M,0,39.02999999999999,3,40000,45,0
5127,Burien,WA,S,F,0,39.02,3,60000,59,0
1274,West Covina,CA,S,M,0,39.02,2,40000,87,0
7814,Lincoln Acres,CA,M,M,5,39,2,20000,60,0
7157,Redmond,WA,S,M,0,38.98,2,40000,68,0
5990,Lakewood,CA,M,F,3,38.96,2,40000,47,0
6700,Ballard,WA,M,M,0,38.959999999999994,2,40000,54,0
10234,Beverly Hills,CA,S,F,0,38.95,3,20000,18,1
1473,Redmond,WA,S,M,0,38.95,2,20000,26,0
9073,Beaverton,OR,M,M,3,38.93,3,40000,40,0
7874,Victoria,BC,M,F,0,38.92999999999999,3,20000,34,1
3040,Ladner,BC,M,M,0,38.92999999999999,2,80000,43,0
5864,N. Vancouver,BC,S,M,0,38.92,2,40000,64,0
1208,Daly City,CA,S,F,0,38.9,3,40000,24,0
5269,Cliffside,BC,S,M,0,38.870000000000005,2,40000,41,0
10111,Port Orchard,WA,S,M,0,38.86,5,40000,43,0
6873,Royal Oak,BC,M,F,1,38.86,2,60000,34,0
1901,Santa Monica,CA,M,M,2,38.86,4,40000,46,0
2586,Pomona,CA,S,F,0,38.830000000000005,3,60000,24,0
4030,Altadena,CA,M,F,0,38.83,3,40000,68,0
6896,Vancouver,BC,M,M,0,38.8,1,60000,66,1
1321,Seattle,WA,M,M,3,38.78,2,60000,34,1
10059,Issaquah,WA,M,M,0,38.74,2,40000,32,0
1482,Vancouver,BC,M,F,1,38.739999999999995,2,60000,69,1
6154,Seattle,WA,S,M,0,38.72999999999999,5,100000,59,1
6928,Port Hammond,BC,S,F,0,38.709999999999994,2,20000,76,0
801,Downey,CA,M,M,0,38.7,2,80000,56,0
9227,Bellflower,CA,S,F,0,38.68,2,20000,59,0
5016,Long Beach,CA,M,M,4,38.67,4,80000,73,0
698,Kirkland,WA,M,M,1,38.67,2,20000,66,0
10087,La Mesa,CA,M,F,1,38.669999999999995,2,20000,41,0
7124,Bellflower,CA,S,F,0,38.650000000000006,2,150000,21,0
2714,Langford,BC,S,M,0,38.650000000000006,1,60000,87,0
3105,Burien,WA,S,M,0,38.64,3,40000,61,0
5119,Seattle,WA,M,M,0,38.629999999999995,1,80000,29,1
2615,Westminster,BC,M,M,1,38.60000000000001,2,60000,63,0
7670,Renton,WA,S,F,0,38.6,4,60000,50,0
1665,Pomona,CA,S,F,0,38.59000000000001,3,80000,82,0
9045,National City,CA,S,M,0,38.59,2,60000,71,0
8370,Lake Oswego,OR,M,F,2,38.59,2,120000,28,0
3875,Arcadia,CA,M,F,0,38.59,2,20000,40,0
8217,Ballard,WA,S,M,0,38.57000000000001,1,60000,37,0
5954,West Covina,CA,S,M,0,38.529999999999994,2,40000,63,0
4160,La Jolla,CA,S,F,0,38.52,2,40000,56,0
4946,La Mesa,CA,M,F,0,38.51,3,40000,50,0
1827,Lynnwood,WA,M,M,4,38.49,3,40000,35,0
2823,San Diego,CA,M,F,1,38.489999999999995,1,140000,80,1
2576,Portland,OR,M,F,3,38.43,3,40000,19,1
2763,Seattle,WA,M,F,3,38.419999999999995,2,60000,49,1
1379,Glendale,CA,M,F,2,38.41,3,40000,50,0
7482,Sooke,BC,S,F,0,38.41,2,80000,60,0
2914,Burien,WA,S,M,0,38.400000000000006,2,80000,31,0
8442,Puyallup,WA,S,F,0,38.4,4,20000,53,0
7028,Kirkland,WA,S,F,0,38.39,1,80000,58,0
3109,Milwaukie,OR,S,M,0,38.379999999999995,2,40000,65,0
1951,Sooke,BC,S,M,0,38.35,2,100000,79,0
1244,Oregon City,OR,M,F,1,38.35,3,120000,24,0
3434,Lincoln Acres,CA,S,F,0,38.33,1,40000,52,0
6412,Langley,BC,M,F,1,38.31,2,40000,54,0
6963,Langley,BC,S,M,0,38.3,2,40000,43,0
8033,La Jolla,CA,S,F,0,38.29,4,20000,31,0
6283,Santa Monica,CA,S,F,0,38.26999999999999,4,20000,81,0
8070,West Covina,CA,S,M,0,38.26,2,60000,72,0
5935,Glendale,CA,M,M,1,38.25,2,140000,61,0
8645,Altadena,CA,M,F,1,38.23,2,20000,69,0
7648,Burnaby,BC,M,F,1,38.23,2,40000,42,0
4288,National City,CA,M,F,0,38.21,1,60000,71,0
6078,Westminster,BC,S,M,0,38.2,3,120000,36,0
2172,Burnaby,BC,M,M,4,38.190000000000005,2,40000,68,0
1736,Woodburn,OR,S,F,0,38.190000000000005,4,80000,64,0
5812,Redmond,WA,S,M,0,38.19,2,20000,84,0
6572,Spring Valley,CA,S,M,0,38.18000000000001,3,60000,87,0
8854,Anacortes,WA,M,F,2,38.169999999999995,3,80000,66,0
2293,West Covina,CA,S,F,0,38.169999999999995,4,40000,18,0
9193,Beverly Hills,CA,M,F,1,38.15,2,20000,40,1
5823,Issaquah,WA,M,F,1,38.14,2,60000,86,0
5561,San Diego,CA,S,F,0,38.13000000000001,3,40000,82,1
3767,Lakewood,CA,M,F,0,38.13,2,40000,51,0
7097,N. Vancouver,BC,S,M,0,38.12,2,40000,47,0
8196,La Mesa,CA,M,F,0,38.11,4,140000,52,0
5168,San Gabriel,CA,M,F,3,38.11,1,150000,86,0
8565,Vancouver,BC,M,F,2,38.099999999999994,4,80000,32,1
3987,Glendale,CA,M,M,1,38.08,2,40000,81,0
8122,Oregon City,OR,M,M,0,38.07,2,80000,65,0
3891,Woodland Hills,CA,M,F,5,38.06999999999999,1,60000,29,0
14,Lincoln Acres,CA,M,F,2,38.06,4,60000,86,0
9535,W. Linn,OR,M,F,1,38.05,3,40000,66,0
1532,Newport Beach,CA,M,F,4,38.05,2,120000,41,0
1203,Burbank,CA,M,M,2,38.03,2,40000,74,0
3842,Port Hammond,BC,M,M,1,38.02,3,80000,50,0
396,National City,CA,M,F,0,38.010000000000005,2,40000,25,0
8819,Guadalajara,Jalisco,S,M,0,38.00000000000001,3,60000,28,1
1966,Arcadia,CA,S,F,0,38,2,40000,31,0
1759,Downey,CA,M,F,0,38,2,20000,44,0
5183,Bellflower,CA,S,M,0,37.99,2,20000,77,0
4230,Milwaukie,OR,M,F,2,37.98000000000001,2,20000,60,0
361,Milwaukie,OR,S,F,0,37.96,3,60000,31,0
10236,Metchosin,BC,M,M,1,37.94,2,80000,75,0
5882,Milwaukie,OR,S,F,0,37.93,3,140000,23,0
5267,Edmonds,WA,M,F,2,37.93,3,140000,63,0
8165,Redmond,WA,M,F,1,37.91,4,150000,70,0
2665,Oregon City,OR,S,F,0,37.879999999999995,2,20000,75,0
3615,Edmonds,WA,S,F,0,37.87,2,60000,37,0
5817,Edmonds,WA,S,F,0,37.85,1,60000,50,0
9280,Ladner,BC,S,F,0,37.84,2,20000,55,0
8872,Spring Valley,CA,S,F,0,37.81000000000001,3,60000,53,0
3446,Walla Walla,WA,S,F,0,37.8,2,40000,44,1
646,Bellflower,CA,S,M,0,37.8,2,60000,52,0
2941,Lemon Grove,CA,S,M,0,37.8,2,80000,57,0
5761,Beverly Hills,CA,M,M,1,37.790000000000006,2,120000,63,1
5195,Ballard,WA,M,M,0,37.77,2,40000,54,0
416,Langford,BC,S,F,0,37.77,1,40000,21,0
3456,Haney,BC,M,F,4,37.75999999999999,2,40000,86,0
10244,Westminster,BC,M,F,1,37.75,2,20000,18,0
9661,N. Vancouver,BC,S,M,0,37.74999999999999,1,20000,86,0
3508,West Covina,CA,M,M,1,37.74,2,20000,65,0
10249,Beverly Hills,CA,S,F,0,37.709999999999994,1,40000,23,1
9476,Glendale,CA,S,F,0,37.7,2,20000,87,0
6524,Seattle,WA,S,M,0,37.7,3,40000,66,1
6551,Lake Oswego,OR,S,F,0,37.69,3,100000,69,0
5322,Santa Monica,CA,M,F,1,37.69,3,20000,47,0
2642,Everett,WA,S,M,0,37.69,2,80000,67,0
1218,Chula Vista,CA,S,M,0,37.69,2,40000,37,0
1960,Newton,BC,M,F,1,37.650000000000006,2,100000,54,0
8394,Woodland Hills,CA,M,F,0,37.63,3,20000,31,0
6451,Langford,BC,M,F,4,37.629999999999995,2,100000,41,0
5663,Pomona,CA,M,F,1,37.61,2,60000,88,0
8022,Kirkland,WA,M,F,0,37.6,2,40000,41,0
8809,Ballard,WA,M,F,4,37.56999999999999,2,20000,46,0
4438,Pomona,CA,S,F,0,37.56,1,20000,67,0
7571,Bellflower,CA,M,F,1,37.559999999999995,2,20000,86,0
8786,La Jolla,CA,M,M,0,37.55999999999999,2,40000,36,0
8390,Coronado,CA,M,M,0,37.55000000000001,3,60000,53,0
1329,Renton,WA,S,F,0,37.53000000000001,3,20000,26,0
1146,Grossmont,CA,M,F,5,37.52,2,20000,24,0
4606,Port Orchard,WA,M,F,1,37.510000000000005,4,40000,32,0
8403,Portland,OR,M,M,3,37.51,2,80000,66,1
8776,Langford,BC,S,M,0,37.49999999999999,2,40000,63,0
2718,Victoria,BC,M,M,1,37.48,2,60000,32,1
3345,Bellflower,CA,S,M,0,37.48,1,120000,42,0
3750,Glendale,CA,S,M,0,37.47,2,60000,31,0
4672,Langford,BC,S,M,0,37.459999999999994,1,60000,86,0
559,Marysville,WA,S,M,0,37.45,1,120000,26,0
6645,Imperial Beach,CA,S,F,0,37.45,1,20000,81,0
8991,Bellflower,CA,S,F,0,37.43999999999999,3,80000,31,0
2927,Bellflower,CA,M,M,4,37.43,1,40000,73,0
3801,Portland,OR,S,F,0,37.419999999999995,3,40000,43,1
8600,Santa Monica,CA,S,M,0,37.41,2,40000,49,0
6149,Sedro Woolley,WA,M,F,1,37.41,3,80000,59,0
2931,Langford,BC,S,F,0,37.41,2,20000,78,0
9114,Metchosin,BC,S,M,0,37.4,2,80000,25,0
8236,Richmond,BC,M,M,0,37.4,2,40000,41,0
2875,Santa Monica,CA,M,F,2,37.39,2,60000,33,0
6198,Sedro Woolley,WA,M,F,0,37.36,3,40000,50,0
256,Haney,BC,M,M,2,37.36,1,20000,87,0
6035,Lemon Grove,CA,S,F,0,37.33,2,40000,86,0
740,Milwaukie,OR,S,M,0,37.3,2,140000,72,0
2844,Everett,WA,M,F,0,37.290000000000006,2,150000,48,0
1252,Lemon Grove,CA,S,M,0,37.279999999999994,3,20000,71,0
8333,Sooke,BC,S,M,0,37.27,3,100000,20,0
1212,Guadalajara,Jalisco,M,M,3,37.23,3,40000,82,1
6344,Victoria,BC,S,F,0,37.21,2,40000,29,1
1037,Woodland Hills,CA,S,M,0,37.2,2,40000,72,0
6192,Los Angeles,CA,S,M,0,37.2,2,60000,76,1
948,Cliffside,BC,S,M,0,37.17999999999999,2,20000,18,0
5170,Lynnwood,WA,M,F,0,37.16,2,40000,51,0
7133,Walla Walla,WA,M,F,2,37.15999999999999,5,40000,78,1
8980,Metchosin,BC,M,M,1,37.15,2,40000,36,0
2899,San Diego,CA,M,F,1,37.14999999999999,2,140000,56,1
9215,Richmond,BC,M,F,3,37.14,2,40000,31,0
3151,Richmond,BC,M,F,0,37.129999999999995,2,140000,43,0
6134,Renton,WA,S,F,0,37.12,3,120000,72,0
8043,Cliffside,BC,M,M,1,37.11,1,20000,34,0
519,Victoria,BC,M,F,3,37.1,2,120000,78,1
261,Spring Valley,CA,S,M,0,37.1,1,140000,50,0
4116,Portland,OR,M,M,5,37.09,2,60000,77,1
8941,Edmonds,WA,M,M,1,37.07,3,140000,35,0
8771,Walla Walla,WA,S,F,0,37.07,5,60000,87,1
8552,Newton,BC,M,M,0,37.03999999999999,3,40000,87,0
3545,Marysville,WA,M,M,4,37,2,140000,71,0
3033,Lemon Grove,CA,S,M,0,36.98,1,20000,44,0
9746,Edmonds,WA,S,F,0,36.96,2,40000,30,0
4847,W. Linn,OR,S,F,0,36.95,4,40000,77,0
4536,Albany,OR,S,F,0,36.919999999999995,3,40000,42,0
3576,Marysville,WA,M,F,4,36.91,2,150000,57,0
5608,Beverly Hills,CA,S,F,0,36.900000000000006,3,60000,23,1
6302,Concord,CA,S,F,0,36.879999999999995,3,40000,85,0
5774,El Cajon,CA,M,F,2,36.879999999999995,3,40000,23,0
3262,Woodland Hills,CA,M,F,1,36.870000000000005,2,40000,40,0
3809,Long Beach,CA,S,M,0,36.85,2,60000,40,0
5570,Guadalajara,Jalisco,S,M,0,36.84,4,60000,54,1
83,Arcadia,CA,S,F,0,36.84,3,120000,29,0
4057,Arcadia,CA,M,M,0,36.830000000000005,3,40000,41,0
7312,El Cajon,CA,S,F,0,36.83,4,40000,61,0
4259,Kirkland,WA,S,M,0,36.83,2,20000,59,0
3063,Grossmont,CA,S,M,0,36.83,2,140000,56,0
2059,Puyallup,WA,M,F,1,36.81999999999999,2,20000,87,0
7006,Ballard,WA,M,M,1,36.81,2,20000,60,0
3221,Beverly Hills,CA,M,F,4,36.81,3,60000,50,1
5683,San Gabriel,CA,S,M,0,36.8,2,40000,42,0
8910,Kirkland,WA,S,M,0,36.79,1,40000,61,0
8764,Haney,BC,M,F,2,36.75,2,140000,24,0
7846,Cliffside,BC,S,M,0,36.75,2,40000,28,0
1881,Port Hammond,BC,M,M,0,36.74999999999999,4,40000,87,0
9403,Torrance,CA,M,M,0,36.74,1,40000,39,0
6392,Los Angeles,CA,M,M,1,36.739999999999995,2,20000,31,1
7904,Beverly Hills,CA,S,M,0,36.73,2,60000,57,1
6533,Westminster,BC,S,F,0,36.73,3,40000,31,0
7859,Pomona,CA,S,F,0,36.73,3,40000,32,0
9682,Issaquah,WA,M,M,3,36.720000000000006,2,60000,64,0
7246,Torrance,CA,M,M,1,36.71000000000001,3,40000,22,0
3916,Langford,BC,S,M,0,36.69,2,40000,60,0
6894,El Cajon,CA,M,M,1,36.68,2,60000,79,0
4100,Santa Monica,CA,S,F,0,36.68,3,20000,50,0
8267,Los Angeles,CA,S,M,0,36.66,3,40000,26,1
4090,Beverly Hills,CA,M,F,4,36.650000000000006,2,60000,40,1
6430,Portland,OR,S,M,0,36.65,3,40000,34,1
7965,Issaquah,WA,M,F,1,36.6,1,40000,72,0
1504,Coronado,CA,S,F,0,36.59,3,120000,37,0
8658,Glendale,CA,S,F,0,36.580000000000005,2,40000,50,0
6965,San Diego,CA,M,F,2,36.58,2,60000,21,1
1291,Lynnwood,WA,S,F,0,36.58,2,40000,38,0
291,N. Vancouver,BC,S,M,0,36.56,2,100000,31,0
4638,Pomona,CA,S,M,0,36.55,1,40000,21,0
143,Glendale,CA,M,F,5,36.55,2,40000,23,0
7984,Langley,BC,M,F,2,36.55,2,20000,88,0
4496,Woodland Hills,CA,S,M,0,36.55,3,40000,20,0
9381,Lincoln Acres,CA,M,M,0,36.53,2,120000,55,0
9406,Imperial Beach,CA,S,F,0,36.52000000000001,2,100000,35,0
651,Imperial Beach,CA,M,M,0,36.5,1,40000,45,0
267,Altadena,CA,S,F,0,36.489999999999995,1,140000,34,0
9852,Imperial Beach,CA,S,M,0,36.48,3,20000,62,0
2429,Arcadia,CA,S,M,0,36.47,2,20000,81,0
9175,Chula Vista,CA,S,F,0,36.45,2,100000,80,0
4385,Bellflower,CA,M,F,3,36.43,2,20000,82,0
6745,Lakewood,CA,M,M,1,36.42,2,60000,38,0
6905,Bellflower,CA,M,M,1,36.41,4,40000,26,0
8352,Newton,BC,S,F,0,36.4,2,40000,36,0
7196,Altadena,CA,S,M,0,36.39000000000001,2,20000,78,0
3609,Coronado,CA,M,F,2,36.370000000000005,2,40000,71,0
5805,Portland,OR,S,M,0,36.37,2,40000,78,1
6664,Kirkland,WA,M,F,1,36.36,2,40000,74,0
8339,Langley,BC,S,M,0,36.31,2,20000,54,0
5950,Guadalajara,Jalisco,S,M,0,36.29,3,20000,33,1
10085,Haney,BC,M,M,3,36.28,3,60000,28,0
5156,Haney,BC,M,M,3,36.26,3,120000,40,0
4113,West Covina,CA,M,M,3,36.26,2,80000,46,0
1326,Port Hammond,BC,S,F,0,36.26,2,20000,67,0
500,Bellflower,CA,M,F,1,36.150000000000006,1,20000,63,0
9623,Burien,WA,S,F,0,36.11,2,120000,26,0
2022,Guadalajara,Jalisco,S,M,0,36.09,4,60000,20,1
999,National City,CA,M,M,2,36.080000000000005,1,40000,75,0
2958,El Cajon,CA,M,M,1,36.08,2,60000,20,0
953,Burien,WA,S,F,0,36.06,2,40000,40,0
6617,Altadena,CA,M,F,2,36.05,2,20000,71,0
4671,Milwaukie,OR,S,F,0,36.040000000000006,4,40000,54,0
102,Langford,BC,M,M,0,36.04,2,40000,26,0
6436,Westminster,BC,M,F,1,36.03,2,80000,66,0
686,Burnaby,BC,S,F,0,36.03,2,20000,25,0
1954,Salem,OR,M,F,3,36.02,2,80000,80,1
6176,Royal Oak,BC,S,F,0,36.019999999999996,1,60000,49,0
4646,Vancouver,BC,M,F,1,36,3,40000,75,1
6445,Grossmont,CA,M,F,0,35.959999999999994,2,40000,21,0
96,Beaverton,OR,S,M,0,35.94,3,60000,47,0
4085,El Cajon,CA,M,F,1,35.92,2,20000,67,0
2186,Renton,WA,S,F,0,35.849999999999994,2,140000,62,0
1209,Spring Valley,CA,M,M,1,35.82,2,150000,35,0
8142,Burbank,CA,M,F,2,35.790000000000006,3,80000,31,0
8539,Glendale,CA,S,F,0,35.74999999999999,1,80000,81,0
7587,Newton,BC,S,M,0,35.74000000000001,3,40000,83,0
2871,Edmonds,WA,S,M,0,35.74,2,40000,27,0
2228,Lynnwood,WA,S,F,0,35.74,2,60000,72,0
9423,Victoria,BC,S,F,0,35.739999999999995,1,40000,65,1
8161,Lemon Grove,CA,M,F,0,35.72,2,20000,61,0
3246,Arcadia,CA,M,F,3,35.72,2,20000,75,0
7145,Burnaby,BC,M,F,0,35.709999999999994,2,40000,46,0
1743,Long Beach,CA,M,M,3,35.709999999999994,4,60000,73,0
4713,Torrance,CA,S,M,0,35.67,1,100000,70,0
8221,N. Vancouver,BC,M,M,1,35.660000000000004,2,20000,51,0
2610,Downey,CA,S,F,0,35.650000000000006,3,60000,67,0
9791,Issaquah,WA,S,F,0,35.629999999999995,2,20000,81,0
7395,Langford,BC,S,F,0,35.629999999999995,2,80000,40,0
6512,Sooke,BC,M,M,0,35.62,2,40000,41,0
7819,La Mesa,CA,S,M,0,35.61000000000001,2,40000,78,0
287,Arcadia,CA,M,F,0,35.61000000000001,2,60000,43,0
6068,La Mesa,CA,M,M,0,35.6,2,40000,69,0
3663,San Gabriel,CA,S,M,0,35.6,2,40000,33,0
572,Bellingham,WA,M,M,3,35.57,3,40000,49,1
9086,Langley,BC,M,F,0,35.56,3,20000,37,0
5253,Woodland Hills,CA,M,M,0,35.550000000000004,2,140000,46,0
5857,Oregon City,OR,M,M,3,35.55,4,120000,38,0
10219,Westminster,BC,S,M,0,35.54,3,40000,43,0
9798,Burnaby,BC,M,M,4,35.54,3,40000,21,0
9894,Victoria,BC,M,F,1,35.53,2,80000,63,1
5484,Torrance,CA,M,F,2,35.53,1,60000,43,0
8888,Edmonds,WA,M,M,1,35.52,3,40000,28,0
937,Woodland Hills,CA,M,F,2,35.519999999999996,2,20000,77,0
9862,Altadena,CA,M,M,4,35.5,1,150000,83,0
6949,Burien,WA,M,M,1,35.5,1,40000,42,0
3843,Royal Oak,BC,S,F,0,35.489999999999995,1,20000,36,0
7986,National City,CA,M,M,0,35.48,2,20000,57,0
4614,Lake Oswego,OR,S,F,0,35.440000000000005,2,40000,77,0
679,Pomona,CA,S,M,0,35.44,3,40000,53,0
1898,Los Angeles,CA,S,M,0,35.419999999999995,2,80000,54,1
1412,Oregon City,OR,M,M,1,35.419999999999995,2,40000,79,0
9388,Vancouver,BC,S,M,0,35.41,2,20000,47,1
2052,Lebanon,OR,S,F,0,35.400000000000006,2,40000,66,0
903,El Cajon,CA,S,M,0,35.400000000000006,2,140000,87,0
6576,Downey,CA,M,F,3,35.39,2,80000,37,0
2036,Woodland Hills,CA,M,F,1,35.39,1,40000,75,0
3018,La Mesa,CA,M,M,3,35.36999999999999,3,20000,68,0
9548,Lynnwood,WA,M,F,0,35.36000000000001,1,40000,23,0
6839,Ladner,BC,M,M,3,35.35,3,20000,36,0
5489,San Gabriel,CA,S,F,0,35.35,1,80000,32,0
9205,Sedro Woolley,WA,M,M,0,35.339999999999996,2,140000,83,0
1724,Newport Beach,CA,M,F,1,35.33,2,40000,81,0
5579,Edmonds,WA,M,M,1,35.32,2,60000,36,0
3343,Cliffside,BC,S,M,0,35.309999999999995,1,140000,81,0
5677,Walla Walla,WA,S,F,0,35.290000000000006,4,140000,22,1
2946,N. Vancouver,BC,S,M,0,35.29,4,120000,85,0
7911,Cliffside,BC,S,M,0,35.27,1,80000,61,0
1817,Woodland Hills,CA,S,M,0,35.209999999999994,2,60000,69,0
6056,Everett,WA,S,F,0,35.2,2,80000,83,0
3900,La Mesa,CA,S,F,0,35.2,1,40000,25,0
5345,Woodland Hills,CA,M,F,0,35.199999999999996,3,20000,81,0
3541,Lynnwood,WA,M,M,1,35.190000000000005,1,60000,18,0
1559,Pomona,CA,S,F,0,35.18,4,20000,79,0
1806,Sooke,BC,S,M,0,35.17,2,60000,25,0
4444,W. Linn,OR,M,F,1,35.15,2,40000,19,0
3496,Sooke,BC,S,M,0,35.15,2,20000,33,0
227,Burbank,CA,S,F,0,35.15,2,40000,35,0
6238,National City,CA,M,M,0,35.13,2,40000,23,0
8588,Richmond,BC,S,F,0,35.129999999999995,2,20000,73,0
3006,Lemon Grove,CA,M,M,2,35.120000000000005,2,60000,27,0
6840,Haney,BC,M,F,2,35.1,2,150000,19,0
7578,Chula Vista,CA,S,F,0,35.09,2,120000,32,0
9581,Coronado,CA,S,F,0,35.07,1,40000,84,0
3451,Beverly Hills,CA,S,M,0,35.04,2,40000,24,1
10053,Torrance,CA,M,F,0,35.03,2,140000,50,0
7341,La Jolla,CA,S,M,0,34.97,2,40000,50,0
6508,Victoria,BC,M,M,0,34.96,3,80000,79,1
7718,N. Vancouver,BC,M,M,2,34.92,4,40000,33,0
5372,Metchosin,BC,S,F,0,34.910000000000004,2,20000,49,0
7398,Chula Vista,CA,S,M,0,34.91,2,20000,69,0
2389,San Gabriel,CA,M,M,0,34.91,2,20000,52,0
4787,Bellingham,WA,M,M,0,34.900000000000006,2,40000,84,1
7154,Lemon Grove,CA,M,F,1,34.9,2,60000,60,0
1833,Renton,WA,S,F,0,34.849999999999994,2,20000,74,0
1854,Oak Bay,BC,M,F,3,34.84,2,20000,84,0
624,Seattle,WA,S,F,0,34.839999999999996,2,20000,19,1
453,Coronado,CA,M,F,1,34.83,3,40000,28,0
1399,La Jolla,CA,S,F,0,34.82,2,20000,65,0
6621,Torrance,CA,M,M,5,34.81,2,40000,34,0
5241,Downey,CA,S,F,0,34.78,3,120000,33,0
7284,Vancouver,BC,M,M,1,34.75,2,20000,70,1
1696,Walla Walla,WA,S,M,0,34.75,3,140000,81,1
3574,Haney,BC,M,M,2,34.709999999999994,2,40000,34,0
4626,Woodland Hills,CA,S,F,0,34.69,1,120000,30,0
4121,Downey,CA,S,M,0,34.669999999999995,2,80000,38,0
2679,Port Hammond,BC,M,M,1,34.669999999999995,3,120000,60,0
8798,Los Angeles,CA,M,M,0,34.65,2,40000,45,1
2956,Woodland Hills,CA,M,F,1,34.64000000000001,2,120000,61,0
7602,Burbank,CA,S,F,0,34.64,2,20000,54,0
8693,Beverly Hills,CA,M,M,2,34.6,1,40000,77,1
391,Bellflower,CA,S,M,0,34.56999999999999,2,40000,18,0
6570,W. Linn,OR,S,F,0,34.56,2,20000,37,0
2166,Portland,OR,M,F,0,34.5,2,40000,50,1
3955,Guadalajara,Jalisco,S,F,0,34.48,3,80000,85,1
4659,Lebanon,OR,M,F,3,34.43999999999999,3,40000,52,0
1113,Langford,BC,M,M,0,34.43,2,140000,82,0
4406,Richmond,BC,M,F,1,34.42000000000001,4,140000,69,0
986,Seattle,WA,M,F,3,34.42,1,100000,76,1
804,Sooke,BC,M,F,1,34.42,1,140000,23,0
5424,Sooke,BC,S,F,0,34.4,1,40000,23,0
2563,Issaquah,WA,S,M,0,34.4,2,40000,46,0
4179,Grossmont,CA,M,M,0,34.39,1,60000,77,0
237,Royal Oak,BC,M,M,0,34.39,3,80000,57,0
1819,Santa Monica,CA,S,M,0,34.38,2,80000,74,0
8186,National City,CA,M,F,2,34.370000000000005,2,80000,53,0
2902,Metchosin,BC,S,M,0,34.35,2,40000,54,0
7285,Westminster,BC,M,M,1,34.31,1,20000,66,0
437,Shawnee,BC,M,F,1,34.279999999999994,2,120000,81,0
7632,Everett,WA,M,M,2,34.269999999999996,1,40000,71,0
2923,Renton,WA,M,M,3,34.26,1,40000,42,0
5653,Portland,OR,M,M,0,34.24,2,60000,82,1
8406,West Covina,CA,S,M,0,34.239999999999995,1,40000,46,0
10133,National City,CA,M,F,3,34.22,2,20000,45,0
3332,Sooke,BC,S,M,0,34.21,1,40000,47,0
5705,Cliffside,BC,S,M,0,34.2,1,40000,55,0
724,Richmond,BC,S,F,0,34.199999999999996,3,60000,48,0
3794,Coronado,CA,M,F,0,34.18,2,40000,46,0
1646,Lynnwood,WA,S,M,0,34.18,3,80000,56,0
133,Burbank,CA,M,M,0,34.16,2,40000,83,0
8198,Milwaukie,OR,M,F,4,34.14999999999999,5,150000,38,0
6002,Edmonds,WA,M,F,2,34.089999999999996,2,140000,24,0
3633,Lynnwood,WA,S,F,0,34.089999999999996,2,40000,41,0
7963,Lake Oswego,OR,S,M,0,34.08,2,40000,41,0
4063,Edmonds,WA,M,M,0,34.08,1,40000,77,0
10159,Sooke,BC,S,M,0,34.06999999999999,1,40000,63,0
7647,Bellflower,CA,S,F,0,34.050000000000004,2,60000,87,0
3163,Bellflower,CA,S,F,0,34.03999999999999,2,40000,72,0
4822,Walla Walla,WA,M,F,3,34.010000000000005,3,20000,76,1
415,Langley,BC,S,M,0,34.01,4,60000,42,0
8997,Haney,BC,S,M,0,33.99,2,60000,84,0
9085,Issaquah,WA,S,M,0,33.98,2,120000,51,0
1644,Lemon Grove,CA,S,M,0,33.96999999999999,2,20000,19,0
5936,Richmond,BC,M,M,1,33.959999999999994,2,40000,54,0
6202,Lemon Grove,CA,M,M,0,33.93,2,120000,23,0
4081,Lincoln Acres,CA,S,F,0,33.92,1,40000,58,0
4067,Lake Oswego,OR,M,F,2,33.92,1,40000,70,0
5101,Redmond,WA,S,F,0,33.88,1,40000,87,0
3115,Downey,CA,M,M,1,33.870000000000005,3,20000,61,0
1632,Burbank,CA,S,M,0,33.85,1,20000,79,0
6431,Los Angeles,CA,M,M,3,33.84,1,40000,63,1
1385,Everett,WA,S,M,0,33.839999999999996,2,140000,58,0
9924,Renton,WA,M,F,0,33.830000000000005,2,40000,79,0
7960,Langley,BC,M,F,2,33.83,2,40000,19,0
7301,San Diego,CA,M,M,1,33.82,2,40000,49,1
1835,Portland,OR,S,M,0,33.82,3,40000,73,1
546,Langford,BC,S,M,0,33.82,2,20000,50,0
4404,Imperial Beach,CA,S,M,0,33.81,1,40000,78,0
3590,Metchosin,BC,M,M,1,33.81,2,40000,55,0
317,Redmond,WA,M,M,0,33.81,4,150000,83,0
9142,Vancouver,BC,S,M,0,33.790000000000006,1,60000,61,1
825,N. Vancouver,BC,M,M,1,33.79,2,40000,69,0
6493,Imperial Beach,CA,M,M,4,33.78,2,40000,42,0
9531,Redmond,WA,M,F,1,33.769999999999996,2,20000,21,0
883,Metchosin,BC,M,M,0,33.76,1,20000,56,0
1961,Anacortes,WA,M,F,5,33.75,2,80000,39,0
5802,Bellflower,CA,S,F,0,33.74,2,60000,86,0
6865,San Diego,CA,S,M,0,33.739999999999995,3,60000,30,1
886,Issaquah,WA,M,M,4,33.739999999999995,2,80000,50,0
6268,Lemon Grove,CA,S,M,0,33.72,1,40000,62,0
1906,Bellflower,CA,M,M,1,33.71,3,60000,36,0
6066,Woodland Hills,CA,M,M,0,33.69,2,60000,56,0
9712,Long Beach,CA,M,F,0,33.68,3,60000,23,0
10110,Grossmont,CA,M,M,1,33.67999999999999,1,40000,78,0
7749,Bellingham,WA,S,F,0,33.67000000000001,5,60000,37,1
1076,Sedro Woolley,WA,M,F,4,33.62,3,60000,20,0
3538,Oregon City,OR,S,F,0,33.61000000000001,3,20000,74,0
8906,Portland,OR,M,M,2,33.550000000000004,2,40000,63,1
1674,Vancouver,BC,S,M,0,33.55,4,20000,40,1
5925,Everett,WA,M,M,2,33.540000000000006,1,40000,36,0
1937,Chula Vista,CA,M,F,2,33.54,2,20000,37,0
1263,Lebanon,OR,M,F,1,33.54,2,40000,55,0
633,N. Vancouver,BC,M,F,2,33.510000000000005,3,40000,63,0
5573,La Mesa,CA,M,M,0,33.5,2,80000,24,0
4516,Walla Walla,WA,S,M,0,33.5,2,40000,41,1
565,Edmonds,WA,S,M,0,33.48,1,60000,37,0
7017,National City,CA,M,M,3,33.44,3,120000,58,0
7518,N. Vancouver,BC,M,M,1,33.43,1,20000,56,0
5701,Guadalajara,Jalisco,M,F,3,33.42,4,140000,84,1
9873,Issaquah,WA,S,M,0,33.4,1,100000,23,0
8301,Coronado,CA,M,F,4,33.38,1,60000,42,0
2827,Burbank,CA,S,F,0,33.370000000000005,1,60000,79,0
1828,National City,CA,S,M,0,33.37,2,120000,50,0
98,Richmond,BC,M,F,1,33.37,2,140000,46,0
325,Burien,WA,M,F,1,33.339999999999996,2,20000,58,0
9549,Haney,BC,M,F,1,33.33,3,40000,28,0
4982,National City,CA,S,F,0,33.33,2,60000,52,0
8127,Cliffside,BC,M,M,1,33.3,2,60000,39,0
6749,Woodland Hills,CA,S,M,0,33.3,3,100000,55,0
8170,Lake Oswego,OR,S,F,0,33.28,2,80000,26,0
712,San Gabriel,CA,M,F,2,33.26,3,60000,20,0
9914,Royal Oak,BC,M,M,1,33.25,1,20000,80,0
2404,Woodland Hills,CA,M,F,1,33.19,1,60000,49,0
5735,Lakewood,CA,S,M,0,33.17,2,60000,63,0
3350,Beaverton,OR,S,F,0,33.17,3,20000,53,0
9385,Grossmont,CA,M,M,1,33.160000000000004,2,20000,38,0
9225,Oregon City,OR,M,F,2,33.16,3,40000,60,0
1756,Imperial Beach,CA,M,F,1,33.13,1,20000,19,0
10148,Oak Bay,BC,S,F,0,33.12,3,20000,66,0
4228,Marysville,WA,M,M,4,33.09,2,40000,75,0
180,Seattle,WA,S,F,0,33.09,2,60000,53,1
9038,Port Hammond,BC,S,M,0,33.089999999999996,2,60000,21,0
9047,Kirkland,WA,S,F,0,33.08,2,120000,60,0
3945,Ballard,WA,S,M,0,33.08,2,40000,55,0
10047,Port Hammond,BC,S,M,0,33.07,3,40000,52,0
9605,Burien,WA,M,M,1,33.07,1,20000,42,0
657,Glendale,CA,M,F,4,33.059999999999995,2,20000,72,0
7983,Torrance,CA,M,M,1,33.040000000000006,2,40000,24,0
1114,La Jolla,CA,M,M,1,33.03,1,40000,86,0
5276,Edmonds,WA,S,F,0,33.019999999999996,2,60000,72,0
1549,Newport Beach,CA,S,M,0,33.01,2,40000,87,0
8014,Lincoln Acres,CA,S,F,0,33,2,60000,65,0
4479,San Gabriel,CA,M,M,1,33,1,40000,76,0
185,Edmonds,WA,S,M,0,33,1,20000,75,0
9003,Oak Bay,BC,S,F,0,32.980000000000004,2,60000,66,0
4501,Burnaby,BC,M,F,1,32.97,2,40000,73,0
6600,Lakewood,CA,M,F,1,32.96,2,80000,32,0
1193,Woodburn,OR,S,F,0,32.96,3,100000,41,0
9724,Victoria,BC,M,F,4,32.949999999999996,1,20000,30,1
8869,Royal Oak,BC,M,F,0,32.94,2,40000,55,0
2496,Oregon City,OR,S,M,0,32.93,3,60000,74,0
1638,Portland,OR,S,M,0,32.92,2,150000,66,1
1993,Issaquah,WA,M,M,4,32.919999999999995,1,20000,61,0
8877,Vancouver,BC,S,M,0,32.91999999999999,2,40000,53,1
5543,Imperial Beach,CA,S,F,0,32.910000000000004,1,80000,29,0
7870,Burien,WA,S,F,0,32.88,3,120000,63,0
951,Haney,BC,M,F,0,32.849999999999994,2,60000,65,0
3892,Beaverton,OR,S,F,0,32.84,1,120000,81,0
6616,Beaverton,OR,S,M,0,32.83,3,60000,55,0
1988,Milwaukie,OR,M,M,3,32.83,3,20000,26,0
3250,Kirkland,WA,M,F,1,32.82,2,20000,53,0
4434,Ballard,WA,M,F,1,32.81999999999999,1,20000,79,0
8619,Lebanon,OR,M,M,1,32.8,3,60000,59,0
6838,Lynnwood,WA,S,F,0,32.78,1,40000,55,0
6377,Bellflower,CA,S,M,0,32.78,3,80000,52,0
9362,Newport Beach,CA,M,M,2,32.760000000000005,2,40000,58,0
3525,Westminster,BC,S,M,0,32.76,2,40000,43,0
6318,Ballard,WA,S,F,0,32.75,1,60000,48,0
5408,Pomona,CA,S,F,0,32.75,2,20000,58,0
3439,Guadalajara,Jalisco,S,F,0,32.74,3,80000,59,1
5462,Imperial Beach,CA,M,M,0,32.73,2,80000,68,0
505,Bellflower,CA,M,F,4,32.73,2,100000,27,0
8464,Seattle,WA,M,F,5,32.72,1,150000,46,1
2060,Walla Walla,WA,S,M,0,32.72,4,40000,28,1
7683,Walla Walla,WA,M,F,0,32.7,4,60000,54,1
225,Beaverton,OR,S,M,0,32.690000000000005,1,40000,42,0
6171,Seattle,WA,S,M,0,32.69,2,40000,51,1
1384,N. Vancouver,BC,M,M,1,32.69,2,60000,74,0
7897,Renton,WA,S,M,0,32.64,1,150000,66,0
4835,Langford,BC,S,M,0,32.64,1,60000,81,0
5031,Burbank,CA,M,M,0,32.63,1,40000,85,0
6167,National City,CA,S,M,0,32.57,2,100000,31,0
2658,Glendale,CA,M,M,0,32.56,1,40000,36,0
10198,Anacortes,WA,S,F,0,32.550000000000004,3,20000,39,0
7199,Imperial Beach,CA,S,M,0,32.55,3,60000,72,0
5293,Pomona,CA,S,F,0,32.55,2,120000,41,0
4519,Burnaby,BC,S,M,0,32.54,1,40000,69,0
6415,Royal Oak,BC,S,M,0,32.53,2,40000,74,0
7428,Santa Fe,DF,S,M,0,32.52,2,80000,64,0
3817,Pomona,CA,M,F,2,32.519999999999996,3,60000,32,0
2044,Ballard,WA,S,M,0,32.50999999999999,2,60000,19,0
7453,El Cajon,CA,M,M,4,32.5,2,80000,18,0
987,Renton,WA,M,M,0,32.5,1,40000,38,0
7555,El Cajon,CA,M,M,2,32.48,3,80000,88,0
499,Chula Vista,CA,S,M,0,32.48,2,60000,19,0
7287,National City,CA,S,F,0,32.45,2,20000,43,0
9859,Metchosin,BC,M,M,3,32.440000000000005,2,80000,56,0
4240,Chula Vista,CA,M,M,1,32.44,2,20000,46,0
3323,Los Angeles,CA,M,M,0,32.44,2,140000,72,1
9376,Walla Walla,WA,S,M,0,32.43,2,80000,34,1
2751,Glendale,CA,M,F,2,32.42,1,40000,88,0
4821,Glendale,CA,M,M,0,32.410000000000004,5,120000,74,0
5012,Metchosin,BC,S,M,0,32.41,1,60000,47,0
1028,Torrance,CA,M,M,2,32.4,2,60000,69,0
4728,Bellflower,CA,M,M,0,32.32000000000001,1,60000,53,0
8101,Richmond,BC,S,M,0,32.290000000000006,2,140000,38,0
8371,Arcadia,CA,M,M,3,32.29,1,60000,46,0
9499,Santa Monica,CA,M,M,4,32.260000000000005,1,120000,87,0
5540,Metchosin,BC,M,F,0,32.26,1,20000,35,0
3556,Torrance,CA,S,M,0,32.26,1,100000,56,0
2676,Langley,BC,S,F,0,32.26,1,20000,88,0
996,Ballard,WA,S,M,0,32.26,3,100000,87,0
7232,Lake Oswego,OR,M,M,1,32.25,2,80000,37,0
3475,Victoria,BC,M,M,2,32.25,2,20000,78,1
436,Long Beach,CA,M,M,1,32.23,2,80000,31,0
9701,Ladner,BC,M,M,2,32.22,3,20000,75,0
595,La Jolla,CA,S,M,0,32.2,3,60000,70,0
3015,Ballard,WA,S,F,0,32.19,2,20000,39,0
2260,Grossmont,CA,M,M,4,32.17,3,150000,26,0
10166,Lake Oswego,OR,M,F,0,32.150000000000006,2,80000,41,0
961,Downey,CA,M,M,0,32.150000000000006,1,60000,87,0
6317,Glendale,CA,M,F,1,32.15,3,80000,30,0
8455,Shawnee,BC,M,F,2,32.13,1,40000,87,0
7531,Vancouver,BC,M,M,3,32.12,3,20000,55,1
3236,Everett,WA,S,F,0,32.1,2,80000,36,0
1322,Torrance,CA,S,M,0,32.1,2,40000,57,0
8200,Glendale,CA,M,M,0,32.099999999999994,1,20000,66,0
8456,Renton,WA,S,M,0,32.08,3,40000,27,0
149,Chula Vista,CA,S,M,0,32.07,2,60000,34,0
5130,Milwaukie,OR,M,F,1,32.03,3,140000,75,0
6727,Issaquah,WA,M,F,2,32.02,3,20000,55,0
8280,Sooke,BC,M,F,1,32.019999999999996,2,20000,72,0
7070,Port Hammond,BC,M,F,4,31.950000000000006,2,60000,53,0
4813,Lakewood,CA,M,F,1,31.9,2,80000,76,0
3885,Port Hammond,BC,M,M,0,31.870000000000008,2,60000,79,0
5075,Port Hammond,BC,M,F,1,31.870000000000005,3,40000,41,0
5190,Pomona,CA,M,M,4,31.86,1,80000,36,0
9602,Beaverton,OR,M,M,0,31.85,2,40000,73,0
3478,Renton,WA,S,M,0,31.83,3,60000,58,0
8132,Edmonds,WA,M,F,1,31.82,2,20000,65,0
1477,Ladner,BC,M,M,3,31.81,2,150000,58,0
6375,Pomona,CA,S,M,0,31.790000000000003,2,40000,65,0
2595,Royal Oak,BC,M,M,0,31.79,2,40000,24,0
1650,Altadena,CA,M,M,2,31.770000000000003,2,20000,28,0
7477,Bellflower,CA,M,M,1,31.739999999999995,1,150000,87,0
3443,Kirkland,WA,S,F,0,31.729999999999997,2,60000,63,0
1251,Altadena,CA,M,M,1,31.729999999999997,2,20000,45,0
3557,San Diego,CA,S,M,0,31.72,2,60000,71,1
8582,Issaquah,WA,S,M,0,31.69,2,40000,45,0
7533,Shawnee,BC,S,F,0,31.69,2,60000,71,0
4061,Torrance,CA,S,M,0,31.680000000000003,2,40000,56,0
1738,Glendale,CA,S,M,0,31.67,4,20000,72,0
2415,Haney,BC,S,M,0,31.65,2,100000,29,0
6869,Haney,BC,M,M,0,31.62,2,140000,51,0
809,Torrance,CA,S,M,0,31.610000000000003,2,140000,18,0
6615,Port Hammond,BC,M,F,1,31.61,1,120000,77,0
7024,Westminster,BC,S,M,0,31.6,2,60000,77,0
456,Renton,WA,M,M,0,31.59,1,80000,69,0
879,Downey,CA,M,M,5,31.58,1,120000,68,0
8953,Coronado,CA,S,M,0,31.57,1,40000,80,0
2618,Los Angeles,CA,M,F,5,31.57,2,40000,32,1
925,Santa Anita,DF,S,M,0,31.569999999999997,2,20000,60,0
5073,Guadalajara,Jalisco,M,F,0,31.56,3,60000,68,1
470,Newton,BC,M,F,2,31.51,1,40000,26,0
6903,Cliffside,BC,S,M,0,31.51,2,80000,32,0
9409,Bellflower,CA,M,M,1,31.459999999999997,2,20000,38,0
8011,Pomona,CA,S,M,0,31.449999999999996,2,60000,38,0
3764,Everett,WA,M,M,1,31.449999999999996,2,40000,78,0
9558,Los Angeles,CA,M,F,3,31.43,3,100000,27,1
8681,Imperial Beach,CA,M,M,1,31.43,1,120000,38,0
7559,Westminster,BC,M,M,0,31.43,4,20000,55,0
4193,Lemon Grove,CA,S,M,0,31.409999999999997,2,40000,25,0
8725,Guadalajara,Jalisco,M,F,2,31.39,3,60000,81,1
627,Port Hammond,BC,M,F,0,31.38,2,80000,60,0
7664,Lincoln Acres,CA,S,M,0,31.35,1,20000,65,0
8806,Redmond,WA,S,M,0,31.340000000000003,2,20000,33,0
3322,Lakewood,CA,M,F,3,31.34,3,20000,58,0
1099,Lynnwood,WA,M,F,0,31.34,2,80000,21,0
1675,Burien,WA,S,M,0,31.329999999999995,2,140000,80,0
5580,Long Beach,CA,M,M,2,31.31,2,80000,46,0
4926,Burbank,CA,M,M,1,31.3,1,120000,57,0
964,Santa Monica,CA,M,M,2,31.3,2,20000,67,0
2238,Grossmont,CA,M,M,2,31.29,1,40000,68,0
6262,Coronado,CA,M,F,4,31.28,2,120000,39,0
6660,Westminster,BC,M,M,3,31.28,2,80000,55,0
5930,Pomona,CA,M,F,1,31.26,1,60000,42,0
4808,W. Linn,OR,S,M,0,31.24,1,40000,83,0
2406,Grossmont,CA,S,F,0,31.210000000000004,3,40000,47,0
2309,Oak Bay,BC,S,M,0,31.21,2,40000,27,0
1691,Vancouver,BC,M,M,2,31.21,1,60000,25,1
1121,Ballard,WA,S,M,0,31.21,2,60000,87,0
5966,Downey,CA,S,F,0,31.209999999999997,2,20000,38,0
7650,San Diego,CA,M,M,3,31.200000000000003,3,80000,88,1
8579,Lynnwood,WA,M,F,1,31.2,2,40000,40,0
3505,Guadalajara,Jalisco,M,F,2,31.2,3,20000,39,1
7855,Spring Valley,CA,S,F,0,31.19,1,80000,39,0
2722,West Covina,CA,S,M,0,31.15000000000001,2,120000,74,0
6232,Marysville,WA,M,F,1,31.15,1,120000,82,0
7034,Sooke,BC,S,F,0,31.14,1,40000,28,0
9245,Ballard,WA,M,M,1,31.11,2,40000,68,0
7378,Beverly Hills,CA,S,F,0,31.08,2,20000,85,1
9479,Downey,CA,M,M,2,31.06,1,120000,21,0
5923,Yakima,WA,S,M,0,31.06,3,140000,64,1
1067,Westminster,BC,S,M,0,31.040000000000003,2,80000,25,0
2535,Grossmont,CA,M,M,0,31.030000000000005,1,40000,87,0
4619,Salem,OR,S,F,0,31.03,2,60000,31,1
1299,Renton,WA,S,M,0,31.03,2,20000,80,0
4604,Langley,BC,S,F,0,31.019999999999992,1,140000,78,0
4077,Los Angeles,CA,S,M,0,30.99,2,40000,69,1
3466,Burien,WA,M,M,1,30.980000000000004,2,40000,43,0
8993,San Diego,CA,M,F,2,30.98,2,20000,69,1
5756,San Diego,CA,S,M,0,30.97,1,60000,41,1
1925,Walla Walla,WA,S,F,0,30.960000000000004,2,80000,37,1
5040,Burien,WA,M,M,0,30.95,2,40000,21,0
2704,Haney,BC,S,F,0,30.93,3,40000,58,0
888,Lincoln Acres,CA,S,M,0,30.92,2,100000,76,0
6892,Woodland Hills,CA,S,F,0,30.910000000000004,1,20000,62,0
7601,La Mesa,CA,M,F,1,30.91,2,80000,42,0
5211,Langford,BC,M,F,0,30.91,1,20000,50,0
50,Altadena,CA,S,M,0,30.90000000000001,1,120000,76,0
9158,West Covina,CA,S,F,0,30.9,1,40000,30,0
2388,Langford,BC,S,F,0,30.9,1,40000,62,0
4484,Burien,WA,M,M,3,30.880000000000003,1,60000,31,0
8916,Beaverton,OR,S,M,0,30.87,2,20000,57,0
8159,Beverly Hills,CA,S,M,0,30.869999999999997,1,100000,35,1
3362,Newton,BC,M,F,0,30.869999999999997,1,100000,87,0
9072,Spring Valley,CA,M,M,0,30.85,1,20000,84,0
928,Kirkland,WA,M,F,4,30.85,2,60000,79,0
7637,Los Angeles,CA,M,F,5,30.85,4,40000,54,1
3212,Marysville,WA,M,F,2,30.85,2,60000,51,0
9012,National City,CA,M,F,2,30.83,1,40000,21,0
3740,Marysville,WA,M,M,2,30.83,2,60000,32,0
2703,Lakewood,CA,S,M,0,30.83,2,40000,70,0
570,Issaquah,WA,S,M,0,30.83,2,40000,83,0
5305,Milwaukie,OR,S,M,0,30.81,4,40000,85,0
7840,Shawnee,BC,M,F,5,30.8,1,40000,49,0
5486,La Mesa,CA,M,F,3,30.799999999999997,3,20000,73,0
2963,Downey,CA,S,M,0,30.79,2,100000,86,0
1782,Cliffside,BC,M,F,0,30.76,1,60000,84,0
9220,Guadalajara,Jalisco,S,F,0,30.76,5,20000,56,1
23,La Jolla,CA,S,F,0,30.74,1,40000,82,0
9180,Woodland Hills,CA,S,M,0,30.74,3,20000,45,0
5894,Lake Oswego,OR,S,M,0,30.729999999999997,1,20000,78,0
4625,Kirkland,WA,M,M,1,30.729999999999997,1,60000,23,0
8362,Bellingham,WA,S,F,0,30.72,2,80000,63,1
9774,Newton,BC,S,M,0,30.71,3,140000,53,0
6870,Redmond,WA,M,M,5,30.709999999999997,4,40000,53,0
114,Sooke,BC,S,F,0,30.700000000000003,1,150000,55,0
1581,Sooke,BC,S,F,0,30.690000000000005,2,80000,23,0
9347,Guadalajara,Jalisco,S,F,0,30.680000000000007,2,20000,19,1
1595,Lemon Grove,CA,S,M,0,30.66,3,20000,38,0
6241,Altadena,CA,M,F,0,30.65000000000001,1,40000,20,0
10265,Downey,CA,M,M,0,30.65,1,120000,82,0
6889,Renton,WA,M,M,1,30.65,1,20000,47,0
4336,Vancouver,BC,M,F,3,30.65,1,20000,56,1
7996,Everett,WA,S,F,0,30.64,2,80000,83,0
3915,Oak Bay,BC,M,M,2,30.639999999999997,1,40000,61,0
5509,Guadalajara,Jalisco,M,M,1,30.610000000000003,2,140000,42,1
9979,Glendale,CA,S,M,0,30.61,2,40000,80,0
3587,Altadena,CA,M,M,2,30.6,3,20000,37,0
2685,Oak Bay,BC,S,M,0,30.590000000000003,2,60000,87,0
4830,Guadalajara,Jalisco,M,M,3,30.59,3,40000,51,1
4714,Ladner,BC,S,F,0,30.59,2,40000,23,0
8207,Corvallis,OR,M,F,0,30.57,2,80000,86,0
5788,Sooke,BC,S,M,0,30.54,2,20000,39,0
215,National City,CA,M,M,1,30.54,1,60000,79,0
2583,Bellingham,WA,S,F,0,30.539999999999996,3,140000,33,1
8083,Grossmont,CA,M,F,0,30.500000000000004,2,40000,57,0
1908,Seattle,WA,S,F,0,30.5,2,20000,48,1
3357,National City,CA,M,M,0,30.49,2,20000,53,0
2163,Burnaby,BC,S,M,0,30.49,2,150000,76,0
9310,Issaquah,WA,M,M,0,30.47,2,40000,51,0
4181,Coronado,CA,S,M,0,30.47,2,20000,55,0
2002,Seattle,WA,S,M,0,30.46,1,20000,39,1
3297,Newport Beach,CA,M,M,0,30.44,2,60000,45,0
3999,Lynnwood,WA,S,M,0,30.410000000000004,2,20000,37,0
574,La Jolla,CA,S,F,0,30.41,1,40000,32,0
406,West Covina,CA,S,M,0,30.409999999999997,1,40000,44,0
333,Newport Beach,CA,S,F,0,30.40000000000001,1,80000,34,0
8505,Bellflower,CA,M,M,2,30.4,1,40000,74,0
3416,Glendale,CA,M,F,1,30.4,3,120000,74,0
8536,Chula Vista,CA,S,M,0,30.37,2,60000,60,0
7729,Grossmont,CA,S,M,0,30.36,2,40000,38,0
2144,Imperial Beach,CA,M,M,1,30.340000000000003,1,60000,27,0
1731,Bellflower,CA,M,F,5,30.33,2,20000,34,0
2360,La Mesa,CA,S,M,0,30.33,1,40000,32,0
8215,Oregon City,OR,M,M,1,30.32,1,20000,46,0
517,Newport Beach,CA,M,M,2,30.319999999999997,1,40000,76,0
7197,Oregon City,OR,S,F,0,30.3,3,80000,51,0
485,Issaquah,WA,M,F,0,30.27,1,40000,26,0
10074,Ballard,WA,M,M,0,30.269999999999996,2,100000,83,0
8302,Marysville,WA,S,F,0,30.269999999999996,2,100000,60,0
1702,Torrance,CA,S,M,0,30.26,2,60000,82,0
5697,Shawnee,BC,S,M,0,30.24,2,60000,64,0
8951,Imperial Beach,CA,M,M,1,30.230000000000004,1,20000,86,0
10042,La Jolla,CA,M,F,1,30.23,1,20000,78,0
8811,Victoria,BC,M,M,2,30.209999999999997,3,100000,45,1
4033,Westminster,BC,S,M,0,30.200000000000003,1,80000,71,0
3134,N. Vancouver,BC,M,F,1,30.19,2,20000,88,0
6270,Cliffside,BC,M,M,2,30.18999999999999,1,40000,87,0
6329,Downey,CA,S,M,0,30.180000000000003,2,40000,77,0
10014,Cliffside,BC,M,M,1,30.179999999999996,1,20000,65,0
10055,Edmonds,WA,M,M,3,30.17,2,20000,33,0
5416,Victoria,BC,M,M,1,30.16,3,140000,66,1
10138,Bellflower,CA,M,M,4,30.15,2,20000,67,0
9500,Arcadia,CA,M,M,3,30.14,1,40000,53,0
5023,Lakewood,CA,S,F,0,30.130000000000003,2,40000,55,0
874,Arcadia,CA,M,M,1,30.130000000000003,2,40000,54,0
755,Woodland Hills,CA,S,F,0,30.120000000000005,2,40000,82,0
1167,Altadena,CA,M,M,3,30.1,2,40000,72,0
1090,Woodland Hills,CA,S,M,0,30.1,2,40000,50,0
7591,Lynnwood,WA,M,F,4,30.040000000000003,1,20000,50,0
4186,Glendale,CA,S,F,0,30.04,3,20000,30,0
9795,Beaverton,OR,S,M,0,30.03,2,80000,74,0
1301,Haney,BC,M,F,4,30.03,2,40000,57,0
88,Milwaukie,OR,S,F,0,30.03,3,40000,55,0
7095,National City,CA,M,M,3,30.01,1,60000,57,0
9607,Ballard,WA,M,M,1,30.01,2,60000,37,0
1075,National City,CA,M,M,0,30.000000000000004,2,20000,60,0
5614,Marysville,WA,S,F,0,30,3,60000,28,0
3498,El Cajon,CA,M,F,1,30,2,20000,41,0
10213,Lakewood,CA,S,M,0,29.99,1,40000,38,0
1186,Bellflower,CA,S,F,0,29.979999999999997,3,80000,29,0
128,Salem,OR,S,F,0,29.97,2,40000,51,1
8218,Walla Walla,WA,S,F,0,29.94,2,80000,33,1
5878,Richmond,BC,S,M,0,29.94,3,40000,57,0
252,Chula Vista,CA,M,M,1,29.93,2,40000,35,0
1692,San Diego,CA,M,F,3,29.92,2,60000,62,1
979,Seattle,WA,S,F,0,29.92,2,140000,25,1
2311,Newport Beach,CA,M,M,5,29.910000000000004,3,40000,80,0
9314,Woodland Hills,CA,M,F,0,29.890000000000004,2,140000,23,0
451,Ladner,BC,M,F,0,29.89,2,40000,80,0
4605,Guadalajara,Jalisco,M,M,2,29.889999999999997,5,100000,46,1
4279,Glendale,CA,M,F,1,29.88,2,60000,84,0
3618,Victoria,BC,M,M,0,29.88,3,40000,49,1
10075,Lynnwood,WA,S,F,0,29.85,1,60000,21,0
4203,Marysville,WA,M,F,1,29.81000000000001,1,40000,34,0
4006,San Gabriel,CA,M,M,2,29.770000000000003,2,20000,42,0
8114,Spring Valley,CA,M,M,0,29.77,1,40000,25,0
8593,Santa Monica,CA,M,M,1,29.76,1,120000,56,0
4809,Altadena,CA,M,F,1,29.76,2,60000,62,0
126,Ballard,WA,S,F,0,29.750000000000007,2,120000,51,0
9393,El Cajon,CA,S,M,0,29.72,1,140000,35,0
7935,Pomona,CA,S,M,0,29.709999999999997,2,40000,28,0
7291,Oregon City,OR,M,F,1,29.709999999999997,3,60000,41,0
9941,Metchosin,BC,S,M,0,29.700000000000003,1,120000,34,0
7501,Chula Vista,CA,S,F,0,29.690000000000005,3,40000,75,0
3516,Beverly Hills,CA,M,F,0,29.69,1,60000,78,1
6694,Newport Beach,CA,M,F,4,29.69,1,150000,38,0
9598,Bellflower,CA,S,M,0,29.68,2,100000,71,0
2631,Sooke,BC,S,M,0,29.68,2,20000,39,0
6954,La Mesa,CA,M,M,0,29.65,1,40000,32,0
2133,La Jolla,CA,M,M,0,29.65,2,20000,36,0
1338,Grossmont,CA,S,M,0,29.64,2,40000,26,0
6395,Everett,WA,M,M,0,29.619999999999997,1,20000,58,0
2290,Burbank,CA,S,F,0,29.619999999999997,1,60000,80,0
232,Ladner,BC,M,F,0,29.610000000000003,2,120000,87,0
599,Sedro Woolley,WA,M,F,4,29.609999999999996,3,140000,20,0
4776,Burbank,CA,M,M,3,29.609999999999992,1,20000,77,0
6486,Lebanon,OR,M,F,4,29.6,3,20000,86,0
7118,Langley,BC,M,F,3,29.58,3,40000,86,0
3205,Renton,WA,M,M,1,29.550000000000004,2,140000,41,0
590,Victoria,BC,M,F,0,29.53,1,20000,29,1
5826,Everett,WA,M,F,0,29.52,3,20000,22,0
5051,La Jolla,CA,S,M,0,29.51,1,120000,56,0
4392,Bellflower,CA,M,M,0,29.489999999999995,5,20000,77,0
9773,Issaquah,WA,M,M,0,29.44,2,60000,35,0
4955,La Mesa,CA,S,F,0,29.44,1,40000,24,0
3123,Vancouver,BC,S,F,0,29.43,2,60000,27,1
7830,Issaquah,WA,S,M,0,29.42,2,40000,77,0
520,Marysville,WA,S,M,0,29.42,2,100000,35,0
9405,Santa Monica,CA,S,M,0,29.419999999999995,1,20000,49,0
9124,La Mesa,CA,S,M,0,29.4,3,20000,43,0
6487,Burnaby,BC,S,F,0,29.38,3,20000,73,0
10216,Bellingham,WA,S,F,0,29.36,2,60000,48,1
9892,Salem,OR,M,M,5,29.359999999999996,2,140000,77,1
3136,Victoria,BC,M,F,0,29.34999999999999,1,100000,84,1
4395,Beaverton,OR,M,M,1,29.34,1,20000,60,0
3930,Seattle,WA,M,M,1,29.34,1,40000,42,1
7612,Bellflower,CA,S,F,0,29.339999999999996,2,40000,86,0
2593,Victoria,BC,S,F,0,29.27999999999999,3,120000,57,1
7643,National City,CA,S,M,0,29.270000000000003,2,20000,30,0
2498,Shawnee,BC,M,F,4,29.260000000000005,1,120000,50,0
4282,Burien,WA,M,F,3,29.229999999999997,3,20000,65,0
9289,Metchosin,BC,M,F,2,29.22,2,100000,25,0
4358,El Cajon,CA,M,M,4,29.22,3,80000,46,0
2095,Walla Walla,WA,M,M,1,29.209999999999994,3,40000,62,1
4064,Lemon Grove,CA,M,M,1,29.200000000000003,2,80000,32,0
1608,Burbank,CA,M,M,2,29.200000000000003,2,150000,52,0
4930,Haney,BC,M,F,1,29.18,1,120000,87,0
3249,Lake Oswego,OR,M,F,2,29.17,1,80000,40,0
6231,Victoria,BC,M,F,2,29.11,2,80000,35,1
6742,Edmonds,WA,S,M,0,29.109999999999996,2,40000,57,0
4287,Everett,WA,S,F,0,29.109999999999996,2,40000,40,0
5890,Lincoln Acres,CA,S,F,0,29.1,2,40000,74,0
10201,San Gabriel,CA,S,M,0,29.090000000000003,2,80000,38,0
8756,Metchosin,BC,M,M,1,29.089999999999996,1,80000,81,0
7215,Beaverton,OR,S,F,0,29.089999999999993,2,60000,33,0
9959,Pomona,CA,S,F,0,29.06,1,20000,84,0
9556,Ballard,WA,S,F,0,29.06,2,20000,36,0
6523,El Cajon,CA,S,M,0,29.06,2,60000,24,0
4752,Marysville,WA,S,F,0,29.04,1,40000,23,0
3379,Burnaby,BC,S,F,0,29.03,1,20000,74,0
473,Oregon City,OR,M,F,2,29.010000000000005,3,40000,32,0
9455,Redmond,WA,M,M,0,29.01,2,40000,63,0
2657,Burnaby,BC,M,F,2,29,1,40000,62,0
9150,Royal Oak,BC,M,F,0,28.99000000000001,2,20000,32,0
10254,Port Hammond,BC,S,M,0,28.99,1,80000,55,0
1332,Portland,OR,M,F,1,28.99,1,20000,51,1
2567,Newton,BC,S,F,0,28.980000000000004,1,20000,30,0
6479,Sedro Woolley,WA,M,M,1,28.98,3,20000,44,0
7841,Santa Monica,CA,M,M,3,28.97000000000001,2,80000,49,0
4806,Victoria,BC,M,M,3,28.97,1,20000,43,1
635,Edmonds,WA,M,M,4,28.949999999999996,1,80000,82,0
7435,Imperial Beach,CA,S,M,0,28.940000000000005,1,60000,85,0
7295,Victoria,BC,S,F,0,28.940000000000005,1,40000,72,1
294,Imperial Beach,CA,S,F,0,28.94,2,40000,63,0
8056,Coronado,CA,S,F,0,28.93,2,120000,85,0
3625,Westminster,BC,S,F,0,28.93,1,40000,50,0
1987,Salem,OR,M,F,0,28.92,2,60000,76,1
6833,Sooke,BC,M,M,0,28.91,2,60000,38,0
4864,San Diego,CA,M,F,1,28.909999999999997,2,60000,46,1
471,Coronado,CA,S,F,0,28.90000000000001,2,40000,57,0
8078,Port Hammond,BC,S,F,0,28.89,1,60000,59,0
7895,Chula Vista,CA,M,M,5,28.869999999999997,1,40000,42,0
5228,San Diego,CA,S,F,0,28.869999999999997,2,20000,44,1
8566,Lincoln Acres,CA,S,M,0,28.86,1,20000,27,0
4415,El Cajon,CA,S,F,0,28.85,2,140000,52,0
4349,Kirkland,WA,S,M,0,28.82,2,40000,85,0
1552,Vancouver,BC,M,F,0,28.8,2,40000,31,1
5690,San Gabriel,CA,M,F,4,28.79,2,40000,63,0
1228,Langley,BC,S,M,0,28.78,2,40000,53,0
6567,Burien,WA,S,F,0,28.770000000000003,1,60000,84,0
532,Woodburn,OR,M,M,0,28.74,3,20000,71,0
9555,Puyallup,WA,M,F,1,28.71,4,60000,48,0
8899,Arcadia,CA,M,M,1,28.7,3,80000,79,0
1932,Edmonds,WA,M,M,1,28.69,4,40000,37,0
6972,Spring Valley,CA,M,M,2,28.680000000000003,1,20000,69,0
7698,Guadalajara,Jalisco,M,F,1,28.670000000000005,4,40000,36,1
156,Sooke,BC,S,M,0,28.67,1,140000,54,0
257,National City,CA,M,F,3,28.66,1,40000,40,0
2266,Bellflower,CA,S,F,0,28.65000000000001,1,20000,61,0
3346,Bellflower,CA,S,F,0,28.65,2,100000,49,0
5525,Imperial Beach,CA,M,M,1,28.649999999999995,2,20000,67,0
4704,Downey,CA,M,M,0,28.64,1,60000,78,0
1153,Corvallis,OR,S,M,0,28.64,3,100000,43,0
5001,Santa Monica,CA,S,M,0,28.630000000000003,2,40000,76,0
1130,Renton,WA,S,M,0,28.61,2,40000,48,0
1404,Spring Valley,CA,M,F,0,28.6,2,40000,66,0
8581,Newton,BC,M,F,5,28.6,2,60000,82,0
6471,Marysville,WA,M,F,0,28.6,3,20000,27,0
962,Ballard,WA,M,M,0,28.59,1,20000,63,0
9033,Bellflower,CA,M,F,3,28.549999999999997,1,60000,53,0
8905,Westminster,BC,M,M,3,28.54,2,40000,34,0
6183,Richmond,BC,S,F,0,28.54,1,40000,42,0
9208,Burien,WA,S,F,0,28.53,1,20000,43,0
339,Langley,BC,S,F,0,28.53,2,140000,40,0
228,El Cajon,CA,M,F,0,28.53,2,100000,40,0
9119,N. Vancouver,BC,M,M,2,28.53,2,80000,76,0
3689,Oak Bay,BC,M,F,4,28.51,3,20000,66,0
2913,Pomona,CA,M,F,1,28.5,1,60000,26,0
9378,Guadalajara,Jalisco,S,M,0,28.46,5,60000,79,1
3944,Berkeley,CA,S,M,0,28.450000000000003,2,100000,70,0
4332,Ballard,WA,M,F,0,28.44,2,60000,37,0
1033,Chula Vista,CA,S,M,0,28.43,1,120000,72,0
5680,Novato,CA,S,F,0,28.410000000000004,2,80000,42,0
3348,Guadalajara,Jalisco,S,F,0,28.41,5,80000,74,1
7769,Beaverton,OR,S,M,0,28.38000000000001,2,20000,22,0
2349,Guadalajara,Jalisco,M,F,0,28.369999999999997,3,120000,61,1
9281,Lemon Grove,CA,S,M,0,28.36,2,20000,49,0
4795,Westminster,BC,S,M,0,28.36,2,40000,50,0
2881,Lincoln Acres,CA,M,F,1,28.36,1,40000,34,0
1279,El Cajon,CA,S,F,0,28.35,3,40000,66,0
420,Walla Walla,WA,S,F,0,28.339999999999996,4,60000,36,1
5571,Oak Bay,BC,S,M,0,28.33,3,120000,52,0
8686,W. Linn,OR,M,M,2,28.329999999999995,1,20000,27,0
7510,Renton,WA,S,M,0,28.32,2,20000,75,0
10274,Torrance,CA,S,M,0,28.319999999999997,2,60000,60,0
3924,National City,CA,S,F,0,28.31000000000001,1,40000,73,0
2153,Chula Vista,CA,M,F,4,28.31,2,20000,19,0
4274,Portland,OR,M,M,0,28.29,3,40000,30,1
1639,Burlingame,CA,M,F,4,28.269999999999996,3,40000,80,0
6692,La Jolla,CA,S,M,0,28.25,1,40000,41,0
848,Mexico City,Mexico,M,M,3,28.24,3,40000,65,1
7891,Lynnwood,WA,S,M,0,28.24,1,20000,76,0
189,Metchosin,BC,M,M,1,28.23,2,20000,79,0
6223,Downey,CA,M,M,1,28.22,2,60000,75,0
4559,Vancouver,BC,M,F,2,28.22,1,20000,73,1
7975,Newport Beach,CA,M,F,4,28.210000000000004,2,60000,53,0
3251,Altadena,CA,M,F,2,28.21,2,140000,71,0
2466,Chula Vista,CA,M,F,0,28.2,2,80000,44,0
989,Haney,BC,M,F,1,28.190000000000005,3,20000,42,0
6276,Lake Oswego,OR,S,M,0,28.180000000000003,1,60000,77,0
9107,Cliffside,BC,M,F,0,28.18,1,80000,79,0
758,Walla Walla,WA,S,M,0,28.170000000000005,2,80000,76,1
5227,Vancouver,BC,M,M,2,28.169999999999995,2,20000,39,1
8124,Newport Beach,CA,S,M,0,28.15,2,20000,51,0
395,San Diego,CA,M,F,4,28.15,2,80000,42,1
1746,Tixapan,DF,S,F,0,28.119999999999997,2,20000,41,0
1631,El Cajon,CA,M,M,3,28.11,2,40000,42,0
785,Redmond,WA,S,M,0,28.11,2,20000,35,0
9779,Lakewood,CA,S,M,0,28.1,1,40000,55,0
9507,Woodland Hills,CA,S,M,0,28.1,1,40000,58,0
10056,Arcadia,CA,M,M,2,28.1,1,40000,42,0
9750,Newton,BC,M,M,3,28.09,1,20000,34,0
8601,Beverly Hills,CA,S,F,0,28.09,1,20000,65,1
8496,Guadalajara,Jalisco,S,F,0,28.09,2,40000,44,1
6341,Lemon Grove,CA,S,F,0,28.079999999999995,2,100000,25,0
2873,Kirkland,WA,S,M,0,28.07,3,100000,20,0
2533,Bellflower,CA,M,M,1,28.06,2,60000,84,0
1700,Renton,WA,M,F,1,28.010000000000005,2,40000,75,0
9477,Los Angeles,CA,S,M,0,28.01,2,60000,38,1
776,Coronado,CA,S,F,0,28.01,2,20000,41,0
4251,Altadena,CA,S,F,0,28,2,60000,87,0
5173,Marysville,WA,M,F,0,27.96,1,40000,59,0
4784,Oregon City,OR,M,F,3,27.950000000000003,2,20000,85,0
6751,Walla Walla,WA,M,F,2,27.949999999999996,3,60000,76,1
4910,Chula Vista,CA,M,M,2,27.94,2,40000,68,0
4158,El Cajon,CA,S,F,0,27.94,1,140000,60,0
3942,Seattle,WA,S,M,0,27.94,2,20000,42,1
1483,West Covina,CA,M,F,0,27.94,2,20000,40,0
957,San Gabriel,CA,M,F,4,27.94,1,20000,40,0
939,Long Beach,CA,M,M,1,27.94,2,20000,31,0
1309,Chula Vista,CA,M,F,1,27.92,2,40000,51,0
66,Metchosin,BC,M,F,4,27.92,1,120000,65,0
7636,Burbank,CA,M,F,1,27.909999999999997,1,60000,65,0
5596,Newport Beach,CA,S,F,0,27.9,2,80000,73,0
8451,Grossmont,CA,S,M,0,27.889999999999997,3,60000,21,0
6189,Long Beach,CA,M,M,1,27.88,1,20000,56,0
1317,La Mesa,CA,S,F,0,27.88,2,20000,43,0
8970,Walla Walla,WA,S,F,0,27.879999999999995,4,20000,30,1
8157,Issaquah,WA,S,M,0,27.86,2,60000,85,0
5355,Lynnwood,WA,S,M,0,27.84999999999999,1,150000,87,0
3437,Torrance,CA,S,F,0,27.84,3,60000,44,0
10018,San Diego,CA,S,M,0,27.82,3,20000,37,1
6822,Portland,OR,S,F,0,27.819999999999997,1,20000,22,1
9446,Arcadia,CA,S,M,0,27.8,2,20000,79,0
6389,National City,CA,S,M,0,27.790000000000003,2,20000,71,0
4574,Burnaby,BC,M,M,0,27.790000000000003,2,100000,51,0
2205,Langley,BC,S,M,0,27.78,1,60000,57,0
2117,Issaquah,WA,M,F,3,27.769999999999996,2,40000,50,0
6976,Newton,BC,S,M,0,27.75,2,40000,31,0
4352,Seattle,WA,M,F,0,27.75,2,40000,67,1
4599,Los Angeles,CA,S,M,0,27.749999999999996,2,40000,37,1
5017,Cliffside,BC,S,M,0,27.74,1,80000,20,0
6739,El Cajon,CA,S,F,0,27.73,1,140000,77,0
3668,Pomona,CA,M,M,3,27.709999999999997,1,140000,32,0
6900,Oak Bay,BC,S,F,0,27.7,2,40000,59,0
8673,Beaverton,OR,M,M,2,27.69,2,20000,47,0
2639,Issaquah,WA,M,F,0,27.660000000000004,1,20000,29,0
150,Seattle,WA,M,F,1,27.660000000000004,2,40000,69,1
8305,Spring Valley,CA,M,F,3,27.659999999999997,1,40000,19,0
7002,Coronado,CA,M,M,0,27.65,2,60000,63,0
8765,Marysville,WA,S,M,0,27.639999999999997,2,140000,74,0
5025,Coronado,CA,M,M,1,27.619999999999997,2,120000,81,0
9285,Seattle,WA,M,M,0,27.600000000000005,2,80000,54,1
1887,Lake Oswego,OR,M,M,5,27.6,2,40000,58,0
6734,Ladner,BC,S,M,0,27.6,1,60000,81,0
7334,Westminster,BC,M,M,1,27.58,2,40000,81,0
9440,El Cajon,CA,S,F,0,27.579999999999995,1,60000,29,0
10107,Grossmont,CA,S,F,0,27.57,3,60000,29,0
9242,Everett,WA,M,M,0,27.56,2,40000,21,0
3088,Richmond,BC,S,F,0,27.55,3,40000,85,0
8620,Burien,WA,S,F,0,27.549999999999997,2,60000,63,0
4502,N. Vancouver,BC,S,M,0,27.549999999999997,1,20000,75,0
4849,Seattle,WA,S,F,0,27.54,2,60000,39,1
2603,Port Hammond,BC,S,M,0,27.54,2,20000,31,0
5914,Coronado,CA,S,F,0,27.52,1,40000,21,0
6245,Oak Bay,BC,M,M,3,27.5,1,60000,41,0
4898,Imperial Beach,CA,M,M,0,27.499999999999996,1,40000,35,0
6305,Sooke,BC,S,F,0,27.489999999999995,1,120000,82,0
1381,Lynnwood,WA,S,F,0,27.48,2,40000,75,0
6196,Grossmont,CA,S,F,0,27.47,1,80000,58,0
142,Renton,WA,M,F,1,27.459999999999994,2,60000,40,0
6355,Los Angeles,CA,M,M,3,27.450000000000003,2,60000,42,1
6761,Oregon City,OR,S,F,0,27.44,2,140000,35,0
3489,Sooke,BC,S,M,0,27.44,1,40000,84,0
1336,Langford,BC,M,F,5,27.44,1,20000,82,0
3391,Victoria,BC,S,F,0,27.43,2,20000,70,1
3155,Torrance,CA,S,F,0,27.429999999999996,1,120000,36,0
10223,La Cruz,Sinaloa,S,F,0,27.42,4,40000,74,0
5787,Oak Bay,BC,S,F,0,27.41,1,40000,73,0
5169,Lynnwood,WA,S,F,0,27.41,2,20000,42,0
5472,Port Hammond,BC,S,F,0,27.4,2,60000,52,0
2093,Woodland Hills,CA,S,M,0,27.4,1,60000,35,0
8222,Kirkland,WA,M,F,1,27.389999999999997,2,20000,43,0
3786,Issaquah,WA,S,M,0,27.380000000000003,1,40000,77,0
9829,Sooke,BC,S,M,0,27.37,1,140000,53,0
8227,Richmond,BC,M,F,0,27.37,2,40000,77,0
5357,Beaverton,OR,S,M,0,27.36,1,80000,21,0
2817,Glendale,CA,S,F,0,27.34,2,80000,68,0
1481,Burien,WA,S,F,0,27.34,2,140000,41,0
2619,Downey,CA,S,F,0,27.33,2,20000,46,0
6409,Shawnee,BC,M,M,1,27.33,1,80000,85,0
6226,Lincoln Acres,CA,S,F,0,27.33,2,150000,44,0
2670,La Mesa,CA,S,F,0,27.32,1,80000,38,0
11,La Mesa,CA,S,M,0,27.319999999999997,1,60000,31,0
9218,Bellflower,CA,M,F,1,27.31,1,80000,38,0
3500,Burien,WA,S,M,0,27.31,2,100000,21,0
1747,Imperial Beach,CA,S,F,0,27.309999999999995,1,40000,77,0
709,Downey,CA,M,F,1,27.3,2,120000,49,0
8622,Downey,CA,M,F,1,27.280000000000005,1,100000,23,0
9067,Lakewood,CA,S,F,0,27.28,1,40000,48,0
8050,San Diego,CA,M,F,3,27.27,2,100000,47,1
6947,Oregon City,OR,M,F,2,27.269999999999996,3,80000,70,0
9870,Walla Walla,WA,S,M,0,27.26,2,120000,70,1
5736,San Gabriel,CA,S,F,0,27.26,1,40000,78,0
6142,Grossmont,CA,M,M,3,27.25,1,80000,47,0
1246,Portland,OR,M,F,3,27.25,2,140000,47,1
5264,Renton,WA,S,F,0,27.230000000000004,1,20000,57,0
8770,Walla Walla,WA,S,M,0,27.23,2,60000,19,1
7062,Guadalajara,Jalisco,M,M,4,27.229999999999997,2,80000,78,1
3953,Guadalajara,Jalisco,M,F,4,27.22,4,20000,42,1
5311,West Covina,CA,M,M,1,27.21,1,40000,51,0
5814,Marysville,WA,S,M,0,27.2,2,20000,75,0
2985,Ladner,BC,M,F,3,27.2,1,40000,52,0
9254,Marysville,WA,M,F,3,27.169999999999995,4,60000,20,0
3048,Marysville,WA,S,M,0,27.15,2,20000,69,0
2906,Coronado,CA,M,M,1,27.15,1,20000,31,0
9782,Marysville,WA,S,F,0,27.140000000000004,2,40000,28,0
7252,Woodland Hills,CA,M,F,0,27.14,1,40000,76,0
2435,Torrance,CA,M,F,4,27.110000000000003,2,60000,37,0
2009,Cliffside,BC,M,M,1,27.11,1,40000,66,0
9886,Long Beach,CA,S,F,0,27.1,1,60000,87,0
9210,N. Vancouver,BC,S,F,0,27.09,3,20000,56,0
1755,Lemon Grove,CA,M,F,1,27.08,2,120000,41,0
869,Victoria,BC,S,M,0,27.08,2,100000,58,1
8494,Spring Valley,CA,M,M,0,27.08,2,150000,42,0
5585,Renton,WA,S,F,0,27.06000000000001,1,100000,29,0
271,Ladner,BC,S,M,0,27.04,2,20000,60,0
8092,Burien,WA,S,M,0,27.03,2,40000,59,0
195,N. Vancouver,BC,S,F,0,27.02,3,60000,33,0
6217,Burnaby,BC,M,F,1,27.01,2,60000,33,0
8891,Beaverton,OR,S,F,0,27,1,40000,44,0
9665,Cliffside,BC,S,M,0,26.98,1,40000,75,0
8415,Milwaukie,OR,S,M,0,26.98,2,60000,62,0
8485,Burien,WA,M,F,1,26.979999999999997,2,60000,67,0
8036,Richmond,BC,S,M,0,26.97,2,80000,24,0
7567,National City,CA,M,M,2,26.97,3,40000,24,0
813,Lake Oswego,OR,M,F,3,26.959999999999997,1,40000,22,0
8962,Royal Oak,BC,S,M,0,26.94,1,60000,52,0
3791,Imperial Beach,CA,M,M,1,26.92,1,60000,77,0
6876,Sooke,BC,M,M,5,26.850000000000005,1,40000,75,0
3562,Langley,BC,S,F,0,26.83,1,60000,19,0
4010,Lake Oswego,OR,S,F,0,26.83,1,80000,20,0
9428,Torrance,CA,S,F,0,26.81,1,20000,58,0
3620,Kirkland,WA,M,M,0,26.799999999999997,1,80000,56,0
4991,Imperial Beach,CA,M,M,2,26.77,1,40000,46,0
4188,Los Angeles,CA,S,F,0,26.77,3,60000,75,1
3797,Spring Valley,CA,M,M,5,26.75,3,60000,60,0
618,Grossmont,CA,M,M,0,26.75,2,40000,58,0
1446,National City,CA,S,F,0,26.74,3,20000,21,0
655,Langford,BC,M,F,1,26.74,1,100000,70,0
5887,Downey,CA,S,F,0,26.73,2,40000,68,0
7305,Chula Vista,CA,S,F,0,26.710000000000004,1,40000,32,0
121,Santa Monica,CA,S,F,0,26.71,2,40000,86,0
7776,Port Hammond,BC,M,F,1,26.700000000000003,2,60000,25,0
5889,Lincoln Acres,CA,S,F,0,26.69,2,20000,23,0
4265,Lynnwood,WA,S,M,0,26.69,2,40000,25,0
1480,Richmond,BC,S,M,0,26.69,2,20000,62,0
2848,Glendale,CA,S,F,0,26.68,1,20000,80,0
8735,Vancouver,BC,S,F,0,26.67,1,40000,71,1
4305,Renton,WA,M,F,0,26.66,2,20000,75,0
1101,Ladner,BC,M,M,3,26.63,2,40000,31,0
289,Los Angeles,CA,S,F,0,26.620000000000005,2,40000,50,1
5261,Richmond,BC,M,F,0,26.58,1,40000,43,0
7031,Beaverton,OR,M,F,0,26.57,3,40000,31,0
6596,Chula Vista,CA,S,M,0,26.56,1,40000,76,0
8563,Santa Monica,CA,S,M,0,26.559999999999995,1,40000,54,0
9470,Altadena,CA,S,F,0,26.54,2,120000,87,0
6000,N. Vancouver,BC,M,F,4,26.53,3,80000,55,0
3807,Ladner,BC,S,F,0,26.52,2,40000,78,0
3494,Guadalajara,Jalisco,S,M,0,26.51,4,60000,63,1
9618,Anacortes,WA,S,F,0,26.51,2,40000,36,0
3734,Lemon Grove,CA,S,F,0,26.51,1,20000,76,0
2922,Seattle,WA,M,M,1,26.51,2,120000,66,1
1175,Santa Monica,CA,M,F,3,26.5,2,120000,39,0
3555,Langley,BC,M,M,1,26.49,1,140000,30,0
4628,La Mesa,CA,M,M,0,26.47,2,20000,55,0
733,Grossmont,CA,S,M,0,26.47,1,40000,79,0
7465,Arcadia,CA,S,F,0,26.46,2,20000,75,0
5679,Victoria,BC,S,F,0,26.46,1,40000,49,1
6846,Ballard,WA,M,M,4,26.380000000000003,1,40000,30,0
8823,Altadena,CA,S,M,0,26.37,1,20000,53,0
3289,Pomona,CA,M,M,3,26.35,1,140000,46,0
7719,Lincoln Acres,CA,M,M,1,26.34,2,40000,46,0
5514,Altadena,CA,S,M,0,26.339999999999996,2,80000,54,0
4185,Spring Valley,CA,M,F,1,26.33,4,100000,33,0
7611,Burbank,CA,M,F,2,26.320000000000007,1,60000,38,0
2882,Lincoln Acres,CA,S,M,0,26.320000000000004,2,20000,73,0
4989,Ladner,BC,M,F,0,26.26,2,40000,25,0
2193,Pomona,CA,M,M,0,26.26,2,60000,55,0
5745,Issaquah,WA,M,F,0,26.24,1,60000,72,0
1410,La Mesa,CA,S,M,0,26.24,1,20000,61,0
1102,Pomona,CA,M,F,1,26.229999999999997,1,20000,55,0
4968,Spring Valley,CA,M,M,2,26.21,2,40000,29,0
8785,Woodland Hills,CA,M,M,3,26.209999999999994,2,20000,29,0
846,Chula Vista,CA,S,F,0,26.200000000000003,1,40000,71,0
9431,Pomona,CA,S,F,0,26.19,2,40000,37,0
762,Royal Oak,BC,M,M,0,26.17,1,20000,65,0
7902,El Cajon,CA,M,M,0,26.17,1,60000,61,0
536,Chula Vista,CA,M,M,5,26.16,1,100000,48,0
311,Pomona,CA,S,M,0,26.16,1,40000,33,0
442,Torrance,CA,M,F,4,26.159999999999997,2,120000,44,0
402,Guadalajara,Jalisco,S,F,0,26.15,2,80000,83,1
1122,Ballard,WA,S,F,0,26.130000000000003,2,40000,62,0
2532,Shawnee,BC,S,F,0,26.12,1,40000,68,0
2254,Lakewood,CA,S,M,0,26.1,3,120000,27,0
8341,Victoria,BC,S,F,0,26.09,2,40000,32,1
7958,Shawnee,BC,M,M,1,26.09,1,60000,55,0
8194,Pomona,CA,M,F,0,26.07,2,60000,34,0
2845,Oak Bay,BC,S,F,0,26.07,1,20000,22,0
641,Spring Valley,CA,S,F,0,26.069999999999993,1,60000,45,0
110,West Covina,CA,S,M,0,26.06,1,20000,56,0
9080,Oregon City,OR,S,M,0,26.06,2,40000,25,0
2585,Sooke,BC,M,F,1,26.05,2,120000,27,0
10204,Santa Cruz,CA,S,F,0,26.049999999999997,2,20000,79,0
4207,Ballard,WA,M,M,1,26.04,1,40000,65,0
9105,National City,CA,M,F,2,26.03,1,40000,36,0
4837,Imperial Beach,CA,M,M,1,26.020000000000003,1,80000,53,0
1627,Bellingham,WA,S,F,0,26.020000000000003,1,150000,81,1
9293,El Cajon,CA,M,F,0,26.01,1,80000,39,0
2806,Edmonds,WA,S,M,0,26.01,2,20000,72,0
973,Lemon Grove,CA,S,F,0,26,1,60000,73,0
6469,Lakewood,CA,S,M,0,25.999999999999996,1,60000,44,0
4154,Guadalajara,Jalisco,S,F,0,25.99,2,40000,32,1
2529,Long Beach,CA,M,F,0,25.98,1,80000,75,0
6390,Imperial Beach,CA,S,M,0,25.97000000000001,1,20000,78,0
6824,La Mesa,CA,M,M,4,25.96,3,60000,62,0
2053,Portland,OR,S,M,0,25.93,2,100000,88,1
2280,Albany,OR,S,F,0,25.910000000000004,2,20000,31,0
2279,Burien,WA,S,F,0,25.9,1,60000,85,0
3051,San Gabriel,CA,M,M,1,25.89,1,80000,60,0
8804,Sooke,BC,M,M,3,25.86,1,120000,36,0
3549,Walla Walla,WA,M,F,1,25.86,3,20000,86,1
5259,Bellflower,CA,M,M,1,25.85,1,40000,27,0
4310,Redmond,WA,S,M,0,25.85,2,60000,28,0
4167,Cliffside,BC,M,M,0,25.81,1,40000,55,0
3669,Lincoln Acres,CA,S,M,0,25.8,2,20000,22,0
3219,Lake Oswego,OR,S,M,0,25.799999999999997,2,60000,72,0
6157,Bellingham,WA,S,F,0,25.790000000000003,2,140000,57,1
8954,Beverly Hills,CA,S,F,0,25.78,2,140000,71,1
5454,Glendale,CA,S,F,0,25.75,2,80000,23,0
8524,Edmonds,WA,M,F,2,25.74,2,60000,50,0
270,San Diego,CA,S,M,0,25.74,1,80000,18,1
8073,La Jolla,CA,S,F,0,25.74,1,60000,21,0
8046,West Covina,CA,M,M,2,25.74,2,60000,67,0
1411,Shawnee,BC,S,M,0,25.73,1,60000,59,0
8446,Seattle,WA,M,F,2,25.71,1,60000,63,1
2566,Lynnwood,WA,M,F,2,25.71,2,60000,81,0
1897,Lebanon,OR,S,F,0,25.71,2,140000,26,0
357,Ladner,BC,M,M,2,25.71,2,120000,26,0
5807,La Mesa,CA,M,F,0,25.700000000000003,2,80000,22,0
9339,Victoria,BC,S,F,0,25.69,1,20000,35,1
6763,Bellflower,CA,S,M,0,25.659999999999997,2,40000,34,0
3936,Beverly Hills,CA,S,M,0,25.65,2,40000,63,1
8679,Fremont,CA,M,F,3,25.62,2,80000,50,0
10207,N. Vancouver,BC,M,F,1,25.61,2,20000,74,0
6646,Kirkland,WA,S,F,0,25.61,1,20000,19,0
5511,Downey,CA,M,M,0,25.59,1,40000,37,0
6097,Shawnee,BC,M,M,2,25.58,1,80000,51,0
9533,La Mesa,CA,M,F,2,25.58,1,40000,31,0
8879,Langford,BC,M,F,2,25.58,2,60000,68,0
8097,Oak Bay,BC,M,F,0,25.570000000000004,2,40000,79,0
7843,Bellingham,WA,S,F,0,25.56,2,40000,86,1
6728,Port Hammond,BC,M,M,2,25.54,1,60000,64,0
4874,Grossmont,CA,M,F,4,25.53,2,150000,60,0
8712,Spring Valley,CA,S,M,0,25.52,2,40000,48,0
8780,Lynnwood,WA,M,F,0,25.499999999999996,1,20000,35,0
9587,Imperial Beach,CA,S,F,0,25.47,1,40000,52,0
1748,Lakewood,CA,S,F,0,25.47,1,20000,22,0
3306,Burien,WA,M,F,2,25.46,1,40000,78,0
5244,Beverly Hills,CA,S,F,0,25.44,2,80000,80,1
729,Lincoln Acres,CA,S,F,0,25.44,1,80000,75,0
8155,Santa Fe,DF,S,F,0,25.430000000000003,1,20000,63,0
734,Pomona,CA,S,M,0,25.430000000000003,2,40000,28,0
8652,Newport Beach,CA,M,F,1,25.429999999999996,2,40000,61,0
5965,Haney,BC,S,M,0,25.42,2,60000,85,0
4426,Woodland Hills,CA,M,F,5,25.4,1,20000,28,0
8975,Everett,WA,M,F,3,25.4,1,60000,42,0
7678,Yakima,WA,S,F,0,25.4,2,150000,26,1
8489,Sedro Woolley,WA,S,M,0,25.38,2,150000,49,0
2552,Metchosin,BC,S,F,0,25.38,2,40000,69,0
9814,San Gabriel,CA,S,M,0,25.37,2,60000,60,0
9761,Spring Valley,CA,M,F,3,25.360000000000003,1,40000,45,0
3301,Milwaukie,OR,S,F,0,25.360000000000003,1,40000,54,0
2050,Spring Valley,CA,M,F,3,25.360000000000003,3,80000,48,0
9018,Guadalajara,Jalisco,M,M,0,25.36,5,20000,61,1
4048,Sedro Woolley,WA,S,M,0,25.35,2,40000,75,0
9151,Everett,WA,S,F,0,25.340000000000003,1,40000,68,0
4367,Issaquah,WA,M,F,0,25.32,2,60000,55,0
5247,Richmond,BC,M,M,1,25.31,2,40000,69,0
4663,San Gabriel,CA,S,F,0,25.3,1,60000,19,0
9996,Newton,BC,S,M,0,25.299999999999997,2,60000,85,0
9261,Pomona,CA,M,M,0,25.29,1,80000,77,0
457,Torrance,CA,S,F,0,25.28,1,40000,69,0
7037,Oregon City,OR,S,F,0,25.25,1,80000,69,0
7198,La Jolla,CA,M,F,1,25.23,2,80000,43,0
3351,Walla Walla,WA,M,M,0,25.23,2,40000,40,1
2478,La Mesa,CA,S,F,0,25.23,1,120000,43,0
2574,Guadalajara,Jalisco,M,M,0,25.22,3,60000,87,1
9608,N. Vancouver,BC,S,F,0,25.21,2,40000,47,0
6256,San Gabriel,CA,M,M,1,25.16,1,40000,66,0
7692,National City,CA,S,F,0,25.15,2,40000,29,0
7325,Renton,WA,S,F,0,25.14,2,60000,25,0
5192,Altadena,CA,M,M,2,25.130000000000003,1,100000,64,0
6491,Sooke,BC,M,M,0,25.119999999999997,1,60000,32,0
1666,West Covina,CA,S,F,0,25.11,3,20000,51,0
2223,Arcadia,CA,S,F,0,25.109999999999996,3,120000,85,0
4269,Marysville,WA,M,F,3,25.09,2,40000,40,0
4950,San Gabriel,CA,M,M,0,25.08,1,140000,54,0
4924,Port Hammond,BC,S,M,0,25.08,3,140000,22,0
3061,Oak Bay,BC,M,F,1,25.08,2,40000,68,0
5783,Richmond,BC,S,F,0,25.04,2,40000,74,0
7290,Chula Vista,CA,M,F,1,25.02,1,40000,39,0
3798,Santa Monica,CA,M,F,1,25.019999999999996,1,60000,62,0
2348,Langley,BC,S,F,0,25.01,1,60000,49,0
5863,Royal Oak,BC,M,M,2,25.01,1,40000,49,0
3611,Coronado,CA,M,F,0,24.999999999999993,1,20000,76,0
10141,Langford,BC,M,F,1,24.99000000000001,1,20000,26,0
1834,Guadalajara,Jalisco,M,M,1,24.97,3,60000,27,1
3414,San Gabriel,CA,S,M,0,24.94,1,100000,39,0
7644,La Mesa,CA,S,M,0,24.94,1,40000,78,0
910,Redmond,WA,S,M,0,24.930000000000003,1,40000,72,0
7708,Long Beach,CA,M,M,0,24.92,2,20000,62,0
4321,Seattle,WA,M,M,5,24.92,1,20000,30,1
7012,San Gabriel,CA,M,M,3,24.91,1,20000,47,0
307,Sedro Woolley,WA,S,F,0,24.9,2,140000,42,0
10182,La Mesa,CA,M,F,0,24.870000000000005,1,60000,80,0
9216,Seattle,WA,M,M,2,24.869999999999997,2,60000,62,1
7565,Ballard,WA,M,F,1,24.85,1,40000,67,0
7480,Bellingham,WA,S,F,0,24.85,2,80000,47,1
6077,Grossmont,CA,M,F,4,24.839999999999996,2,40000,50,0
433,Oak Bay,BC,S,F,0,24.839999999999996,1,120000,71,0
10196,Newton,BC,S,M,0,24.83,1,60000,48,0
10151,Cliffside,BC,M,M,2,24.82,1,20000,77,0
5636,Seattle,WA,M,F,0,24.82,1,20000,81,1
7142,Westminster,BC,M,F,1,24.809999999999995,1,60000,33,0
455,Shawnee,BC,S,F,0,24.76,1,120000,30,0
4456,Metchosin,BC,M,M,0,24.750000000000004,1,20000,58,0
9357,Burbank,CA,M,F,0,24.74,1,40000,58,0
6696,Long Beach,CA,M,F,1,24.73,4,20000,66,0
7177,Coronado,CA,S,F,0,24.72,1,40000,53,0
6072,Lakewood,CA,M,M,1,24.71,1,40000,24,0
4000,Edmonds,WA,S,F,0,24.709999999999997,1,20000,63,0
7247,Lincoln Acres,CA,S,M,0,24.700000000000003,1,40000,25,0
9356,Kirkland,WA,S,M,0,24.69,2,20000,53,0
8032,Lincoln Acres,CA,S,M,0,24.69,2,20000,43,0
9361,Newport Beach,CA,M,F,2,24.68,2,60000,39,0
677,Victoria,BC,M,M,2,24.68,1,40000,51,1
5635,Bellflower,CA,M,M,0,24.67,2,20000,49,0
820,La Jolla,CA,S,M,0,24.65,1,60000,48,0
8766,Beverly Hills,CA,M,F,2,24.64,1,20000,60,1
5987,Ladner,BC,M,M,1,24.64,1,40000,35,0
4688,Beverly Hills,CA,M,F,0,24.639999999999997,2,100000,43,1
6366,Ladner,BC,S,M,0,24.62,2,20000,64,0
2227,Guadalajara,Jalisco,S,M,0,24.58,3,80000,77,1
6112,Lake Oswego,OR,M,M,0,24.58,2,20000,46,0
10089,Royal Oak,BC,M,M,2,24.55,1,60000,41,0
1361,Spring Valley,CA,S,F,0,24.549999999999997,2,60000,40,0
8701,Burien,WA,M,M,2,24.54,2,20000,74,0
1478,Sooke,BC,M,M,4,24.54,2,40000,22,0
7442,La Mesa,CA,S,F,0,24.53,1,20000,85,0
6089,Issaquah,WA,S,M,0,24.520000000000003,2,20000,60,0
3477,Oregon City,OR,S,M,0,24.51,3,40000,56,0
30,Milwaukie,OR,S,F,0,24.51,2,60000,81,0
3259,Shawnee,BC,S,M,0,24.49,2,40000,37,0
8992,Kirkland,WA,S,F,0,24.480000000000004,1,60000,69,0
3641,Langford,BC,S,F,0,24.480000000000004,1,40000,79,0
4738,Langley,BC,S,F,0,24.479999999999997,2,60000,35,0
8193,Woodland Hills,CA,M,M,1,24.47,1,40000,53,0
5839,Pomona,CA,S,F,0,24.47,2,120000,75,0
5704,La Mesa,CA,S,M,0,24.47,1,40000,77,0
2387,West Covina,CA,M,F,2,24.47,1,40000,74,0
7165,Los Angeles,CA,S,F,0,24.449999999999996,2,20000,65,1
7497,San Diego,CA,S,M,0,24.44,2,40000,60,1
7235,Burien,WA,M,M,0,24.43,1,20000,29,0
6977,La Mesa,CA,M,M,1,24.43,2,20000,25,0
1229,Guadalajara,Jalisco,S,M,0,24.43,3,100000,58,1
4115,Newport Beach,CA,S,M,0,24.410000000000004,2,40000,19,0
1427,San Gabriel,CA,S,M,0,24.4,2,100000,58,0
200,Los Angeles,CA,S,F,0,24.4,1,60000,21,1
3902,Burien,WA,S,F,0,24.380000000000003,2,60000,68,0
285,Woodland Hills,CA,M,F,3,24.360000000000003,1,40000,85,0
3715,Imperial Beach,CA,S,F,0,24.36,1,40000,37,0
9684,Bellingham,WA,M,M,4,24.340000000000003,1,150000,19,1
2321,Metchosin,BC,M,M,1,24.34,1,40000,19,0
8675,Ladner,BC,M,F,1,24.33,2,20000,83,0
981,National City,CA,S,M,0,24.33,1,60000,48,0
468,Guadalajara,Jalisco,M,F,2,24.33,3,40000,75,1
2385,Pomona,CA,S,F,0,24.32,1,40000,59,0
1231,Sooke,BC,M,F,3,24.32,1,20000,73,0
9118,Coronado,CA,M,F,2,24.29,2,20000,35,0
2928,Kirkland,WA,M,M,0,24.29,1,20000,78,0
8029,Bellflower,CA,S,M,0,24.28,1,60000,36,0
9857,Lincoln Acres,CA,S,M,0,24.26,3,60000,19,0
5332,Arcadia,CA,M,F,0,24.26,1,40000,41,0
7856,San Gabriel,CA,M,F,1,24.250000000000004,2,20000,32,0
2828,Bellflower,CA,M,F,0,24.25,2,40000,19,0
1421,Grossmont,CA,S,F,0,24.23,1,20000,39,0
9877,Port Hammond,BC,S,F,0,24.229999999999997,2,20000,40,0
4981,Guadalajara,Jalisco,S,F,0,24.229999999999997,3,20000,56,1
3780,Lemon Grove,CA,M,M,1,24.229999999999997,1,120000,43,0
1981,Beaverton,OR,S,F,0,24.229999999999997,1,60000,50,0
10143,Long Beach,CA,S,M,0,24.22,1,40000,47,0
6735,Santa Monica,CA,S,M,0,24.22,2,40000,85,0
5506,Shawnee,BC,S,F,0,24.19,1,100000,72,0
2936,Coronado,CA,S,F,0,24.19,2,80000,48,0
7674,Santa Monica,CA,M,F,3,24.180000000000007,1,40000,86,0
5240,Burien,WA,S,F,0,24.180000000000003,1,40000,23,0
9471,Los Angeles,CA,M,F,3,24.170000000000005,2,20000,62,1
3544,Port Hammond,BC,M,F,1,24.17,2,20000,55,0
318,Haney,BC,M,F,0,24.15,1,20000,26,0
258,Coronado,CA,S,M,0,24.129999999999995,3,40000,86,0
8187,Lake Oswego,OR,S,M,0,24.1,2,80000,67,0
4442,Renton,WA,M,F,1,24.090000000000003,1,100000,45,0
9155,Redmond,WA,S,F,0,24.09,2,40000,24,0
7375,Newton,BC,S,M,0,24.09,2,80000,46,0
6147,West Covina,CA,S,F,0,24.070000000000004,3,40000,75,0
7701,Marysville,WA,M,F,4,24.07,2,60000,50,0
4232,Glendale,CA,S,F,0,24.06,2,40000,31,0
3428,Spring Valley,CA,M,F,3,24.049999999999997,2,40000,23,0
1391,Long Beach,CA,S,M,0,24.040000000000003,2,40000,51,0
131,La Jolla,CA,S,M,0,24.04,1,20000,54,0
9132,Lake Oswego,OR,S,M,0,24.03,2,40000,56,0
630,El Cajon,CA,S,F,0,24.020000000000003,1,80000,63,0
8360,Bellflower,CA,S,M,0,24.019999999999996,3,140000,55,0
6411,Westminster,BC,M,M,2,24,2,20000,43,0
5534,Richmond,CA,S,F,0,24,1,40000,45,0
5128,Novato,CA,S,M,0,23.97,1,80000,68,0
8044,Shawnee,BC,M,F,2,23.97,1,60000,38,0
2724,Lincoln Acres,CA,S,M,0,23.96,1,60000,22,0
4025,Langley,BC,S,F,0,23.9,2,120000,34,0
2955,Newport Beach,CA,S,F,0,23.860000000000003,2,20000,50,0
5105,Oregon City,OR,S,M,0,23.86,1,40000,76,0
8521,Langley,BC,M,M,0,23.85,1,40000,57,0
7714,Torrance,CA,M,F,0,23.84,1,40000,29,0
5150,Coronado,CA,M,F,3,23.82,1,60000,62,0
1044,Grossmont,CA,S,F,0,23.82,1,60000,81,0
2757,Glendale,CA,M,M,3,23.81,3,80000,60,0
2120,Spring Valley,CA,M,M,1,23.799999999999997,1,100000,37,0
1982,Cliffside,BC,S,F,0,23.770000000000003,2,40000,36,0
7217,Redmond,WA,M,F,1,23.769999999999996,1,20000,37,0
7659,Altadena,CA,S,F,0,23.76,2,40000,45,0
6966,Lemon Grove,CA,M,M,3,23.76,1,20000,87,0
7115,Langley,BC,S,M,0,23.75,2,20000,59,0
4478,Royal Oak,BC,M,F,0,23.75,1,20000,41,0
938,Sooke,BC,M,M,4,23.749999999999993,1,20000,43,0
2048,Royal Oak,BC,S,M,0,23.74,2,20000,72,0
5422,Guadalajara,Jalisco,S,M,0,23.72,4,40000,83,1
4191,West Covina,CA,M,F,1,23.71,1,40000,69,0
6063,Los Angeles,CA,S,F,0,23.709999999999997,2,40000,28,1
604,Richmond,CA,S,F,0,23.709999999999997,2,60000,35,0
5611,Grossmont,CA,M,M,2,23.700000000000003,1,80000,76,0
4641,Langford,BC,M,M,0,23.680000000000003,2,40000,18,0
6273,San Diego,CA,S,M,0,23.68,1,60000,20,1
1409,La Mesa,CA,M,M,1,23.68,1,40000,22,0
5336,Langley,BC,S,F,0,23.65,1,20000,67,0
1732,N. Vancouver,BC,M,M,1,23.65,1,40000,55,0
3314,Seattle,WA,S,F,0,23.64,2,40000,47,1
4856,Seattle,WA,M,M,1,23.62,2,40000,78,1
3844,Woodland Hills,CA,S,M,0,23.619999999999997,2,40000,68,0
3009,Burbank,CA,M,F,2,23.619999999999997,1,140000,30,0
6213,Victoria,BC,S,F,0,23.610000000000003,2,20000,45,1
7853,Marysville,WA,S,M,0,23.6,1,60000,24,0
8347,Lemon Grove,CA,S,F,0,23.589999999999996,1,80000,20,0
9024,Beverly Hills,CA,M,F,0,23.58,2,60000,67,1
9457,Anacortes,WA,M,M,2,23.52,2,150000,25,0
5529,Royal Oak,BC,M,F,3,23.52,1,150000,50,0
9983,Royal Oak,BC,S,F,0,23.49,1,80000,41,0
6053,Downey,CA,S,F,0,23.480000000000004,3,20000,85,0
4170,Langley,BC,S,F,0,23.48,1,20000,71,0
7608,Edmonds,WA,M,M,1,23.47,1,40000,22,0
9903,Burbank,CA,S,M,0,23.47,1,40000,65,0
2530,Long Beach,CA,M,F,1,23.46,2,20000,50,0
1397,San Diego,CA,S,M,0,23.44,1,20000,18,1
2454,Imperial Beach,CA,S,F,0,23.43,1,20000,21,0
4872,Langford,BC,M,M,2,23.42,1,40000,53,0
2513,W. Linn,OR,S,M,0,23.389999999999997,1,40000,66,0
5601,Bellflower,CA,M,M,3,23.35,1,60000,74,0
3202,W. Linn,OR,M,F,3,23.35,2,60000,71,0
9671,Albany,OR,M,M,1,23.35,3,40000,66,0
9439,Walla Walla,WA,M,M,0,23.35,3,20000,74,1
8754,Beverly Hills,CA,S,F,0,23.34,2,60000,35,1
8738,Berkeley,CA,S,M,0,23.33,1,40000,84,0
4990,Pomona,CA,S,M,0,23.33,1,100000,81,0
7469,Downey,CA,M,F,2,23.320000000000004,1,60000,19,0
3337,Downey,CA,S,M,0,23.32,1,100000,51,0
7456,Anacortes,WA,S,M,0,23.31,3,60000,76,0
3721,Guadalajara,Jalisco,S,M,0,23.309999999999995,3,20000,62,1
3404,El Cajon,CA,S,F,0,23.309999999999995,1,40000,34,0
616,Langford,BC,S,M,0,23.299999999999997,1,40000,86,0
6831,Palo Alto,CA,M,F,1,23.270000000000003,2,40000,76,0
4896,Oak Bay,BC,S,M,0,23.26,2,40000,59,0
5337,Bellingham,WA,S,M,0,23.26,3,20000,83,1
3214,Berkeley,CA,M,M,5,23.26,1,20000,81,0
2560,La Mesa,CA,S,M,0,23.25,2,40000,84,0
6778,Lincoln Acres,CA,M,M,1,23.190000000000005,1,20000,29,0
1842,Ballard,WA,M,F,2,23.19,1,100000,79,0
832,Royal Oak,BC,M,M,2,23.19,1,40000,82,0
8634,Lakewood,CA,M,F,2,23.18,1,60000,42,0
7426,Arcadia,CA,M,M,0,23.17,1,20000,46,0
3535,Sooke,BC,S,F,0,23.17,2,40000,36,0
10077,Ladner,BC,M,M,0,23.15,2,60000,31,0
7357,Spring Valley,CA,S,M,0,23.139999999999997,2,60000,87,0
5625,Chula Vista,CA,S,F,0,23.13,1,40000,20,0
1323,Guadalajara,Jalisco,M,M,3,23.100000000000005,3,80000,33,1
2700,Lemon Grove,CA,S,F,0,23.1,1,40000,32,0
8660,Los Angeles,CA,M,M,4,23.08,1,140000,75,1
7914,Spring Valley,CA,M,F,2,23.06,2,80000,32,0
557,Torrance,CA,S,F,0,23.06,2,20000,61,0
7552,Oak Bay,BC,M,M,1,23.05,1,20000,44,0
3309,Lemon Grove,CA,M,M,0,23.05,1,120000,58,0
8695,Renton,WA,S,F,0,23.04,1,40000,66,0
3660,Coronado,CA,M,F,1,23.020000000000003,1,40000,71,0
3509,Lincoln Acres,CA,S,F,0,23.020000000000003,1,100000,48,0
4316,Walla Walla,WA,S,F,0,23.019999999999996,2,40000,80,1
6711,Richmond,BC,S,F,0,22.99,2,150000,58,0
7988,W. Linn,OR,M,M,2,22.950000000000003,2,40000,69,0
8605,Burbank,CA,M,M,1,22.94,1,120000,80,0
4800,Anacortes,WA,S,M,0,22.94,2,140000,64,0
5964,La Jolla,CA,S,F,0,22.92,1,20000,25,0
4504,Royal Oak,BC,M,M,3,22.9,1,40000,40,0
10061,Glendale,CA,M,M,3,22.9,4,20000,36,0
4588,Palo Alto,CA,M,F,1,22.9,2,40000,54,0
9079,Oak Bay,BC,M,F,1,22.89,1,120000,42,0
6067,Santa Monica,CA,S,M,0,22.89,3,80000,74,0
3170,Burbank,CA,S,M,0,22.880000000000003,1,40000,63,0
4441,La Jolla,CA,M,F,3,22.88,1,40000,48,0
5338,National City,CA,M,M,1,22.86,2,100000,74,0
5220,Santa Monica,CA,M,M,1,22.85,1,40000,30,0
7255,Beaverton,OR,M,M,0,22.840000000000003,3,40000,54,0
6051,Beaverton,OR,S,F,0,22.84,2,40000,31,0
9055,Pomona,CA,M,F,0,22.81,1,20000,19,0
9413,Metchosin,BC,M,F,2,22.79,2,80000,47,0
7479,Everett,WA,M,F,1,22.78,1,20000,76,0
109,Newton,BC,S,M,0,22.77,1,60000,69,0
1096,Shawnee,BC,S,M,0,22.769999999999996,1,40000,32,0
1761,Lincoln Acres,CA,S,F,0,22.76,2,40000,70,0
7590,Lemon Grove,CA,M,M,1,22.75,1,40000,25,0
9803,Imperial Beach,CA,S,M,0,22.74,2,40000,57,0
5729,Pomona,CA,S,M,0,22.72,2,20000,59,0
2506,Issaquah,WA,M,M,3,22.71,1,100000,34,0
1680,Long Beach,CA,S,M,0,22.71,2,20000,46,0
6899,Torrance,CA,S,M,0,22.68,2,20000,65,0
3469,Chula Vista,CA,M,M,3,22.68,2,60000,59,0
5266,N. Vancouver,BC,S,F,0,22.64,2,40000,39,0
1629,Oak Bay,BC,S,M,0,22.64,1,40000,21,0
857,San Gabriel,CA,S,M,0,22.64,2,40000,37,0
3788,Bellingham,WA,M,F,0,22.639999999999997,3,40000,57,1
544,Anacortes,WA,S,F,0,22.63,2,60000,39,0
1589,Redmond,WA,M,M,0,22.58,1,40000,51,0
1807,Marysville,WA,M,F,0,22.549999999999997,2,20000,28,0
8309,Lake Oswego,OR,S,F,0,22.54,1,40000,40,0
2217,Seattle,WA,S,F,0,22.54,2,120000,71,1
1783,El Cajon,CA,M,M,1,22.520000000000003,1,40000,65,0
7537,Guadalajara,Jalisco,M,F,1,22.51,2,40000,48,1
1938,Chula Vista,CA,S,M,0,22.5,2,80000,56,0
5532,Arcadia,CA,M,M,0,22.499999999999993,2,120000,21,0
4578,San Jose,CA,S,F,0,22.49,2,40000,22,0
2894,Walla Walla,WA,M,M,4,22.48,3,20000,60,1
9917,Mill Valley,CA,M,F,5,22.47,2,80000,33,0
6814,Bellingham,WA,M,M,0,22.47,3,80000,25,1
8009,Lynnwood,WA,S,F,0,22.46,1,60000,27,0
9103,Torrance,CA,S,F,0,22.43,2,120000,87,0
5255,National City,CA,S,M,0,22.42,1,20000,40,0
3585,Arcadia,CA,M,F,3,22.410000000000004,3,40000,71,0
8398,Langford,BC,S,M,0,22.41,2,150000,28,0
2979,Port Hammond,BC,M,F,1,22.4,1,140000,85,0
2668,Lakewood,CA,M,M,0,22.4,2,80000,79,0
4651,Walla Walla,WA,M,M,3,22.389999999999997,3,140000,87,1
7624,W. Linn,OR,S,F,0,22.380000000000003,1,150000,55,0
3010,Burbank,CA,S,M,0,22.380000000000003,2,100000,68,0
179,Lakewood,CA,S,M,0,22.38,1,140000,80,0
3108,Langford,BC,M,F,1,22.37,2,40000,38,0
9433,Chula Vista,CA,S,F,0,22.369999999999997,1,40000,31,0
6636,Lemon Grove,CA,S,M,0,22.369999999999997,2,100000,84,0
1625,Burnaby,BC,M,M,0,22.369999999999997,2,150000,76,0
1978,Issaquah,WA,S,F,0,22.35,1,120000,26,0
3452,Chula Vista,CA,M,M,1,22.340000000000003,2,60000,66,0
9925,Haney,BC,M,M,4,22.34,1,20000,31,0
2142,Metchosin,BC,S,M,0,22.33,2,140000,19,0
9918,Guadalajara,Jalisco,S,M,0,22.31,2,40000,19,1
10035,Lynnwood,WA,S,M,0,22.3,2,100000,56,0
6802,Altadena,CA,M,F,4,22.28,1,100000,45,0
8824,Seattle,WA,S,F,0,22.27,1,100000,36,1
4034,Westminster,BC,M,F,1,22.26,1,40000,40,0
7892,National City,CA,S,M,0,22.25,1,40000,64,0
3139,El Cajon,CA,S,F,0,22.25,1,80000,30,0
2209,Royal Oak,BC,M,M,5,22.25,1,150000,34,0
5461,Walla Walla,WA,M,F,0,22.239999999999995,3,150000,67,1
3103,Imperial Beach,CA,S,F,0,22.22,1,150000,23,0
10031,El Cajon,CA,M,F,0,22.21,1,20000,33,0
4689,Oak Bay,BC,M,M,1,22.21,1,80000,75,0
756,Metchosin,BC,M,M,2,22.21,1,150000,55,0
4151,Long Beach,CA,S,M,0,22.200000000000003,1,80000,48,0
8386,Metchosin,BC,S,F,0,22.19,2,40000,49,0
4696,Oak Bay,BC,S,F,0,22.16,2,40000,58,0
8220,Coronado,CA,S,F,0,22.159999999999997,2,40000,78,0
5613,Coronado,CA,S,M,0,22.14,3,80000,80,0
1873,Vancouver,BC,S,F,0,22.139999999999997,2,120000,87,1
6472,Altadena,CA,S,F,0,22.130000000000003,1,40000,36,0
1795,Lincoln Acres,CA,S,M,0,22.12,1,60000,71,0
7583,Santa Monica,CA,S,F,0,22.119999999999997,2,120000,21,0
8379,Lake Oswego,OR,M,F,1,22.09,1,60000,82,0
594,Seattle,WA,S,F,0,22.08,2,40000,28,1
6249,Shawnee,BC,S,F,0,22.08,1,20000,23,0
7635,La Mesa,CA,S,F,0,22.06,1,140000,76,0
541,Grossmont,CA,S,M,0,22.06,1,60000,32,0
8048,Santa Monica,CA,M,F,1,22.06,2,40000,70,0
4954,Lake Oswego,OR,M,F,3,22.059999999999995,1,40000,86,0
1616,Chula Vista,CA,S,M,0,22.05,1,40000,46,0
6297,Burien,WA,S,F,0,22.049999999999997,1,40000,85,0
7809,Bellingham,WA,S,M,0,22.040000000000003,2,40000,57,1
9980,Lakewood,CA,S,M,0,22.04,1,40000,52,0
8555,Milwaukie,OR,M,F,1,22.04,2,40000,18,0
7800,Beaverton,OR,M,F,3,22.03,1,40000,43,0
2524,Burbank,CA,S,F,0,22.03,2,40000,55,0
9275,Arcadia,CA,S,F,0,21.99,2,20000,62,0
6534,Grossmont,CA,M,F,2,21.99,1,40000,65,0
5931,San Diego,CA,S,F,0,21.99,2,20000,88,1
5184,Westminster,BC,M,M,3,21.99,2,40000,39,0
6528,Pomona,CA,M,F,1,21.99,1,20000,86,0
7848,Burnaby,BC,S,M,0,21.980000000000004,3,20000,25,0
8919,Albany,OR,S,M,0,21.96,2,140000,43,0
4132,Woodland Hills,CA,S,F,0,21.94,1,60000,76,0
4528,Redmond,WA,M,M,2,21.94,2,80000,22,0
3024,Edmonds,WA,S,F,0,21.93999999999999,2,100000,76,0
3488,San Diego,CA,S,M,0,21.89,1,40000,84,1
3583,Oak Bay,BC,S,F,0,21.880000000000003,2,40000,45,0
9827,Everett,WA,S,M,0,21.86,1,20000,82,0
3110,Oak Bay,BC,M,F,0,21.85,1,60000,35,0
688,Everett,WA,M,M,1,21.84,1,40000,37,0
7744,Guadalajara,Jalisco,M,F,1,21.839999999999996,3,60000,38,1
1733,Lynnwood,WA,S,F,0,21.83,2,140000,76,0
8484,El Cajon,CA,M,F,2,21.820000000000004,2,40000,39,0
9022,El Cajon,CA,S,F,0,21.82,3,140000,70,0
8208,Lemon Grove,CA,S,M,0,21.819999999999997,1,80000,86,0
2691,Kirkland,WA,M,M,4,21.819999999999997,1,40000,43,0
3836,Langford,BC,M,M,0,21.81,1,80000,82,0
792,Pomona,CA,S,M,0,21.81,2,60000,36,0
4764,Imperial Beach,CA,S,M,0,21.78,1,100000,30,0
4601,Shawnee,BC,M,M,3,21.76,2,40000,31,0
6055,Vancouver,BC,M,F,0,21.75,2,60000,68,1
5400,Renton,WA,S,F,0,21.75,2,100000,39,0
5835,Imperial Beach,CA,S,M,0,21.74,2,20000,44,0
9106,National City,CA,M,M,2,21.74,1,100000,55,0
1181,San Diego,CA,M,M,0,21.72,3,20000,77,1
7961,Bellingham,WA,M,F,0,21.69,2,60000,36,1
7596,El Cajon,CA,S,M,0,21.69,2,40000,53,0
6981,Grossmont,CA,M,M,0,21.69,1,20000,46,0
8066,Ballard,WA,M,F,1,21.68,1,60000,68,0
3925,Beaverton,OR,M,F,1,21.68,1,40000,63,0
8138,Lemon Grove,CA,M,M,4,21.66,1,40000,34,0
1380,Grossmont,CA,S,F,0,21.66,2,20000,48,0
1128,Santa Monica,CA,S,F,0,21.64,1,20000,40,0
9466,Lincoln Acres,CA,M,F,5,21.630000000000003,1,120000,77,0
6170,Oak Bay,BC,M,M,3,21.6,1,40000,43,0
9412,Edmonds,WA,S,M,0,21.58,1,80000,25,0
7951,Ballard,WA,S,F,0,21.579999999999995,1,80000,83,0
10259,West Covina,CA,S,F,0,21.57,2,40000,63,0
7117,Ballard,WA,M,M,1,21.56,2,100000,75,0
2590,Renton,WA,S,M,0,21.540000000000003,2,40000,60,0
9288,Lemon Grove,CA,M,M,1,21.54,1,80000,46,0
6539,N. Vancouver,BC,M,F,3,21.54,1,40000,83,0
8506,Langley,BC,S,F,0,21.499999999999996,2,20000,65,0
1808,La Mesa,CA,S,M,0,21.48,1,20000,27,0
3737,Haney,BC,S,F,0,21.479999999999997,1,20000,57,0
41,W. Linn,OR,S,M,0,21.479999999999997,1,120000,79,0
2440,Royal Oak,BC,S,F,0,21.44,1,120000,83,0
2715,Issaquah,WA,S,F,0,21.44,2,20000,37,0
3096,Victoria,BC,M,M,0,21.430000000000003,1,60000,23,1
1065,Shawnee,BC,M,F,2,21.42,1,20000,54,0
2519,Oak Bay,BC,M,M,1,21.41,1,140000,84,0
9313,Woodland Hills,CA,M,M,4,21.4,1,40000,48,0
2824,Edmonds,WA,M,F,0,21.390000000000004,2,40000,19,0
10266,Seattle,WA,S,F,0,21.39,1,140000,78,1
10165,Newport Beach,CA,M,F,0,21.380000000000003,3,40000,33,0
7653,Downey,CA,S,M,0,21.369999999999997,2,100000,52,0
8529,Chula Vista,CA,M,M,3,21.36,1,20000,45,0
8554,Lincoln Acres,CA,S,F,0,21.35,1,60000,42,0
8597,Lakewood,CA,M,M,2,21.35,1,40000,82,0
7570,Woodburn,OR,M,M,4,21.35,2,80000,62,0
6789,Guadalajara,Jalisco,M,M,1,21.31,3,60000,44,1
1221,Redmond,WA,M,F,1,21.31,1,140000,77,0
5940,Shawnee,BC,M,F,3,21.29,1,40000,36,0
5538,Beverly Hills,CA,S,F,0,21.29,2,60000,86,1
4848,Burien,WA,M,F,4,21.29,1,40000,71,0
8272,Long Beach,CA,M,F,1,21.28,1,120000,65,0
9807,West Covina,CA,S,F,0,21.270000000000003,1,40000,88,0
8569,Westminster,BC,M,M,3,21.26,2,40000,72,0
4022,Burnaby,BC,S,M,0,21.25,1,60000,59,0
660,Los Angeles,CA,S,F,0,21.25,1,60000,26,1
2428,La Jolla,CA,S,M,0,21.249999999999996,1,40000,44,0
9397,Portland,OR,M,M,4,21.22,2,40000,52,1
6229,Grossmont,CA,S,M,0,21.21,2,120000,46,0
2471,Burien,WA,S,M,0,21.21,1,20000,73,0
6235,San Gabriel,CA,S,M,0,21.200000000000003,1,80000,33,0
3286,Walla Walla,WA,S,M,0,21.2,2,20000,65,1
5249,Lakewood,CA,S,F,0,21.180000000000003,2,80000,37,0
377,Beverly Hills,CA,M,F,2,21.18,1,80000,52,1
5860,Grossmont,CA,S,M,0,21.17,1,100000,31,0
2326,Arcadia,CA,M,M,0,21.17,2,40000,26,0
3890,Lynnwood,WA,M,M,5,21.17,1,20000,69,0
4911,Burien,WA,M,F,3,21.160000000000004,1,40000,77,0
9468,Beaverton,OR,S,M,0,21.12,2,60000,64,0
2424,West Covina,CA,S,F,0,21.119999999999997,1,100000,60,0
5354,Ballard,WA,S,F,0,21.11,1,100000,37,0
10063,Sedro Woolley,WA,S,F,0,21.08,2,60000,62,0
5177,Portland,OR,S,F,0,21.08,1,60000,42,1
1276,Lincoln Acres,CA,M,M,2,21.06,1,40000,78,0
3276,Lincoln Acres,CA,M,M,2,21.04,1,40000,50,0
9323,Lynnwood,WA,M,F,0,21.03,2,60000,46,0
7163,Westminster,BC,S,F,0,21.02,1,60000,55,0
3279,Glendale,CA,S,M,0,21.019999999999996,1,40000,70,0
7399,Fremont,CA,M,F,4,21.01,2,20000,24,0
9748,La Jolla,CA,S,F,0,21.01,1,40000,55,0
2702,Lynnwood,WA,M,M,1,21.000000000000004,2,40000,67,0
918,Coronado,CA,M,M,0,20.999999999999996,3,120000,31,0
4131,Ballard,WA,M,F,2,20.979999999999997,1,60000,62,0
5365,El Cajon,CA,S,F,0,20.97,1,40000,19,0
9885,Marysville,WA,M,M,3,20.92,2,80000,38,0
3384,Port Hammond,BC,S,F,0,20.92,2,20000,82,0
4140,Ballard,WA,M,M,1,20.91,2,80000,20,0
1191,National City,CA,S,M,0,20.91,1,20000,42,0
916,Burbank,CA,S,M,0,20.880000000000003,1,140000,80,0
4122,Seattle,WA,S,F,0,20.88,1,140000,34,1
3637,Newton,BC,M,M,1,20.86,1,80000,62,0
3675,Burien,WA,M,F,1,20.85,3,40000,79,0
9772,Los Angeles,CA,M,M,1,20.81,1,20000,23,1
5719,Los Angeles,CA,M,M,1,20.81,1,120000,40,1
4971,Haney,BC,M,F,0,20.8,1,40000,83,0
7767,San Diego,CA,S,M,0,20.79,2,40000,28,1
4333,National City,CA,S,M,0,20.79,1,20000,36,0
563,Issaquah,WA,S,F,0,20.79,1,60000,83,0
7736,West Covina,CA,S,M,0,20.78,1,80000,19,0
1573,Grossmont,CA,S,M,0,20.76,1,80000,82,0
4275,Coronado,CA,M,M,0,20.74,1,40000,48,0
1583,Redmond,WA,M,F,1,20.730000000000004,2,120000,50,0
2965,Bellingham,WA,M,F,4,20.72,2,40000,64,1
8685,Royal Oak,BC,M,M,0,20.71,2,120000,79,0
5245,Milwaukie,OR,M,M,1,20.7,2,20000,48,0
6401,Burnaby,BC,M,F,2,20.69,1,80000,81,0
6357,Langford,BC,S,F,0,20.68,1,40000,20,0
5068,Walla Walla,WA,S,M,0,20.679999999999996,2,80000,56,1
6806,Woodland Hills,CA,S,M,0,20.67,2,40000,49,0
4699,Edmonds,WA,M,M,2,20.67,1,120000,80,0
254,Metchosin,BC,S,M,0,20.67,1,20000,87,0
10126,Lakewood,CA,S,F,0,20.659999999999997,2,60000,71,0
8020,Anacortes,WA,S,M,0,20.65,2,40000,49,0
5678,Burbank,CA,S,M,0,20.65,1,80000,40,0
9353,Lynnwood,WA,S,F,0,20.630000000000003,1,20000,43,0
6024,Downey,CA,M,F,2,20.609999999999996,1,20000,73,0
3114,Los Angeles,CA,S,M,0,20.6,1,40000,71,1
5544,Richmond,BC,S,F,0,20.590000000000003,1,20000,45,0
9355,Pomona,CA,S,M,0,20.59,2,100000,42,0
2372,Issaquah,WA,M,M,2,20.59,1,80000,21,0
7681,Langford,BC,S,M,0,20.58,1,120000,87,0
2222,Port Hammond,BC,M,M,0,20.58,3,40000,88,0
8123,Spring Valley,CA,S,F,0,20.57,1,60000,79,0
7582,Oregon City,OR,M,M,4,20.57,2,40000,50,0
2031,Marysville,WA,M,F,2,20.57,1,40000,18,0
2148,Langley,BC,M,M,0,20.55,2,140000,79,0
5317,Redmond,WA,S,M,0,20.540000000000003,2,40000,27,0
7346,Lincoln Acres,CA,S,M,0,20.54,2,150000,40,0
4585,San Gabriel,CA,M,M,3,20.520000000000003,1,40000,39,0
7964,Beaverton,OR,M,F,2,20.48,2,140000,77,0
6547,Marysville,WA,M,F,1,20.48,2,140000,32,0
2492,Ladner,BC,S,M,0,20.48,2,40000,47,0
4712,Renton,WA,S,M,0,20.46,2,40000,85,0
5732,Lincoln Acres,CA,S,F,0,20.45,1,60000,53,0
8408,Santa Monica,CA,S,M,0,20.44,1,60000,80,0
1303,La Mesa,CA,S,M,0,20.44,1,100000,34,0
4964,Anacortes,WA,M,F,1,20.44,2,40000,73,0
1697,Colma,CA,S,M,0,20.41,1,80000,82,0
1849,Long Beach,CA,S,F,0,20.4,2,80000,65,0
10194,Lynnwood,WA,M,M,1,20.379999999999995,2,40000,23,0
6909,Woodland Hills,CA,S,M,0,20.37,2,40000,40,0
9528,Santa Monica,CA,M,M,0,20.36,2,40000,64,0
8393,Portland,OR,S,F,0,20.35,1,120000,72,1
9763,San Francisco,CA,S,M,0,20.340000000000003,2,60000,82,1
3215,Seattle,WA,M,M,2,20.34,1,40000,84,1
9122,Woodland Hills,CA,M,M,4,20.33,2,40000,24,0
7036,Altadena,CA,S,F,0,20.33,2,40000,32,0
6526,Lebanon,OR,S,F,0,20.32,2,80000,20,0
6428,San Jose,CA,S,M,0,20.31,2,60000,69,0
5908,Lemon Grove,CA,S,F,0,20.270000000000003,1,20000,80,0
5902,Walla Walla,WA,M,M,0,20.27,4,20000,83,1
9880,Burnaby,BC,M,F,3,20.25,1,40000,76,0
25,Haney,BC,S,F,0,20.24,1,80000,46,0
1176,Grossmont,CA,S,F,0,20.229999999999997,1,40000,86,0
5637,Lynnwood,WA,S,M,0,20.21,1,40000,33,0
4758,National City,CA,S,M,0,20.21,1,20000,78,0
3127,Arcadia,CA,S,F,0,20.2,2,80000,23,0
3951,San Gabriel,CA,M,M,1,20.18,2,120000,80,0
3818,Royal Oak,BC,S,M,0,20.160000000000004,1,120000,67,0
5832,San Carlos,CA,M,M,3,20.16,1,40000,66,0
7441,Lemon Grove,CA,M,M,0,20.15,2,40000,78,0
9001,Vancouver,BC,S,F,0,20.139999999999997,3,20000,67,1
6510,Woodburn,OR,M,F,0,20.130000000000003,1,60000,39,0
5321,Shawnee,BC,M,F,1,20.130000000000003,1,120000,18,0
5041,Port Hammond,BC,M,M,1,20.11,1,60000,60,0
9340,Portland,OR,S,F,0,20.1,1,60000,78,1
8372,Imperial Beach,CA,S,M,0,20.1,2,20000,40,0
445,Cliffside,BC,S,M,0,20.09,1,40000,52,0
8542,La Mesa,CA,S,F,0,20.089999999999996,2,40000,71,0
9475,Westminster,BC,M,M,4,20.079999999999995,1,80000,55,0
8739,San Gabriel,CA,M,M,1,20.06,1,80000,76,0
631,Oakland,CA,M,F,0,20.06,2,60000,88,0
4190,Anacortes,WA,S,M,0,20.05,2,40000,28,0
8856,Guadalajara,Jalisco,S,M,0,20.049999999999997,2,150000,31,1
4591,Redmond,WA,M,M,4,20.04,1,20000,81,0
7661,Novato,CA,S,F,0,20.03,1,80000,49,0
9740,Concord,CA,M,M,1,20.02,1,40000,41,0
861,Newport Beach,CA,S,F,0,20.02,1,20000,71,0
7795,Burbank,CA,M,F,0,20,1,20000,51,0
362,Shawnee,BC,M,F,2,19.96,2,20000,56,0
4817,Kirkland,WA,M,F,0,19.959999999999997,2,40000,53,0
9000,Issaquah,WA,M,M,0,19.95,2,20000,82,0
7451,Metchosin,BC,S,F,0,19.95,2,40000,78,0
4139,Seattle,WA,M,M,2,19.95,1,150000,85,1
4007,Renton,WA,M,F,2,19.95,1,60000,67,0
1586,Bellingham,WA,S,F,0,19.93,3,40000,43,1
6494,Downey,CA,S,M,0,19.92,2,40000,22,0
9849,Richmond,BC,M,M,2,19.91,1,20000,85,0
3853,Metchosin,BC,M,M,0,19.9,1,40000,87,0
7271,Santa Monica,CA,S,F,0,19.860000000000003,2,20000,24,0
245,Vancouver,BC,M,M,4,19.85,1,140000,45,1
9274,Metchosin,BC,S,F,0,19.83,1,150000,48,0
8248,Arcadia,CA,S,M,0,19.82,2,20000,80,0
585,Royal Oak,BC,M,F,1,19.79,1,20000,36,0
6595,Anacortes,WA,M,F,0,19.78,2,40000,56,0
3825,Walla Walla,WA,S,M,0,19.78,1,40000,43,1
10108,Ballard,WA,M,F,1,19.77,1,60000,71,0
1416,Bellflower,CA,S,F,0,19.76,3,20000,19,0
8407,Everett,WA,S,M,0,19.76,1,60000,33,0
3650,Issaquah,WA,M,M,1,19.74,1,20000,39,0
8396,La Mesa,CA,S,M,0,19.73,1,20000,81,0
7667,Long Beach,CA,M,M,1,19.72,2,80000,65,0
3383,Sooke,BC,M,M,0,19.72,1,60000,40,0
1264,Anacortes,WA,S,M,0,19.719999999999995,2,100000,48,0
7111,Long Beach,CA,S,F,0,19.7,1,40000,60,0
2933,Imperial Beach,CA,S,F,0,19.7,2,100000,56,0
7216,Metchosin,BC,M,F,2,19.68,2,140000,26,0
6817,La Mesa,CA,M,M,0,19.68,1,120000,43,0
62,Santa Monica,CA,M,M,1,19.68,3,40000,67,0
2334,Metchosin,BC,S,M,0,19.679999999999996,1,80000,83,0
5179,National City,CA,S,F,0,19.67,2,40000,47,0
8878,Anacortes,WA,M,M,3,19.66,2,20000,71,0
4376,El Cajon,CA,M,M,2,19.66,2,40000,62,0
4931,Sedro Woolley,WA,M,M,3,19.659999999999997,2,60000,85,0
10103,Anacortes,WA,S,M,0,19.65,2,40000,30,0
8851,Glendale,CA,M,M,2,19.65,2,60000,86,0
8143,Victoria,BC,S,M,0,19.639999999999997,1,80000,34,1
368,Shawnee,BC,S,F,0,19.639999999999997,2,100000,86,0
5403,Burlingame,CA,S,F,0,19.630000000000003,1,40000,60,0
8010,San Diego,CA,M,F,0,19.63,1,60000,55,1
7695,San Gabriel,CA,S,F,0,19.619999999999997,2,80000,50,0
1856,Coronado,CA,S,F,0,19.61,1,40000,80,0
1541,Lynnwood,WA,M,M,3,19.61,1,20000,82,0
1023,Long Beach,CA,M,M,1,19.61,2,60000,58,0
8001,Westminster,BC,M,F,1,19.6,2,60000,35,0
5178,Woodland Hills,CA,S,M,0,19.59,1,20000,32,0
1689,Redmond,WA,M,M,0,19.59,1,40000,21,0
805,Arcadia,CA,S,F,0,19.59,1,60000,46,0
4537,Bellflower,CA,M,M,2,19.57,1,120000,52,0
8424,National City,CA,S,F,0,19.56,1,60000,25,0
8175,Ballard,WA,M,M,4,19.56,2,120000,32,0
3873,Milwaukie,OR,M,M,2,19.56,1,20000,73,0
2544,Oakland,CA,M,F,4,19.56,2,100000,61,0
5112,Oregon City,OR,S,F,0,19.52,2,40000,45,0
2523,Altadena,CA,S,M,0,19.510000000000005,1,100000,77,0
7973,Vancouver,BC,M,M,5,19.51,1,140000,70,1
5953,West Covina,CA,M,F,3,19.5,2,120000,24,0
2096,Grossmont,CA,M,F,1,19.5,1,40000,55,0
710,Kirkland,WA,M,F,1,19.49,1,40000,58,0
7489,National City,CA,M,M,0,19.459999999999997,1,40000,61,0
598,Newport Beach,CA,M,M,0,19.45,1,20000,59,0
3361,El Cajon,CA,M,M,1,19.43,1,20000,42,0
3172,Renton,WA,M,F,1,19.42,1,20000,66,0
6708,San Diego,CA,M,F,4,19.42,2,80000,68,1
7991,Guadalajara,Jalisco,M,M,0,19.410000000000004,2,40000,54,1
1507,Seattle,WA,M,M,1,19.41,1,60000,82,1
3265,Cliffside,BC,S,F,0,19.4,2,40000,43,0
1155,Torrance,CA,M,M,0,19.4,2,40000,80,0
175,Metchosin,BC,S,F,0,19.380000000000003,1,80000,22,0
4845,Lemon Grove,CA,S,M,0,19.38,2,40000,50,0
9776,Edmonds,WA,S,F,0,19.34,1,140000,55,0
6308,Issaquah,WA,M,F,0,19.34,2,40000,75,0
2898,Royal Oak,BC,M,M,3,19.34,2,120000,32,0
2046,Los Angeles,CA,S,M,0,19.33,1,40000,76,1
7842,Ballard,WA,S,F,0,19.33,1,120000,24,0
5921,Cliffside,BC,M,F,1,19.33,1,40000,27,0
5754,Downey,CA,S,M,0,19.33,3,40000,67,0
3703,Bellingham,WA,S,M,0,19.33,1,60000,55,1
4110,Redmond,WA,M,F,3,19.320000000000004,3,40000,81,0
9109,Downey,CA,M,M,1,19.31,1,60000,57,0
7802,Richmond,BC,S,F,0,19.29,1,40000,57,0
9354,Victoria,BC,M,F,2,19.28,1,40000,72,1
7684,Altadena,CA,M,M,3,19.28,2,40000,86,0
7240,Langford,BC,S,M,0,19.27,1,60000,75,0
10003,Lemon Grove,CA,S,F,0,19.26,1,80000,40,0
8913,Metchosin,BC,M,M,1,19.249999999999996,1,100000,26,0
5626,San Gabriel,CA,M,F,4,19.200000000000003,1,60000,81,0
1716,San Diego,CA,M,F,1,19.200000000000003,2,40000,50,1
6675,Walla Walla,WA,M,M,5,19.19,4,100000,29,1
10064,National City,CA,M,M,2,19.18,2,60000,62,0
746,West Covina,CA,S,M,0,19.18,2,80000,22,0
1439,Los Angeles,CA,S,M,0,19.17,2,40000,69,1
10193,Shawnee,BC,M,F,0,19.14,1,20000,86,0
8982,Downey,CA,S,M,0,19.14,2,60000,85,0
1568,Newton,BC,M,M,0,19.14,1,80000,72,0
6825,Cliffside,BC,M,M,2,19.11,1,60000,47,0
6594,Burnaby,BC,M,M,2,19.08,2,20000,58,0
6294,Sooke,BC,M,F,1,19.07,1,60000,34,0
5096,Torrance,CA,S,M,0,19.06,1,80000,30,0
1584,Bellflower,CA,M,F,1,19.06,1,20000,43,0
8325,Burien,WA,M,M,2,19.06,1,40000,23,0
1923,Oregon City,OR,S,F,0,19.06,1,40000,65,0
952,Richmond,BC,M,M,1,19.05,2,60000,65,0
6404,Palo Alto,CA,S,F,0,19.020000000000003,2,80000,80,0
9813,Redmond,WA,M,F,0,19.01,1,20000,58,0
5818,Spring Valley,CA,M,M,0,19,1,150000,41,0
1730,Oregon City,OR,M,F,1,19,2,40000,36,0
6706,Torrance,CA,M,M,4,18.99,1,40000,55,0
7293,Walla Walla,WA,S,M,0,18.97,3,40000,51,1
3454,Metchosin,BC,M,F,0,18.96,1,60000,20,0
4291,Redmond,WA,M,M,3,18.95,1,60000,45,0
8957,Imperial Beach,CA,M,F,0,18.89,1,60000,25,0
3031,West Covina,CA,M,M,2,18.88,3,40000,51,0
4084,Mill Valley,CA,M,M,0,18.86,1,40000,83,0
7329,Anacortes,WA,M,F,1,18.85,3,20000,72,0
6969,Chula Vista,CA,M,F,2,18.81,1,60000,34,0
5057,San Carlos,CA,M,M,0,18.81,1,40000,55,0
7540,Colma,CA,S,M,0,18.78,1,40000,73,0
6463,N. Vancouver,BC,M,M,2,18.78,1,20000,67,0
120,Milwaukie,OR,M,F,0,18.78,2,40000,41,0
6933,Ballard,WA,S,M,0,18.77,2,60000,59,0
9291,Metchosin,BC,S,M,0,18.76,1,60000,35,0
1104,Altadena,CA,M,M,2,18.76,2,60000,57,0
1913,Marysville,WA,M,M,3,18.75,2,80000,19,0
8119,Long Beach,CA,M,F,0,18.730000000000004,1,60000,80,0
5780,Victoria,BC,M,M,3,18.73,1,20000,25,1
3886,Kirkland,WA,S,F,0,18.73,1,100000,27,0
8149,Coronado,CA,S,F,0,18.729999999999997,1,80000,87,0
1051,San Gabriel,CA,S,F,0,18.729999999999997,1,20000,26,0
4815,Marysville,WA,M,F,0,18.72,1,40000,21,0
2246,Woodburn,OR,S,M,0,18.71,3,140000,52,0
9659,Shawnee,BC,S,F,0,18.7,1,60000,76,0
4843,San Diego,CA,S,M,0,18.7,2,40000,46,1
2242,Torrance,CA,S,M,0,18.7,1,100000,48,0
9908,Woodland Hills,CA,M,M,1,18.69,2,60000,52,0
7543,Bellingham,WA,S,F,0,18.69,2,100000,46,1
7797,Renton,WA,S,M,0,18.68,2,20000,83,0
4566,Oregon City,OR,M,M,0,18.66,1,40000,57,0
3178,Oregon City,OR,S,F,0,18.65,2,40000,59,0
4369,Everett,WA,S,M,0,18.64,1,40000,87,0
1098,Ballard,WA,S,F,0,18.62,2,60000,39,0
411,Redmond,WA,M,M,1,18.62,1,20000,69,0
9923,Daly City,CA,M,M,3,18.6,1,80000,59,0
1426,Salem,OR,S,M,0,18.6,2,80000,34,1
1292,Westminster,BC,S,F,0,18.590000000000003,1,100000,48,0
2202,Beverly Hills,CA,M,F,4,18.59,1,60000,27,1
5629,Westminster,BC,M,M,2,18.589999999999996,3,40000,35,0
7873,San Diego,CA,S,M,0,18.57,1,40000,66,1
6315,Fremont,CA,S,F,0,18.57,1,40000,84,0
1912,Port Hammond,BC,S,F,0,18.57,2,60000,78,0
4570,Sedro Woolley,WA,M,F,5,18.55,1,120000,41,0
4180,Newport Beach,CA,S,F,0,18.53,3,20000,65,0
7333,Torrance,CA,S,F,0,18.53,1,20000,53,0
4142,Los Angeles,CA,S,M,0,18.520000000000003,1,80000,79,1
6826,Long Beach,CA,S,F,0,18.51,1,80000,70,0
8784,Lincoln Acres,CA,S,F,0,18.5,2,40000,67,0
8699,Burbank,CA,M,F,2,18.5,1,20000,64,0
4526,El Cajon,CA,S,F,0,18.5,1,40000,32,0
7192,Bellingham,WA,S,M,0,18.47,1,20000,20,1
7487,Torrance,CA,S,F,0,18.46,1,20000,35,0
9704,Lincoln Acres,CA,S,F,0,18.450000000000003,1,100000,85,0
2353,Richmond,BC,M,M,0,18.450000000000003,2,60000,22,0
2108,Guadalajara,Jalisco,M,F,1,18.45,4,40000,65,1
10268,Pomona,CA,S,F,0,18.430000000000003,1,40000,53,0
6893,Arcadia,CA,M,F,0,18.42,1,40000,61,0
4331,Grossmont,CA,M,M,3,18.42,1,150000,32,0
3369,Chula Vista,CA,M,M,1,18.41,2,20000,33,0
5431,Long Beach,CA,M,F,2,18.370000000000005,2,60000,59,0
2776,Walla Walla,WA,M,F,1,18.369999999999997,3,100000,58,1
5797,National City,CA,M,F,5,18.359999999999996,1,140000,80,0
8126,Imperial Beach,CA,M,M,4,18.35,1,20000,74,0
447,Altadena,CA,S,M,0,18.35,2,20000,22,0
3004,Downey,CA,S,F,0,18.340000000000003,2,140000,77,0
1092,Westminster,BC,M,M,2,18.33,1,40000,68,0
9056,N. Vancouver,BC,M,M,0,18.32,1,20000,57,0
6591,La Jolla,CA,M,F,4,18.32,2,40000,51,0
4600,Anacortes,WA,S,F,0,18.32,1,20000,78,0
7474,Long Beach,CA,S,M,0,18.3,1,40000,79,0
7336,Sedro Woolley,WA,S,M,0,18.290000000000003,2,60000,51,0
7466,Richmond,BC,M,M,0,18.26,1,40000,27,0
7881,La Jolla,CA,M,M,3,18.25,1,20000,41,0
5928,Oakland,CA,M,F,3,18.24,1,40000,34,0
5505,Kirkland,WA,M,F,3,18.23,1,40000,34,0
2189,Glendale,CA,S,M,0,18.21,1,80000,48,0
988,Lynnwood,WA,M,F,1,18.21,2,80000,78,0
5186,Victoria,BC,S,F,0,18.200000000000003,1,80000,72,1
4270,Beverly Hills,CA,M,F,0,18.200000000000003,1,80000,58,1
9259,Palo Alto,CA,M,M,1,18.19,1,40000,61,0
7781,Ballard,WA,S,M,0,18.18,1,60000,34,0
7798,Bellingham,WA,M,F,5,18.17,2,100000,79,1
5547,West Covina,CA,S,M,0,18.17,1,20000,28,0
3739,Anacortes,WA,S,F,0,18.16,1,40000,66,0
410,Sooke,BC,S,M,0,18.15,1,60000,48,0
1068,Haney,BC,M,M,0,18.13,1,40000,71,0
9133,El Cajon,CA,S,M,0,18.129999999999995,2,40000,68,0
9407,Cliffside,BC,S,F,0,18.12,1,40000,70,0
2472,Lakewood,CA,M,M,1,18.119999999999997,1,20000,88,0
10083,West Covina,CA,S,F,0,18.110000000000003,2,60000,56,0
5285,Long Beach,CA,M,F,0,18.11,2,20000,43,0
6200,N. Vancouver,BC,S,M,0,18.09,1,80000,80,0
6448,Anacortes,WA,M,M,1,18.08,2,60000,41,0
5062,Lakewood,CA,M,M,4,18.08,1,40000,28,0
2982,Spring Valley,CA,M,M,2,18.06,1,20000,27,0
9657,La Mesa,CA,M,F,2,18.06,2,40000,71,0
811,San Carlos,CA,M,M,3,18.05,1,20000,31,0
2673,W. Linn,OR,M,M,2,18.049999999999997,1,60000,63,0
7229,Everett,WA,M,F,0,18.03,1,80000,55,0
5755,Guadalajara,Jalisco,S,M,0,18.03,2,20000,69,1
9732,Sooke,BC,M,M,4,18.01,1,80000,44,0
4669,La Mesa,CA,M,F,1,18.01,2,20000,34,0
9232,Royal Oak,BC,S,M,0,18.009999999999998,1,80000,19,0
7957,Royal Oak,BC,M,F,3,18.009999999999998,1,80000,65,0
4440,Altadena,CA,S,F,0,18.009999999999998,1,60000,31,0
1502,Port Hammond,BC,S,F,0,18.009999999999998,3,80000,40,0
8908,Sedro Woolley,WA,S,F,0,18,3,40000,43,0
6218,Milwaukie,OR,M,F,0,17.99,1,100000,62,0
10123,Oak Bay,BC,S,F,0,17.98,1,40000,32,0
3211,Anacortes,WA,S,F,0,17.98,1,40000,41,0
4882,Guadalajara,Jalisco,S,F,0,17.97,2,20000,42,1
3913,Vancouver,BC,M,F,1,17.97,1,20000,51,1
1045,Lynnwood,WA,S,F,0,17.96,1,60000,69,0
8803,Daly City,CA,M,F,2,17.950000000000003,1,140000,21,0
9846,National City,CA,M,F,1,17.95,1,60000,40,0
8861,Langford,BC,M,M,0,17.95,1,80000,58,0
7774,Everett,WA,M,M,0,17.939999999999998,1,40000,87,0
5445,Metchosin,BC,M,M,0,17.939999999999998,1,60000,84,0
9069,Beverly Hills,CA,S,M,0,17.92,3,100000,63,1
2536,Imperial Beach,CA,S,F,0,17.91,2,20000,32,0
3374,Haney,BC,S,F,0,17.900000000000002,1,60000,66,0
9279,West Covina,CA,S,F,0,17.9,2,60000,23,0
3645,Anacortes,WA,S,M,0,17.89,2,40000,23,0
3143,Woodland Hills,CA,S,F,0,17.869999999999997,1,150000,66,0
8273,Sooke,BC,M,F,2,17.86,1,20000,27,0
4169,Bellflower,CA,M,M,0,17.85,1,20000,42,0
2382,Ballard,WA,S,F,0,17.849999999999994,2,40000,24,0
5450,Chula Vista,CA,M,F,1,17.84,2,60000,83,0
605,Burbank,CA,M,F,3,17.83,1,150000,69,0
5378,Oak Bay,BC,S,M,0,17.78,1,40000,44,0
2040,Fremont,CA,M,M,1,17.78,2,20000,19,0
4919,Issaquah,WA,M,F,1,17.759999999999998,1,40000,63,0
8418,Walla Walla,WA,S,F,0,17.75,1,40000,63,1
3607,Lakewood,CA,M,F,0,17.729999999999997,1,80000,47,0
2477,Concord,CA,M,F,1,17.69,1,150000,25,0
363,San Gabriel,CA,M,F,2,17.69,1,140000,44,0
909,Glendale,CA,S,F,0,17.68,2,60000,21,0
8314,Everett,WA,S,M,0,17.670000000000005,1,60000,83,0
4365,Lynnwood,WA,S,F,0,17.66,1,40000,40,0
1082,Lynnwood,WA,M,F,3,17.66,2,40000,80,0
9486,Pomona,CA,S,F,0,17.64,1,40000,48,0
4452,Lincoln Acres,CA,S,M,0,17.64,1,60000,33,0
6786,Shawnee,BC,M,F,1,17.62,1,40000,74,0
2976,Newport Beach,CA,M,M,4,17.62,2,40000,48,0
5407,Lincoln Acres,CA,M,M,4,17.619999999999997,1,60000,21,0
5604,Lynnwood,WA,M,M,1,17.610000000000003,2,80000,67,0
2399,Burbank,CA,M,M,2,17.61,1,20000,70,0
9177,Renton,WA,S,F,0,17.6,1,40000,74,0
8328,N. Vancouver,BC,M,F,0,17.560000000000002,1,40000,27,0
6466,Santa Monica,CA,M,F,3,17.55,2,20000,62,0
10060,Berkeley,CA,S,F,0,17.549999999999997,1,140000,30,0
9949,National City,CA,S,M,0,17.54,1,80000,31,0
7640,San Jose,CA,M,M,1,17.54,1,20000,20,0
2135,Walla Walla,WA,M,F,3,17.52,2,120000,24,1
9694,Long Beach,CA,S,M,0,17.509999999999998,2,140000,40,0
6830,Walla Walla,WA,S,M,0,17.509999999999994,2,40000,79,1
3091,Royal Oak,BC,S,F,0,17.47,1,20000,20,0
6791,Sooke,BC,S,M,0,17.46,1,60000,39,0
2949,Metchosin,BC,S,F,0,17.459999999999997,1,40000,85,0
9845,Guadalajara,Jalisco,S,M,0,17.44,4,60000,44,1
302,Marysville,WA,S,F,0,17.430000000000003,2,40000,77,0
7249,Port Hammond,BC,M,F,0,17.43,2,60000,57,0
4380,Ladner,BC,S,F,0,17.419999999999998,1,120000,50,0
9716,Ballard,WA,M,M,0,17.41,1,20000,87,0
6633,Lincoln Acres,CA,S,M,0,17.400000000000002,1,20000,72,0
7528,Sooke,BC,M,F,0,17.4,1,140000,72,0
4788,Santa Cruz,CA,M,F,4,17.369999999999997,1,40000,79,0
7871,Bellflower,CA,M,F,1,17.35,2,20000,28,0
828,Redmond,WA,M,F,0,17.35,1,60000,45,0
9057,Chula Vista,CA,M,M,0,17.32,2,140000,45,0
6310,Guadalajara,Jalisco,M,F,3,17.310000000000002,2,40000,61,1
7613,San Carlos,CA,M,M,4,17.31,2,40000,54,0
4621,Imperial Beach,CA,S,M,0,17.31,1,20000,47,0
7762,Burbank,CA,S,F,0,17.29,1,140000,18,0
6070,Burien,WA,S,M,0,17.270000000000003,1,40000,60,0
375,Newton,BC,S,F,0,17.25,2,40000,77,0
9521,Torrance,CA,S,F,0,17.23,1,20000,83,0
6991,Port Hammond,BC,S,F,0,17.23,1,20000,42,0
7880,Santa Monica,CA,S,F,0,17.21,2,60000,79,0
8956,Metchosin,BC,S,F,0,17.2,1,20000,57,0
6481,West Covina,CA,M,F,0,17.2,1,40000,76,0
8609,West Covina,CA,M,M,1,17.18,1,20000,57,0
3510,Spring Valley,CA,S,M,0,17.150000000000002,1,40000,56,0
10155,Palo Alto,CA,M,F,0,17.15,1,40000,32,0
3111,Lemon Grove,CA,M,M,1,17.15,1,60000,48,0
2728,Richmond,BC,M,F,2,17.15,2,150000,58,0
7228,Burnaby,BC,M,M,0,17.13,1,40000,76,0
842,Everett,WA,S,F,0,17.13,1,20000,46,0
8626,Guadalajara,Jalisco,S,F,0,17.12,2,20000,73,1
5453,Walla Walla,WA,S,M,0,17.12,2,40000,69,1
3959,Altadena,CA,M,M,1,17.12,1,40000,40,0
1686,Edmonds,WA,M,M,0,17.11,1,150000,32,0
9156,Pomona,CA,S,M,0,17.09,2,150000,44,0
365,Burlingame,CA,S,F,0,17.08,2,60000,35,0
4544,West Covina,CA,M,F,3,17.07,2,80000,45,0
4156,Pomona,CA,M,F,2,17.06,1,40000,77,0
9017,Renton,WA,M,F,2,17.04,1,20000,70,0
2401,Vancouver,BC,S,M,0,17.020000000000003,1,40000,56,1
5888,Newton,BC,M,M,1,17.02,2,20000,29,0
5859,Glendale,CA,M,M,1,17.02,2,20000,74,0
692,Beaverton,OR,S,F,0,17,2,40000,52,0
8060,Walla Walla,WA,S,M,0,16.990000000000002,2,60000,73,1
5569,Guadalajara,Jalisco,S,F,0,16.97,1,80000,86,1
4491,Grossmont,CA,M,M,1,16.96,1,20000,34,0
147,Sooke,BC,S,M,0,16.94,1,120000,81,0
2255,Coronado,CA,S,M,0,16.93,1,60000,31,0
1061,Port Hammond,BC,M,F,0,16.91,1,20000,28,0
2520,Beaverton,OR,S,M,0,16.909999999999997,1,40000,61,0
4209,Sedro Woolley,WA,S,M,0,16.889999999999997,1,60000,27,0
9653,Oak Bay,BC,S,M,0,16.880000000000003,2,60000,18,0
3336,Burien,WA,S,F,0,16.88,1,40000,60,0
9264,Spring Valley,CA,M,F,2,16.860000000000003,2,100000,28,0
9579,El Cajon,CA,M,M,3,16.86,2,20000,68,0
6926,Sedro Woolley,WA,S,F,0,16.86,2,80000,73,0
5033,Vancouver,BC,S,M,0,16.86,2,80000,85,1
626,Guadalajara,Jalisco,S,F,0,16.849999999999998,2,40000,24,1
6731,Los Angeles,CA,M,F,3,16.84,1,80000,54,1
8436,Redmond,WA,S,M,0,16.82,2,60000,26,0
5693,Oak Bay,BC,S,M,0,16.82,1,40000,87,0
5233,Los Angeles,CA,M,F,0,16.81,1,80000,32,1
7253,Lemon Grove,CA,M,F,3,16.8,1,120000,66,0
1112,Lincoln Acres,CA,M,M,1,16.790000000000003,1,80000,65,0
259,Cliffside,BC,M,M,2,16.78,1,20000,21,0
193,Los Angeles,CA,S,M,0,16.770000000000003,1,40000,56,1
8628,Pomona,CA,M,F,2,16.77,2,80000,85,0
4411,Bellingham,WA,S,M,0,16.77,1,100000,21,1
10130,N. Vancouver,BC,S,M,0,16.76,1,20000,43,0
4249,Lake Oswego,OR,M,F,3,16.749999999999996,2,20000,82,0
1031,Pomona,CA,M,F,1,16.740000000000002,2,60000,43,0
6759,Walla Walla,WA,S,M,0,16.71,3,140000,35,1
7318,Arcadia,CA,M,M,1,16.700000000000003,1,60000,30,0
1859,West Covina,CA,S,M,0,16.7,1,60000,42,0
5380,Long Beach,CA,S,M,0,16.689999999999998,1,100000,62,0
936,San Diego,CA,M,F,2,16.659999999999997,1,140000,70,1
5840,N. Vancouver,BC,M,F,1,16.65,1,40000,74,0
4979,Bellingham,WA,M,M,0,16.62,2,20000,78,1
8818,Seattle,WA,S,M,0,16.619999999999997,3,40000,68,1
7143,Guadalajara,Jalisco,S,M,0,16.610000000000003,3,120000,58,1
9544,Daly City,CA,M,F,1,16.61,1,120000,35,0
6756,Guadalajara,Jalisco,M,F,1,16.61,2,40000,25,1
6568,Burlingame,CA,S,M,0,16.560000000000002,1,60000,30,0
5906,Kirkland,WA,M,M,3,16.54,1,60000,55,0
4286,Royal Oak,BC,S,F,0,16.529999999999998,2,40000,75,0
4097,Royal Oak,BC,S,F,0,16.52,1,100000,25,0
2161,Shawnee,BC,S,F,0,16.52,2,40000,33,0
89,Woodland Hills,CA,S,F,0,16.5,1,80000,24,0
8751,Newton,BC,M,F,3,16.490000000000002,1,20000,72,0
44,Bellflower,CA,S,M,0,16.47,1,40000,81,0
6414,La Mesa,CA,M,M,1,16.46,1,40000,71,0
3720,Torrance,CA,S,F,0,16.46,1,150000,83,0
7048,National City,CA,M,F,0,16.45,1,40000,19,0
3908,Santa Monica,CA,S,M,0,16.45,1,80000,46,0
3845,Lemon Grove,CA,S,F,0,16.44,2,150000,20,0
7954,Langley,BC,S,M,0,16.439999999999998,1,40000,51,0
9163,Redmond,WA,M,F,3,16.43,1,60000,47,0
495,Lynnwood,WA,M,M,0,16.43,1,60000,36,0
6084,Milwaukie,OR,M,F,0,16.4,1,40000,56,0
3159,National City,CA,S,F,0,16.36,2,140000,73,0
2667,Glendale,CA,M,F,1,16.36,1,60000,74,0
3687,Lincoln Acres,CA,M,M,1,16.35,1,20000,66,0
7918,Port Hammond,BC,S,F,0,16.34,1,80000,30,0
5314,Lemon Grove,CA,S,M,0,16.32,1,40000,58,0
4640,Altadena,CA,M,M,1,16.32,1,60000,88,0
4144,Royal Oak,BC,S,F,0,16.32,1,20000,81,0
8246,La Jolla,CA,S,F,0,16.31,1,40000,46,0
9121,Westminster,BC,S,M,0,16.259999999999998,1,60000,49,0
9640,Burbank,CA,M,F,1,16.24,2,140000,85,0
7697,Guadalajara,Jalisco,S,M,0,16.23,1,60000,30,1
161,Grossmont,CA,M,F,0,16.23,2,40000,65,0
3169,Burbank,CA,S,M,0,16.220000000000002,1,150000,18,0
4741,Sooke,BC,S,M,0,16.22,1,150000,75,0
3180,Grossmont,CA,M,F,0,16.22,1,20000,39,0
7431,Vancouver,BC,S,F,0,16.19,2,60000,86,1
3166,Lemon Grove,CA,S,M,0,16.17,1,40000,21,0
251,La Mesa,CA,S,F,0,16.169999999999998,1,40000,23,0
6225,San Jose,CA,S,F,0,16.14,3,140000,37,0
5042,La Jolla,CA,S,M,0,16.14,1,60000,73,0
6036,Ladner,BC,M,F,1,16.1,2,40000,74,0
2600,Ballard,WA,M,F,4,16.1,2,40000,48,0
18,Altadena,CA,M,M,2,16.099999999999998,1,40000,84,0
8177,Sedro Woolley,WA,M,M,0,16.09,1,60000,64,0
6516,Burien,WA,S,M,0,16.09,2,40000,23,0
3038,Bellingham,WA,S,M,0,16.07,1,20000,47,1
4451,Long Beach,CA,M,M,0,16.049999999999997,1,100000,18,0
9098,Lake Oswego,OR,M,F,3,16.04,1,60000,74,0
1392,Lakewood,CA,M,M,2,16.029999999999998,2,20000,57,0
9453,Renton,WA,M,F,4,16.020000000000003,1,60000,36,0
6121,Kirkland,WA,M,M,0,16.020000000000003,2,40000,56,0
10188,Sedro Woolley,WA,M,F,4,16.02,2,60000,34,0
8509,La Jolla,CA,S,M,0,16.02,1,40000,19,0
6435,Santa Monica,CA,M,F,1,16.009999999999998,1,40000,52,0
3057,Arcadia,CA,S,M,0,15.97,1,40000,53,0
6244,Palo Alto,CA,S,M,0,15.95,1,60000,83,0
7551,Woodland Hills,CA,S,M,0,15.939999999999998,1,80000,83,0
6985,W. Linn,OR,M,M,1,15.939999999999998,2,40000,71,0
3769,Oakland,CA,S,F,0,15.939999999999998,1,80000,45,0
47,Oak Bay,BC,M,M,0,15.929999999999998,2,60000,47,0
7605,West Covina,CA,M,M,4,15.920000000000002,1,20000,50,0
3131,Seattle,WA,S,F,0,15.920000000000002,1,20000,22,1
2225,Seattle,WA,M,F,1,15.91,3,80000,46,1
1373,Long Beach,CA,S,M,0,15.909999999999998,1,20000,24,0
3410,La Mesa,CA,S,F,0,15.900000000000002,1,140000,35,0
4662,Daly City,CA,S,M,0,15.9,1,140000,26,0
4017,Everett,WA,M,F,2,15.9,1,150000,42,0
4834,San Diego,CA,S,M,0,15.89,3,60000,19,1
9582,Marysville,WA,M,M,2,15.88,2,20000,32,0
3037,La Jolla,CA,M,M,4,15.88,2,40000,67,0
1433,Altadena,CA,M,M,1,15.88,1,40000,73,0
8135,Issaquah,WA,M,F,0,15.87,1,40000,75,0
4446,Issaquah,WA,M,F,3,15.86,1,40000,43,0
106,Long Beach,CA,S,M,0,15.85,2,60000,19,0
3526,Ladner,BC,M,M,0,15.829999999999998,2,40000,77,0
4266,Victoria,BC,S,F,0,15.82,1,40000,48,1
9758,Marysville,WA,M,F,2,15.81,1,40000,48,0
9508,Metchosin,BC,M,M,0,15.8,1,140000,73,0
6094,Sooke,BC,M,M,0,15.79,1,40000,86,0
7971,Chula Vista,CA,M,M,1,15.78,3,40000,28,0
8031,Everett,WA,M,M,2,15.77,1,40000,75,0
2745,Issaquah,WA,S,M,0,15.75,1,40000,52,0
5520,Burnaby,BC,S,F,0,15.740000000000002,1,120000,54,0
7753,Lakewood,CA,M,M,5,15.74,1,20000,78,0
558,Portland,OR,S,F,0,15.720000000000002,1,80000,48,1
2394,Port Hammond,BC,S,F,0,15.72,2,40000,31,0
2891,Langford,BC,S,F,0,15.72,2,20000,32,0
3093,Lemon Grove,CA,S,F,0,15.710000000000004,1,80000,68,0
366,National City,CA,S,M,0,15.71,1,140000,22,0
8833,Torrance,CA,M,M,1,15.68,1,80000,50,0
7310,Lake Oswego,OR,M,M,5,15.670000000000002,1,40000,70,0
9172,National City,CA,M,F,1,15.66,1,20000,31,0
2841,Haney,BC,S,M,0,15.630000000000004,1,80000,77,0
9312,San Jose,CA,S,M,0,15.63,1,80000,59,0
7867,National City,CA,S,F,0,15.62,1,40000,67,0
2522,Cliffside,BC,S,M,0,15.61,1,120000,68,0
186,Imperial Beach,CA,M,F,2,15.61,3,120000,67,0
6642,San Diego,CA,M,M,1,15.6,2,120000,73,1
9783,Langford,BC,M,M,3,15.57,1,40000,21,0
219,Bellflower,CA,M,M,2,15.57,1,40000,21,0
9568,Downey,CA,M,F,0,15.560000000000002,1,80000,77,0
3524,Albany,OR,S,M,0,15.560000000000002,2,40000,22,0
9679,Lakewood,CA,S,F,0,15.56,1,40000,26,0
5892,Everett,WA,S,F,0,15.540000000000004,1,60000,23,0
8950,Sooke,BC,M,F,1,15.54,1,40000,35,0
372,Bellingham,WA,M,M,1,15.54,1,20000,31,1
2647,Long Beach,CA,S,M,0,15.51,2,60000,58,0
5522,San Diego,CA,M,F,2,15.48,1,40000,35,1
4749,Oak Bay,BC,S,F,0,15.47,1,60000,73,0
8525,Sooke,BC,S,M,0,15.46,1,150000,56,0
5778,Torrance,CA,S,F,0,15.46,1,40000,83,0
5193,Fremont,CA,S,M,0,15.44,2,40000,43,0
5362,National City,CA,S,F,0,15.42,1,40000,81,0
7257,Redmond,WA,S,M,0,15.41,1,20000,48,0
1944,Imperial Beach,CA,M,M,0,15.41,1,40000,20,0
3597,Bellflower,CA,M,F,3,15.4,1,60000,73,0
7258,Downey,CA,S,M,0,15.39,2,20000,45,0
1258,Bellingham,WA,M,F,2,15.380000000000004,2,140000,52,1
3427,Coronado,CA,M,F,2,15.38,1,150000,78,0
2410,Royal Oak,BC,S,F,0,15.38,1,20000,66,0
2025,Vancouver,BC,M,F,1,15.37,1,20000,63,1
2883,Shawnee,BC,M,F,0,15.36,1,40000,71,0
2303,La Jolla,CA,M,M,1,15.36,2,60000,43,0
5046,Redwood City,CA,S,F,0,15.359999999999998,1,60000,77,0
9458,Anacortes,WA,S,F,0,15.35,1,80000,26,0
4975,Colma,CA,M,F,1,15.35,1,40000,43,0
6143,Bellingham,WA,S,F,0,15.34,2,40000,82,1
4439,Everett,WA,M,F,3,15.34,1,60000,54,0
6478,Redmond,WA,S,M,0,15.330000000000002,1,20000,41,0
1655,Marysville,WA,S,M,0,15.33,2,40000,82,0
7369,Altadena,CA,M,M,5,15.31,1,60000,86,0
3387,Oregon City,OR,M,F,1,15.3,1,40000,39,0
1974,Walla Walla,WA,M,F,1,15.29,2,20000,77,1
8987,Grossmont,CA,S,M,0,15.259999999999998,2,60000,71,0
839,Long Beach,CA,S,F,0,15.200000000000005,1,20000,47,0
387,Walla Walla,WA,M,M,0,15.2,4,40000,68,1
5748,Woodland Hills,CA,M,M,3,15.18,1,60000,28,0
5182,Burien,WA,S,F,0,15.18,1,40000,42,0
482,Imperial Beach,CA,S,M,0,15.179999999999998,2,40000,68,0
7949,Burien,WA,S,F,0,15.17,1,60000,68,0
1934,Sedro Woolley,WA,M,F,1,15.16,2,120000,66,0
6058,Metchosin,BC,S,M,0,15.15,1,20000,21,0
1907,Novato,CA,M,M,1,15.130000000000004,1,20000,66,0
8167,San Carlos,CA,M,F,0,15.12,2,80000,73,0
5556,Arcadia,CA,S,M,0,15.12,1,60000,46,0
2626,Oregon City,OR,M,M,2,15.119999999999996,2,40000,72,0
7751,Metchosin,BC,M,F,2,15.11,2,40000,20,0
5288,Albany,OR,M,F,4,15.11,1,40000,42,0
1831,Chula Vista,CA,M,M,2,15.11,1,60000,74,0
9975,San Diego,CA,M,F,4,15.090000000000002,1,40000,81,1
5845,La Jolla,CA,S,F,0,15.080000000000002,1,40000,63,0
5510,Mill Valley,CA,S,M,0,15.07,1,60000,76,0
784,Cliffside,BC,S,F,0,15.059999999999995,1,20000,45,0
3884,Sedro Woolley,WA,M,M,0,15.05,1,140000,68,0
5993,Torrance,CA,S,F,0,15.02,1,60000,60,0
7260,San Diego,CA,S,M,0,15,1,40000,20,1
8468,Fremont,CA,M,F,3,14.990000000000002,1,20000,40,0
10248,Kirkland,WA,M,F,0,14.96,1,80000,32,0
2307,Anacortes,WA,S,M,0,14.96,1,20000,43,0
9164,Issaquah,WA,S,F,0,14.95,1,20000,58,0
7823,Torrance,CA,M,F,1,14.94,1,20000,51,0
3376,Marysville,WA,S,M,0,14.939999999999998,1,20000,74,0
6234,Shawnee,BC,S,F,0,14.93,1,40000,25,0
7313,Santa Cruz,CA,M,M,1,14.919999999999998,2,60000,23,0
2162,Shawnee,BC,M,M,0,14.91,1,40000,46,0
8158,W. Linn,OR,S,M,0,14.89,1,20000,64,0
4272,Berkeley,CA,M,M,1,14.89,1,150000,48,0
8426,Colma,CA,M,M,4,14.85,1,20000,32,0
6133,Oregon City,OR,M,F,0,14.85,1,60000,64,0
5094,Santa Cruz,CA,S,M,0,14.840000000000002,1,140000,42,0
426,Edmonds,WA,M,M,3,14.829999999999998,2,80000,55,0
2729,Burien,WA,M,F,4,14.82,2,60000,43,0
6941,Lynnwood,WA,S,M,0,14.78,2,20000,45,0
1503,Sedro Woolley,WA,S,F,0,14.78,2,40000,82,0
6702,Los Angeles,CA,M,F,0,14.78,2,80000,84,1
714,Walla Walla,WA,S,M,0,14.76,1,60000,50,1
8967,N. Vancouver,BC,S,M,0,14.75,2,40000,83,0
6427,Berkeley,CA,M,F,5,14.740000000000002,2,80000,32,0
7586,Sedro Woolley,WA,M,M,4,14.72,2,60000,21,0
8190,Santa Monica,CA,M,F,2,14.71,1,40000,62,0
1684,Ballard,WA,M,M,3,14.71,2,60000,40,0
67,Westminster,BC,M,M,1,14.7,2,40000,70,0
6946,San Gabriel,CA,S,M,0,14.7,1,120000,78,0
2259,Edmonds,WA,M,M,3,14.7,2,40000,38,0
8225,Metchosin,BC,M,F,0,14.699999999999998,1,20000,40,0
4194,Lemon Grove,CA,S,M,0,14.69,1,20000,70,0
6274,San Diego,CA,S,M,0,14.68,1,40000,59,1
2572,Altadena,CA,S,M,0,14.670000000000002,1,40000,69,0
5960,Pomona,CA,S,M,0,14.67,1,60000,37,0
7038,La Jolla,CA,S,M,0,14.659999999999998,1,20000,55,0
3072,Mill Valley,CA,M,M,1,14.650000000000002,1,40000,44,0
5107,Glendale,CA,M,M,0,14.65,2,20000,37,0
8665,Edmonds,WA,S,M,0,14.65,2,60000,55,0
5918,Woodland Hills,CA,M,F,0,14.64,1,20000,30,0
3300,San Diego,CA,S,F,0,14.64,1,60000,39,1
3856,Mexico City,Mexico,M,F,1,14.63,1,60000,40,1
342,La Mesa,CA,M,F,3,14.62,1,40000,28,0
654,Chula Vista,CA,M,F,2,14.61,2,140000,87,0
8849,Oregon City,OR,S,M,0,14.590000000000002,2,40000,44,0
10020,Lake Oswego,OR,M,F,2,14.59,1,40000,52,0
3896,San Jose,CA,S,F,0,14.59,1,40000,37,0
610,Daly City,CA,M,F,2,14.54,1,20000,87,0
5477,Ballard,WA,M,F,1,14.54,1,60000,58,0
4055,Oak Bay,BC,M,M,0,14.52,1,40000,47,0
3292,Altadena,CA,S,F,0,14.52,1,40000,25,0
1138,Newport Beach,CA,M,M,2,14.52,1,40000,35,0
7188,Chula Vista,CA,S,M,0,14.510000000000002,1,100000,76,0
5103,Coronado,CA,S,M,0,14.510000000000002,1,40000,44,0
2804,Royal Oak,BC,M,F,2,14.510000000000002,1,40000,81,0
1106,Renton,WA,S,F,0,14.510000000000002,1,60000,27,0
5138,Lincoln Acres,CA,S,M,0,14.5,1,140000,57,0
9939,Guadalajara,Jalisco,M,M,2,14.489999999999998,1,80000,56,1
9120,Shawnee,BC,M,F,3,14.46,1,40000,31,0
9239,Long Beach,CA,M,M,0,14.44,1,100000,30,0
2577,Concord,CA,S,F,0,14.43,1,40000,52,0
8038,San Diego,CA,M,F,1,14.4,1,60000,22,1
5741,Imperial Beach,CA,M,F,3,14.4,1,60000,78,0
855,Royal Oak,BC,S,M,0,14.4,1,40000,62,0
1237,Newport Beach,CA,M,M,0,14.37,1,20000,86,0
6519,Bellingham,WA,S,F,0,14.37,2,40000,25,1
1911,Portland,OR,S,M,0,14.36,2,60000,25,1
1346,Edmonds,WA,S,F,0,14.36,1,80000,73,0
8949,Ladner,BC,M,F,2,14.35,1,40000,32,0
5161,Santa Monica,CA,S,M,0,14.34,1,40000,51,0
4076,Anacortes,WA,M,M,0,14.34,1,20000,70,0
7175,Lakewood,CA,S,M,0,14.29,1,150000,54,0
230,Bellingham,WA,M,M,0,14.29,1,20000,55,1
890,La Jolla,CA,S,M,0,14.28,1,80000,43,0
9987,Sedro Woolley,WA,M,F,2,14.28,1,40000,39,0
2105,El Cajon,CA,S,M,0,14.270000000000003,1,80000,23,0
9036,Victoria,BC,S,M,0,14.27,1,20000,62,1
7330,Altadena,CA,S,F,0,14.27,1,20000,47,0
907,Woodland Hills,CA,M,F,3,14.27,1,100000,80,0
2975,National City,CA,M,F,1,14.259999999999998,1,80000,22,0
9386,Lakewood,CA,M,F,3,14.25,2,60000,60,0
6247,Grossmont,CA,S,M,0,14.240000000000002,2,80000,24,0
4449,Woodland Hills,CA,S,F,0,14.23,1,40000,39,0
9236,Lebanon,OR,S,M,0,14.220000000000002,1,80000,63,0
5720,Anacortes,WA,S,M,0,14.220000000000002,1,40000,88,0
9690,Renton,WA,S,M,0,14.2,1,20000,30,0
10034,Lynnwood,WA,M,F,1,14.19,1,20000,66,0
2870,Woodland Hills,CA,S,M,0,14.18,1,20000,33,0
6815,Newport Beach,CA,M,F,1,14.17,2,20000,66,0
7662,San Diego,CA,M,M,3,14.16,2,60000,63,1
5696,Marysville,WA,S,F,0,14.159999999999997,1,80000,69,0
2236,Redmond,WA,M,M,0,14.15,2,40000,45,0
2897,Issaquah,WA,M,F,0,14.11,1,80000,25,0
4036,La Mesa,CA,M,M,1,14.090000000000002,2,40000,58,0
4475,Victoria,BC,S,F,0,14.07,2,20000,45,1
7634,Metchosin,BC,S,M,0,14.069999999999997,1,80000,40,0
5816,Royal Oak,BC,M,M,0,14.06,1,40000,39,0
8863,Santa Monica,CA,M,F,1,14.05,1,80000,79,0
390,Fremont,CA,S,M,0,14.049999999999995,1,40000,25,0
6434,Fremont,CA,M,F,5,14.02,1,60000,60,0
9721,Seattle,WA,S,F,0,14.01,1,20000,53,1
4222,Altadena,CA,M,F,0,14.01,1,120000,85,0
6556,Guadalajara,Jalisco,S,F,0,13.98,2,20000,34,1
4079,Downey,CA,S,M,0,13.98,2,20000,26,0
2274,Novato,CA,S,F,0,13.97,1,60000,48,0
1699,Seattle,WA,S,M,0,13.96,1,40000,49,1
8841,Corvallis,OR,M,M,1,13.95,1,20000,38,0
7900,Pomona,CA,M,F,1,13.94,1,40000,37,0
3517,Berkeley,CA,S,M,0,13.93,1,60000,46,0
2948,Concord,CA,S,M,0,13.93,1,40000,63,0
3132,Ballard,WA,S,F,0,13.920000000000002,1,80000,52,0
2954,Guadalajara,Jalisco,S,F,0,13.920000000000002,2,100000,80,1
10221,Edmonds,WA,M,F,1,13.909999999999998,1,140000,47,0
7950,San Jose,CA,S,F,0,13.9,1,40000,80,0
4622,Walla Walla,WA,S,M,0,13.89,1,20000,58,1
3041,La Mesa,CA,S,M,0,13.89,1,40000,50,0
1613,Downey,CA,M,M,0,13.88,1,120000,20,0
2971,Novato,CA,M,F,3,13.88,1,40000,78,0
10043,Walla Walla,WA,M,F,1,13.87,3,40000,22,1
6160,Pomona,CA,S,F,0,13.86,2,20000,71,0
4915,Lemon Grove,CA,S,M,0,13.859999999999998,1,40000,70,0
3400,Sedro Woolley,WA,M,F,0,13.85,2,40000,39,0
6606,Lemon Grove,CA,S,M,0,13.85,1,40000,33,0
3417,Mill Valley,CA,S,M,0,13.84,1,80000,38,0
1801,Altadena,CA,M,F,1,13.830000000000002,1,100000,38,0
4535,Burien,WA,S,M,0,13.83,2,60000,58,0
5015,Anacortes,WA,M,F,0,13.82,1,40000,26,0
1727,Coronado,CA,S,F,0,13.81,1,60000,70,0
5713,Anacortes,WA,S,M,0,13.8,1,80000,43,0
3223,Renton,WA,M,M,0,13.79,1,20000,39,0
3165,Lynnwood,WA,M,F,2,13.79,1,20000,42,0
5109,Burien,WA,S,M,0,13.78,1,60000,85,0
8423,Chula Vista,CA,M,F,0,13.740000000000002,1,100000,79,0
2196,National City,CA,M,F,1,13.71,1,40000,86,0
2182,Pomona,CA,S,M,0,13.709999999999996,2,80000,84,0
603,La Jolla,CA,M,M,0,13.700000000000005,1,40000,84,0
2997,Issaquah,WA,M,M,4,13.69,1,20000,26,0
3812,Shawnee,BC,S,M,0,13.68,1,80000,33,0
2732,Bellingham,WA,S,F,0,13.68,2,20000,46,1
2281,Bellflower,CA,M,F,4,13.68,2,20000,73,0
5449,Marysville,WA,S,F,0,13.669999999999998,1,40000,54,0
7669,Oregon City,OR,M,F,2,13.64,2,60000,42,0
5411,Oak Bay,BC,M,M,2,13.62,1,120000,26,0
8045,Newton,BC,S,F,0,13.59,1,40000,49,0
3793,Cliffside,BC,M,M,1,13.59,1,20000,39,0
2164,San Jose,CA,S,F,0,13.56,1,40000,58,0
7657,Lake Oswego,OR,S,M,0,13.56,1,60000,34,0
2601,Los Angeles,CA,M,F,2,13.53,1,20000,32,1
1010,Grossmont,CA,S,M,0,13.47,1,80000,36,0
7665,Woodland Hills,CA,M,M,0,13.46,1,40000,34,0
213,Woodland Hills,CA,S,F,0,13.46,1,40000,83,0
5383,Spring Valley,CA,M,F,2,13.44,1,60000,67,0
3216,Glendale,CA,S,F,0,13.43,1,20000,71,0
8432,Beverly Hills,CA,M,F,3,13.41,1,80000,32,1
1198,Glendale,CA,M,M,2,13.39,1,60000,34,0
6612,Langley,BC,M,F,0,13.38,1,20000,29,0
7728,Sooke,BC,M,M,1,13.38,1,20000,81,0
1617,Milwaukie,OR,M,M,1,13.38,2,140000,79,0
8623,Lincoln Acres,CA,S,M,0,13.37,1,40000,20,0
6823,Burlingame,CA,M,M,2,13.36,1,40000,47,0
2944,Burien,WA,M,M,0,13.349999999999998,1,60000,39,0
5937,Victoria,BC,M,M,4,13.32,1,40000,80,1
4634,San Diego,CA,M,M,4,13.31,1,20000,82,1
4891,Edmonds,WA,S,F,0,13.3,1,60000,61,0
6074,Anacortes,WA,M,M,1,13.29,1,40000,26,0
5030,La Jolla,CA,S,F,0,13.27,1,40000,60,0
9580,Redmond,WA,S,F,0,13.260000000000002,1,20000,72,0
7992,San Francisco,CA,M,F,5,13.26,1,40000,25,1
2344,Arcadia,CA,S,M,0,13.26,1,40000,32,0
8317,Long Beach,CA,M,M,0,13.25,2,20000,25,0
9762,Langley,BC,M,M,4,13.249999999999998,1,40000,20,0
5217,Royal Oak,BC,M,F,1,13.239999999999998,1,40000,37,0
6688,Pomona,CA,M,M,1,13.23,2,140000,59,0
5671,Downey,CA,S,F,0,13.23,1,20000,47,0
6674,Sooke,BC,M,F,1,13.22,1,60000,63,0
8128,Daly City,CA,M,M,0,13.22,1,40000,71,0
5074,Edmonds,WA,S,M,0,13.21,1,120000,75,0
5200,Coronado,CA,M,M,3,13.21,1,20000,84,0
2483,Lincoln Acres,CA,S,F,0,13.2,1,100000,39,0
2879,Downey,CA,S,M,0,13.18,1,140000,64,0
1604,Sedro Woolley,WA,M,F,0,13.17,2,60000,66,0
8918,Altadena,CA,S,M,0,13.16,1,20000,56,0
2750,Renton,WA,M,F,0,13.150000000000002,1,20000,52,0
2408,Richmond,CA,M,M,0,13.150000000000002,1,80000,59,0
2358,Langford,BC,M,F,1,13.13,1,80000,38,0
507,Palo Alto,CA,S,M,0,13.13,1,80000,33,0
7390,Burien,WA,M,M,2,13.12,1,140000,76,0
3403,Altadena,CA,M,F,4,13.11,1,150000,36,0
3229,Daly City,CA,S,F,0,13.1,1,40000,48,0
113,Sooke,BC,M,F,1,13.1,1,120000,34,0
8448,San Diego,CA,S,M,0,13.09,1,40000,59,1
6959,Guadalajara,Jalisco,S,F,0,13.09,1,40000,50,1
4901,Issaquah,WA,S,F,0,13.09,2,100000,53,0
8570,Portland,OR,S,M,0,13.079999999999998,2,100000,75,1
6007,Coronado,CA,S,F,0,13.079999999999998,1,20000,79,0
2759,Sedro Woolley,WA,M,M,2,13.07,1,40000,43,0
5397,Anacortes,WA,S,M,0,13.06,2,40000,85,0
9303,Seattle,WA,M,M,0,13.06,1,40000,45,1
1009,Marysville,WA,M,F,0,13.04,1,20000,67,0
1661,Palo Alto,CA,S,M,0,13.01,1,20000,23,0
386,Langford,BC,M,F,3,13,1,60000,64,0
6388,Oregon City,OR,S,F,0,12.99,2,20000,87,0
1105,Langford,BC,S,M,0,12.96,1,40000,20,0
2616,Walla Walla,WA,M,F,0,12.95,2,40000,19,1
10098,Beverly Hills,CA,M,M,0,12.94,2,40000,45,1
7237,Langley,BC,S,M,0,12.94,2,60000,83,0
7995,Anacortes,WA,M,F,0,12.93,3,80000,53,0
1525,Santa Monica,CA,M,F,2,12.92,1,100000,69,0
6475,La Jolla,CA,M,F,1,12.919999999999998,1,40000,25,0
1671,Imperial Beach,CA,S,F,0,12.919999999999998,1,20000,24,0
1623,N. Vancouver,BC,S,M,0,12.89,2,40000,83,0
7772,Seattle,WA,S,M,0,12.89,1,140000,63,1
5549,Sedro Woolley,WA,M,F,3,12.870000000000005,1,40000,44,0
6342,Grossmont,CA,M,F,2,12.87,2,140000,59,0
5043,Ballard,WA,M,M,0,12.87,1,80000,21,0
3022,San Gabriel,CA,M,M,0,12.86,1,20000,74,0
10153,Bellflower,CA,S,M,0,12.83,1,40000,33,0
8933,Lakewood,CA,S,M,0,12.8,1,20000,37,0
1985,Oakland,CA,M,M,2,12.79,1,40000,39,0
6025,Novato,CA,S,F,0,12.78,1,40000,52,0
706,Arcadia,CA,S,M,0,12.78,1,20000,27,0
8630,El Cajon,CA,S,F,0,12.77,1,60000,76,0
10175,Fremont,CA,M,F,1,12.77,1,100000,70,0
5798,Burlingame,CA,M,M,1,12.75,1,40000,38,0
1270,Santa Monica,CA,M,F,0,12.740000000000002,2,20000,51,0
1496,Sooke,BC,M,F,0,12.739999999999998,2,80000,29,0
10028,Sedro Woolley,WA,M,F,0,12.73,1,100000,65,0
2518,Bellingham,WA,S,M,0,12.71,2,60000,27,1
9738,N. Vancouver,BC,M,F,0,12.71,2,40000,49,0
6101,Edmonds,WA,S,F,0,12.71,3,40000,72,0
1435,Berkeley,CA,M,F,3,12.71,1,100000,78,0
10217,Woodland Hills,CA,S,F,0,12.709999999999996,1,60000,21,0
3846,Concord,CA,S,F,0,12.7,2,80000,54,0
2876,San Gabriel,CA,M,F,0,12.69,1,80000,64,0
3228,Chula Vista,CA,S,M,0,12.66,1,60000,74,0
9416,Port Hammond,BC,M,F,1,12.64,1,40000,51,0
1164,Victoria,BC,S,F,0,12.61,1,40000,44,1
6754,Bellflower,CA,M,M,0,12.61,2,100000,76,0
2734,Pomona,CA,S,M,0,12.6,1,140000,84,0
7783,West Covina,CA,M,M,1,12.59,1,60000,87,0
6441,Lincoln Acres,CA,M,F,0,12.560000000000002,1,40000,76,0
5292,Burlingame,CA,M,F,2,12.56,1,40000,29,0
3664,Walla Walla,WA,M,F,5,12.56,1,20000,33,1
5423,Lake Oswego,OR,S,F,0,12.55,1,20000,30,0
10036,Mill Valley,CA,M,M,1,12.55,2,120000,39,0
3275,Coronado,CA,M,M,1,12.55,1,60000,40,0
4793,Shawnee,BC,M,M,2,12.54,1,80000,45,0
3112,Walla Walla,WA,S,F,0,12.5,1,60000,63,1
8409,La Jolla,CA,S,M,0,12.499999999999998,2,40000,27,0
7656,Sedro Woolley,WA,M,M,0,12.48,2,40000,62,0
3606,Berkeley,CA,M,F,4,12.47,1,120000,60,0
6930,Chula Vista,CA,M,M,1,12.45,2,140000,45,0
3349,Woodland Hills,CA,M,M,0,12.44,1,150000,63,0
6848,Oakland,CA,S,M,0,12.44,1,40000,23,0
6505,Seattle,WA,S,M,0,12.43,1,40000,76,1
8109,Cliffside,BC,M,M,0,12.42,1,40000,36,0
3814,West Covina,CA,M,F,0,12.38,1,20000,19,0
5497,Anacortes,WA,S,F,0,12.36,1,60000,23,0
9153,La Jolla,CA,S,M,0,12.35,1,120000,35,0
4041,Lemon Grove,CA,S,M,0,12.35,1,80000,62,0
3540,Grossmont,CA,S,M,0,12.32,1,60000,29,0
2765,San Jose,CA,M,F,2,12.3,1,40000,65,0
9879,El Cajon,CA,M,M,0,12.28,1,60000,29,0
6718,Lakewood,CA,S,M,0,12.26,1,80000,53,0
665,San Gabriel,CA,S,F,0,12.25,1,60000,53,0
8572,Sedro Woolley,WA,S,M,0,12.239999999999998,1,40000,50,0
508,Burlingame,CA,M,F,1,12.22,2,40000,61,0
8319,Coronado,CA,S,F,0,12.2,1,60000,46,0
6796,Palo Alto,CA,S,F,0,12.2,1,60000,36,0
9545,Spring Valley,CA,S,M,0,12.19,1,20000,83,0
5194,Renton,WA,S,F,0,12.19,1,40000,71,0
5867,Beaverton,OR,S,M,0,12.18,1,40000,48,0
263,Guadalajara,Jalisco,M,F,0,12.18,1,20000,52,1
6485,Mill Valley,CA,M,M,1,12.170000000000002,1,80000,84,0
3803,Coronado,CA,S,F,0,12.170000000000002,1,20000,36,0
493,Ballard,WA,M,M,4,12.16,1,60000,71,0
111,Palo Alto,CA,M,F,2,12.15,1,80000,33,0
8757,Glendale,CA,M,F,2,12.15,3,60000,76,0
763,Beverly Hills,CA,M,F,0,12.14,1,100000,79,1
9889,Langford,BC,S,F,0,12.13,1,60000,84,0
8005,N. Vancouver,BC,S,F,0,12.12,1,80000,56,0
2800,Torrance,CA,M,F,4,12.099999999999998,1,40000,87,0
266,Cliffside,BC,S,M,0,12.089999999999996,1,20000,52,0
1179,Newton,BC,S,F,0,12.08,1,20000,67,0
9146,Walla Walla,WA,S,M,0,12.079999999999998,3,20000,23,1
10027,Bellingham,WA,S,F,0,12.070000000000002,1,40000,61,1
10135,Richmond,CA,S,F,0,12.06,1,40000,88,0
5564,Cliffside,BC,S,F,0,12.05,1,120000,59,0
547,National City,CA,S,M,0,12.009999999999998,1,60000,48,0
9516,Woodland Hills,CA,S,F,0,12,1,60000,86,0
2720,Oakland,CA,M,M,3,11.99,1,40000,29,0
2357,N. Vancouver,BC,S,M,0,11.98,1,20000,42,0
7045,Langley,BC,S,F,0,11.96,1,80000,85,0
6811,Issaquah,WA,S,M,0,11.96,1,140000,35,0
9913,West Covina,CA,S,M,0,11.96,2,20000,19,0
5976,Royal Oak,BC,S,M,0,11.959999999999996,1,100000,48,0
2268,Guadalajara,Jalisco,S,M,0,11.95,2,40000,47,1
4940,Sedro Woolley,WA,S,F,0,11.94,1,40000,49,0
6667,La Jolla,CA,S,M,0,11.93,1,20000,64,0
1895,Long Beach,CA,S,M,0,11.910000000000002,1,60000,26,0
2755,Royal Oak,BC,S,M,0,11.91,1,80000,18,0
2683,Anacortes,WA,M,F,1,11.909999999999998,2,60000,59,0
8153,Imperial Beach,CA,M,F,1,11.9,1,20000,70,0
9170,West Covina,CA,S,M,0,11.85,1,40000,77,0
90,Sooke,BC,M,F,2,11.85,1,80000,22,0
4886,El Cajon,CA,M,M,0,11.799999999999995,1,140000,76,0
5554,Torrance,CA,S,F,0,11.789999999999996,1,20000,33,0
7724,Issaquah,WA,M,M,1,11.77,1,60000,49,0
6644,Berkeley,CA,S,M,0,11.77,1,40000,28,0
7999,Grossmont,CA,S,M,0,11.749999999999998,1,40000,79,0
6723,Edmonds,WA,M,F,0,11.73,1,80000,80,0
7858,Lynnwood,WA,M,F,3,11.72,1,60000,83,0
7430,Burnaby,BC,S,F,0,11.72,1,40000,67,0
5120,Bellflower,CA,M,F,0,11.68,1,120000,60,0
3020,Woodburn,OR,M,F,1,11.68,1,40000,48,0
127,Everett,WA,S,M,0,11.67,1,20000,66,0
8358,W. Linn,OR,M,M,1,11.659999999999998,2,80000,85,0
3658,Redwood City,CA,M,F,5,11.659999999999998,1,40000,20,0
5496,Newton,BC,M,F,0,11.65,2,40000,83,0
2815,Walla Walla,WA,M,F,0,11.62,2,120000,43,1
3996,Los Angeles,CA,M,M,2,11.59,2,20000,43,1
1140,Walla Walla,WA,M,M,1,11.59,2,80000,47,1
2598,Daly City,CA,M,F,2,11.589999999999998,1,20000,35,0
8852,Grossmont,CA,S,F,0,11.58,1,20000,75,0
5804,Guadalajara,Jalisco,S,M,0,11.579999999999998,2,40000,66,1
9723,Guadalajara,Jalisco,M,F,1,11.57,1,100000,58,1
1841,Ballard,WA,M,M,1,11.57,1,60000,66,0
4993,Berkeley,CA,S,F,0,11.560000000000002,1,80000,84,0
3119,Metchosin,BC,M,F,1,11.550000000000002,1,80000,34,0
9933,Bellingham,WA,M,F,2,11.55,1,20000,36,1
2453,National City,CA,M,F,1,11.54,2,120000,22,0
4457,Walla Walla,WA,S,M,0,11.53,1,40000,43,1
6850,Burien,WA,M,M,2,11.52,1,40000,68,0
1087,Los Angeles,CA,M,M,1,11.52,1,40000,55,1
9230,Marysville,WA,S,F,0,11.519999999999998,2,60000,87,0
5825,Everett,WA,S,F,0,11.51,1,40000,54,0
9699,Lynnwood,WA,M,M,4,11.5,1,20000,73,0
3062,Metchosin,BC,S,F,0,11.5,1,120000,75,0
9960,Downey,CA,M,F,3,11.49,1,20000,29,0
2967,Metchosin,BC,S,M,0,11.49,1,40000,79,0
1458,Coronado,CA,S,F,0,11.489999999999998,1,20000,53,0
198,Imperial Beach,CA,M,F,1,11.47,1,20000,59,0
6872,Coronado,CA,M,F,2,11.47,1,40000,87,0
1855,Sedro Woolley,WA,S,M,0,11.469999999999995,1,20000,49,0
6919,Lake Oswego,OR,M,F,1,11.43,1,20000,47,0
6206,Beaverton,OR,S,F,0,11.42,1,20000,33,0
5656,El Cajon,CA,S,F,0,11.42,1,140000,36,0
2288,San Francisco,CA,S,F,0,11.409999999999998,1,20000,44,1
3356,Oak Bay,BC,M,M,5,11.38,1,80000,79,0
4889,Ladner,BC,S,F,0,11.36,2,40000,57,0
1933,San Diego,CA,S,M,0,11.340000000000002,2,40000,43,1
3462,Santa Monica,CA,S,M,0,11.34,1,40000,65,0
974,Port Hammond,BC,M,F,2,11.320000000000002,1,60000,54,0
2694,National City,CA,S,F,0,11.31,2,80000,48,0
2531,Richmond,CA,S,F,0,11.31,2,20000,42,0
2226,Seattle,WA,S,M,0,11.31,1,40000,59,1
7259,Vancouver,BC,S,F,0,11.29,1,40000,53,1
6243,Bellingham,WA,M,F,1,11.29,2,120000,69,1
8705,Arcadia,CA,M,F,5,11.28,1,40000,35,0
4611,Lynnwood,WA,S,F,0,11.28,1,40000,59,0
6484,Walla Walla,WA,S,M,0,11.27,2,20000,25,1
8732,Bellingham,WA,S,F,0,11.260000000000002,2,20000,76,1
5463,Fremont,CA,M,M,1,11.260000000000002,2,60000,55,0
5196,Salem,OR,M,F,3,11.26,1,60000,52,1
2374,Lynnwood,WA,S,F,0,11.25,1,40000,49,0
932,Richmond,CA,S,F,0,11.239999999999998,1,20000,23,0
3393,Anacortes,WA,S,M,0,11.230000000000002,2,100000,26,0
4833,Coronado,CA,S,F,0,11.22,2,40000,44,0
3603,Lincoln Acres,CA,M,F,0,11.21,2,140000,22,0
9785,Edmonds,WA,S,M,0,11.2,1,100000,45,0
6090,Pomona,CA,M,M,2,11.2,1,40000,19,0
4863,Anacortes,WA,S,M,0,11.2,1,20000,84,0
2645,Walla Walla,WA,S,F,0,11.18,2,80000,69,1
7886,Vancouver,BC,S,M,0,11.169999999999998,1,60000,68,1
8726,National City,CA,S,M,0,11.15,1,60000,70,0
5045,Santa Cruz,CA,M,F,1,11.12,1,40000,69,0
3565,La Jolla,CA,M,M,1,11.11,1,40000,29,0
4146,Spring Valley,CA,M,F,0,11.11,1,80000,51,0
9935,Cliffside,BC,S,M,0,11.1,1,40000,51,0
7933,Richmond,CA,S,M,0,11.07,1,60000,77,0
7077,National City,CA,M,F,0,11.07,1,40000,85,0
8523,Sedro Woolley,WA,S,M,0,11.05,1,120000,52,0
9698,Yakima,WA,M,M,4,11.03,2,80000,81,1
8349,Colma,CA,M,F,1,11.03,1,140000,30,0
6386,San Jose,CA,S,F,0,11.029999999999998,1,40000,57,0
3983,San Diego,CA,M,F,0,11.01,1,20000,18,1
5121,Bellingham,WA,S,M,0,11,1,40000,55,1
4213,Royal Oak,BC,S,F,0,10.98,1,40000,48,0
9872,Shawnee,BC,S,M,0,10.98,2,40000,61,0
854,Anacortes,WA,M,F,2,10.98,2,80000,30,0
4505,Edmonds,WA,M,M,1,10.97,1,40000,56,0
9044,Newport Beach,CA,M,M,1,10.95,1,40000,81,0
5884,Imperial Beach,CA,M,M,1,10.94,1,80000,79,0
6777,Anacortes,WA,M,M,1,10.94,1,150000,26,0
3232,Haney,BC,M,F,0,10.92,1,120000,42,0
8836,Victoria,BC,S,M,0,10.89,1,120000,34,1
2754,Vancouver,BC,S,F,0,10.88,1,40000,20,1
309,Sooke,BC,S,M,0,10.86,1,120000,65,0
5165,Port Hammond,BC,S,F,0,10.84,2,40000,65,0
3067,Kirkland,WA,S,F,0,10.84,1,40000,55,0
5091,Imperial Beach,CA,M,M,4,10.829999999999998,1,40000,30,0
8830,Redwood City,CA,S,F,0,10.82,1,40000,47,0
5436,West Covina,CA,S,M,0,10.8,1,20000,19,0
1115,Walla Walla,WA,S,F,0,10.8,2,20000,24,1
3727,Berkeley,CA,M,F,3,10.79,1,40000,33,0
4450,Pomona,CA,S,F,0,10.78,1,80000,84,0
6998,Metchosin,BC,M,M,1,10.78,1,60000,85,0
385,Langford,BC,M,F,4,10.76,1,60000,88,0
7459,Burbank,CA,M,F,1,10.75,1,40000,44,0
6351,Portland,OR,M,M,3,10.740000000000002,1,40000,37,1
1201,W. Linn,OR,M,M,1,10.73,2,60000,63,0
1418,Anacortes,WA,S,F,0,10.73,1,100000,27,0
7481,Woodland Hills,CA,S,M,0,10.720000000000002,2,140000,70,0
2350,Bellingham,WA,M,M,3,10.72,1,20000,79,1
7393,Coronado,CA,S,F,0,10.69,2,60000,73,0
3534,Palo Alto,CA,M,M,3,10.68,1,20000,33,0
1414,Arcadia,CA,S,F,0,10.68,1,40000,49,0
10054,Woodland Hills,CA,S,F,0,10.669999999999998,1,120000,84,0
5688,Newton,BC,M,F,2,10.640000000000002,1,40000,50,0
10269,Anacortes,WA,M,F,1,10.64,1,80000,26,0
9818,Bellingham,WA,M,F,0,10.62,1,150000,38,1
338,Bellingham,WA,M,M,1,10.61,2,20000,67,1
516,San Francisco,CA,S,M,0,10.55,1,80000,58,1
4770,Lincoln Acres,CA,S,M,0,10.54,1,40000,25,0
8930,Santa Monica,CA,M,M,0,10.54,2,40000,73,0
8312,Downey,CA,M,F,2,10.52,1,40000,70,0
7732,Burien,WA,M,F,2,10.51,1,60000,63,0
1570,Lincoln Acres,CA,M,M,0,10.500000000000002,1,20000,48,0
10050,Altadena,CA,M,M,1,10.5,2,150000,47,0
6655,Oregon City,OR,S,F,0,10.49,1,140000,30,0
4966,Fremont,CA,S,F,0,10.48,1,20000,71,0
3199,San Diego,CA,M,F,4,10.48,1,40000,65,1
31,Concord,CA,M,F,3,10.48,1,60000,20,0
1597,Guadalajara,Jalisco,M,F,0,10.47,2,20000,48,1
7414,Everett,WA,M,F,2,10.46,1,140000,28,0
10022,Long Beach,CA,M,M,1,10.46,1,20000,49,0
8025,Richmond,CA,S,F,0,10.45,2,20000,22,0
7766,Langley,BC,S,M,0,10.44,1,80000,41,0
8076,Richmond,CA,M,M,2,10.39,1,40000,30,0
584,Coronado,CA,M,M,1,10.39,1,80000,24,0
9670,Arcadia,CA,S,M,0,10.38,1,40000,47,0
6331,Redwood City,CA,M,M,1,10.38,1,40000,81,0
2359,Imperial Beach,CA,M,M,1,10.38,1,20000,61,0
7135,Victoria,BC,S,F,0,10.35,1,40000,28,1
3912,Issaquah,WA,S,M,0,10.35,1,60000,72,0
3612,Lincoln Acres,CA,S,M,0,10.35,1,20000,42,0
429,Altadena,CA,S,M,0,10.339999999999998,1,60000,35,0
8417,Walla Walla,WA,M,F,1,10.32,1,40000,18,1
9052,Grossmont,CA,M,M,3,10.3,1,60000,25,0
5828,San Francisco,CA,M,F,1,10.3,1,20000,41,1
2078,Grossmont,CA,M,M,1,10.3,1,140000,22,0
926,Burien,WA,S,F,0,10.3,1,20000,79,0
9248,Marysville,WA,S,F,0,10.299999999999995,1,60000,57,0
9335,Oregon City,OR,M,M,1,10.28,2,40000,37,0
9096,Palo Alto,CA,S,F,0,10.28,1,80000,58,0
3863,Downey,CA,S,M,0,10.28,1,100000,70,0
3017,Sedro Woolley,WA,S,M,0,10.260000000000002,1,40000,39,0
7339,Chula Vista,CA,M,F,1,10.23,1,60000,34,0
600,Long Beach,CA,M,F,2,10.23,1,20000,27,0
3429,Renton,WA,M,F,0,10.2,1,140000,50,0
4192,N. Vancouver,BC,S,M,0,10.2,1,20000,36,0
3666,Los Angeles,CA,M,M,4,10.18,1,60000,72,1
6927,Pomona,CA,S,M,0,10.16,1,40000,77,0
2104,Colma,CA,S,F,0,10.14,1,80000,71,0
5236,Langford,BC,M,M,2,10.14,1,40000,57,0
6973,Guadalajara,Jalisco,S,F,0,10.12,2,60000,49,1
6740,Downey,CA,S,F,0,10.12,1,140000,66,0
2909,Edmonds,WA,M,M,5,10.11,1,60000,49,0
1708,Seattle,WA,S,M,0,10.11,1,20000,36,1
10200,Oregon City,OR,S,M,0,10.09,1,40000,73,0
5417,Port Hammond,BC,S,M,0,10.04,1,20000,50,0
4705,Everett,WA,S,M,0,10.04,1,60000,66,0
3665,Colma,CA,M,F,1,10.02,1,20000,65,0
8090,Concord,CA,M,F,4,10.01,1,20000,73,0
9911,Mill Valley,CA,S,F,0,9.989999999999998,1,20000,25,0
1543,Issaquah,WA,S,F,0,9.98,1,100000,65,0
2018,Royal Oak,BC,M,F,1,9.96,1,150000,86,0
7754,Newton,BC,M,M,4,9.94,1,20000,37,0
384,Anacortes,WA,S,M,0,9.94,1,20000,65,0
1405,La Jolla,CA,M,F,1,9.93,1,140000,33,0
512,El Cajon,CA,M,F,3,9.920000000000002,1,40000,43,0
2660,Guadalajara,Jalisco,S,M,0,9.92,2,40000,55,1
2847,Concord,CA,M,F,0,9.88,1,100000,42,0
12,Chula Vista,CA,S,F,0,9.88,1,40000,27,0
8503,Burien,WA,M,M,2,9.84,1,80000,80,0
7385,West Covina,CA,S,F,0,9.84,1,20000,81,0
2328,Santa Cruz,CA,S,M,0,9.83,1,100000,60,0
1204,Spring Valley,CA,M,F,3,9.82,1,80000,68,0
151,San Jose,CA,M,F,0,9.8,1,40000,39,0
283,Novato,CA,S,M,0,9.79,1,60000,87,0
1088,San Jose,CA,S,F,0,9.78,2,140000,87,0
8585,Langford,BC,M,F,0,9.78,1,20000,64,0
464,Seattle,WA,S,M,0,9.760000000000002,1,80000,60,1
4702,Santa Cruz,CA,M,M,1,9.72,1,40000,69,0
9616,Lakewood,CA,M,M,0,9.72,1,60000,54,0
4487,Anacortes,WA,S,F,0,9.72,2,40000,47,0
4949,Seattle,WA,M,F,2,9.71,1,140000,52,1
1596,Imperial Beach,CA,M,M,1,9.71,1,80000,69,0
5638,San Francisco,CA,S,M,0,9.65,1,60000,66,1
1462,Ballard,WA,S,M,0,9.630000000000004,1,40000,53,0
4862,Seattle,WA,S,F,0,9.63,1,80000,49,1
4569,Palo Alto,CA,S,F,0,9.61,1,20000,56,0
6810,Cliffside,BC,M,M,2,9.6,1,80000,85,0
8744,W. Linn,OR,M,M,0,9.6,1,40000,46,0
9503,Spring Valley,CA,M,F,4,9.580000000000002,2,20000,54,0
612,Walla Walla,WA,M,F,2,9.55,4,120000,33,1
7506,Oak Bay,BC,M,M,1,9.54,1,80000,71,0
862,Cliffside,BC,M,F,2,9.54,1,80000,32,0
1711,Woodland Hills,CA,S,M,0,9.52,1,20000,63,0
6639,Lakewood,CA,S,M,0,9.52,1,20000,41,0
5945,Pomona,CA,M,F,1,9.510000000000002,1,40000,84,0
5785,Guadalajara,Jalisco,M,F,2,9.48,1,20000,68,1
8781,Haney,BC,S,M,0,9.48,1,40000,41,0
6173,Mill Valley,CA,S,M,0,9.47,1,40000,61,0
2889,Cliffside,BC,S,M,0,9.46,1,60000,26,0
6898,Torrance,CA,S,F,0,9.44,1,60000,35,0
1734,Sedro Woolley,WA,S,F,0,9.39,2,40000,24,0
4624,Shawnee,BC,M,F,0,9.39,1,40000,61,0
6474,Renton,WA,M,M,1,9.36,1,120000,43,0
1903,Metchosin,BC,M,F,1,9.36,1,20000,61,0
1188,Guadalajara,Jalisco,M,M,1,9.36,3,20000,47,1
9326,Colma,CA,S,F,0,9.34,1,20000,80,0
7786,Sedro Woolley,WA,S,M,0,9.34,1,60000,40,0
3081,Coronado,CA,S,F,0,9.330000000000002,1,100000,48,0
7421,Pomona,CA,S,M,0,9.329999999999998,1,20000,18,0
167,Lemon Grove,CA,S,M,0,9.32,1,80000,66,0
2797,Cliffside,BC,S,M,0,9.31,1,40000,67,0
5018,Woodland Hills,CA,M,M,3,9.29,1,60000,74,0
9505,Lynnwood,WA,S,F,0,9.28,1,20000,22,0
9784,Oak Bay,BC,S,F,0,9.260000000000002,1,60000,63,0
6378,Newton,BC,M,F,0,9.26,2,40000,87,0
2379,Fremont,CA,M,F,1,9.25,1,80000,66,0
7742,Newton,BC,S,F,0,9.24,1,120000,42,0
6497,Royal Oak,BC,S,M,0,9.24,1,40000,19,0
9547,San Francisco,CA,S,F,0,9.23,1,40000,24,1
2301,San Diego,CA,S,M,0,9.22,2,140000,22,1
8030,Royal Oak,BC,S,F,0,9.2,1,120000,86,0
1540,Grossmont,CA,S,M,0,9.2,1,40000,60,0
9563,Edmonds,WA,S,F,0,9.189999999999998,1,40000,83,0
2361,Coronado,CA,S,M,0,9.170000000000002,1,20000,55,0
4697,Edmonds,WA,S,F,0,9.16,1,40000,75,0
10112,Victoria,BC,M,M,0,9.15,1,120000,75,1
8513,San Jose,CA,S,F,0,9.14,1,40000,66,0
1452,Lemon Grove,CA,M,F,1,9.130000000000004,1,40000,45,0
9615,Redmond,WA,M,F,4,9.12,1,40000,67,0
5873,Anacortes,WA,M,F,0,9.11,1,100000,40,0
6520,Concord,CA,M,F,0,9.090000000000002,1,120000,78,0
4715,Burlingame,CA,S,F,0,9.08,1,20000,69,0
8282,Daly City,CA,M,F,0,9.07,1,20000,85,0
2128,Los Angeles,CA,S,M,0,9.04,1,120000,56,1
3694,Novato,CA,S,F,0,9.03,1,80000,28,0
6128,Cliffside,BC,M,F,4,8.98,1,60000,21,0
5085,Coronado,CA,S,M,0,8.98,1,20000,86,0
3790,Woodland Hills,CA,M,M,1,8.979999999999999,1,60000,74,0
3699,Colma,CA,M,M,0,8.979999999999999,1,100000,30,0
3304,Walla Walla,WA,S,M,0,8.979999999999999,1,20000,64,1
4906,Beaverton,OR,S,M,0,8.97,1,20000,58,0
7759,Langford,BC,S,F,0,8.940000000000001,1,40000,50,0
8969,Santa Monica,CA,S,F,0,8.94,1,60000,83,0
3054,National City,CA,S,M,0,8.94,2,60000,82,0
476,Lakewood,CA,S,F,0,8.930000000000001,1,80000,72,0
5781,Lake Oswego,OR,M,M,2,8.92,1,40000,85,0
10093,Bellingham,WA,M,M,2,8.89,1,40000,56,1
3970,Lakewood,CA,S,M,0,8.89,1,40000,76,0
1436,San Jose,CA,S,M,0,8.87,1,40000,44,0
9048,San Carlos,CA,S,F,0,8.86,2,80000,37,0
1852,Berkeley,CA,S,F,0,8.86,1,40000,48,0
1320,Fremont,CA,S,F,0,8.86,1,40000,50,0
9916,Santa Monica,CA,S,M,0,8.82,1,40000,66,0
1459,Langford,BC,S,F,0,8.8,1,20000,71,0
3399,Guadalajara,Jalisco,S,F,0,8.79,2,20000,29,1
4400,Novato,CA,M,F,3,8.77,1,80000,26,0
8629,La Mesa,CA,M,F,2,8.76,1,150000,68,0
5772,Pomona,CA,M,M,1,8.75,1,150000,64,0
3634,Lynnwood,WA,S,M,0,8.75,1,80000,54,0
8606,Redmond,WA,M,F,2,8.73,1,120000,60,0
8288,West Covina,CA,S,F,0,8.72,1,60000,39,0
7804,Santa Cruz,CA,M,M,3,8.719999999999999,1,20000,31,0
2812,Redwood City,CA,S,M,0,8.719999999999999,1,40000,54,0
3060,Anacortes,WA,S,M,0,8.71,1,60000,84,0
4593,Anacortes,WA,M,M,2,8.709999999999999,1,60000,43,0
374,Lynnwood,WA,M,F,1,8.7,1,40000,52,0
7777,Imperial Beach,CA,M,F,0,8.68,1,40000,84,0
6504,Fremont,CA,S,M,0,8.669999999999998,1,20000,21,0
5922,Burien,WA,S,M,0,8.66,1,120000,72,0
8133,Pomona,CA,M,M,3,8.64,1,60000,22,0
3943,San Jose,CA,S,F,0,8.63,1,60000,55,0
7183,Guadalajara,Jalisco,S,M,0,8.629999999999999,2,20000,83,1
8979,La Jolla,CA,S,F,0,8.620000000000001,1,60000,47,0
7327,Redmond,WA,S,M,0,8.62,1,20000,46,0
4763,Lemon Grove,CA,M,F,5,8.610000000000001,1,60000,64,0
9008,Burien,WA,S,M,0,8.61,2,20000,32,0
3278,Langford,BC,M,F,2,8.61,1,20000,67,0
6766,Lemon Grove,CA,S,M,0,8.59,1,120000,68,0
3028,Bellflower,CA,S,M,0,8.58,1,20000,72,0
3171,San Jose,CA,M,F,2,8.569999999999999,1,40000,67,0
4525,Arcadia,CA,S,F,0,8.55,1,40000,84,0
8694,San Gabriel,CA,S,M,0,8.53,1,100000,84,0
2580,Langford,BC,M,F,2,8.520000000000001,1,40000,83,0
9688,Altadena,CA,M,M,1,8.5,1,60000,28,0
475,Glendale,CA,M,M,2,8.5,1,40000,51,0
6654,Coronado,CA,S,F,0,8.48,1,40000,65,0
4461,W. Linn,OR,M,M,1,8.469999999999999,1,40000,88,0
7898,Guadalajara,Jalisco,M,F,1,8.46,1,40000,51,1
2609,Downey,CA,M,F,0,8.44,1,20000,54,0
469,Pomona,CA,M,M,1,8.439999999999998,1,40000,61,0
7955,Sedro Woolley,WA,M,M,0,8.43,1,20000,87,0
623,Lincoln Acres,CA,M,F,1,8.399999999999999,1,40000,72,0
7125,Guadalajara,Jalisco,M,M,4,8.389999999999999,2,20000,80,1
5373,Imperial Beach,CA,S,M,0,8.309999999999999,1,40000,86,0
10012,Lemon Grove,CA,M,F,1,8.29,1,20000,30,0
2558,Newport Beach,CA,M,F,0,8.280000000000001,1,120000,88,0
7784,Torrance,CA,M,F,1,8.28,1,80000,32,0
6125,Palo Alto,CA,M,M,0,8.26,1,60000,71,0
3712,Guadalajara,Jalisco,M,M,0,8.250000000000002,1,20000,46,1
10086,Port Hammond,BC,S,F,0,8.25,1,20000,28,0
4182,Novato,CA,S,F,0,8.25,1,20000,53,0
1307,Sooke,BC,M,F,0,8.24,1,40000,41,0
835,San Francisco,CA,S,M,0,8.229999999999999,1,80000,85,1
458,Ladner,BC,S,F,0,8.18,1,40000,29,0
4260,Shawnee,BC,S,M,0,8.16,1,140000,85,0
1635,Kirkland,WA,S,F,0,8.16,1,20000,55,0
3007,Sooke,BC,M,M,1,8.159999999999998,1,60000,62,0
124,Oakland,CA,S,F,0,8.14,1,80000,68,0
5260,Sooke,BC,S,M,0,8.129999999999999,1,20000,37,0
5492,Everett,WA,S,M,0,8.1,1,40000,57,0
9278,Anacortes,WA,S,F,0,8.09,1,60000,58,0
6043,Lincoln Acres,CA,M,F,4,8.059999999999999,1,40000,52,0
9636,Everett,WA,S,M,0,8.05,1,140000,59,0
4729,San Jose,CA,S,F,0,8.020000000000001,1,20000,63,0
1926,Imperial Beach,CA,M,F,1,8.01,1,40000,71,0
3862,Oakland,CA,M,M,2,7.999999999999999,1,40000,83,0
4933,Victoria,BC,M,M,0,7.989999999999999,1,20000,69,1
4042,Arcadia,CA,S,M,0,7.98,1,60000,21,0
6403,Bellingham,WA,M,M,2,7.9300000000000015,1,80000,48,1
1225,Shawnee,BC,S,F,0,7.93,1,40000,44,0
3848,Richmond,CA,M,F,1,7.920000000000002,1,20000,82,0
2766,Guadalajara,Jalisco,M,M,0,7.900000000000001,2,20000,76,1
7930,Oregon City,OR,M,F,0,7.890000000000001,1,40000,53,0
4970,San Jose,CA,M,F,0,7.88,1,120000,37,0
1189,Woodland Hills,CA,S,M,0,7.88,1,20000,75,0
5117,Royal Oak,BC,M,M,2,7.86,1,60000,82,0
2623,National City,CA,M,M,0,7.86,1,40000,77,0
6368,Victoria,BC,M,F,1,7.859999999999999,1,20000,60,1
800,Victoria,BC,S,M,0,7.83,1,80000,28,1
4095,Santa Cruz,CA,S,F,0,7.810000000000001,1,60000,69,0
3837,Lemon Grove,CA,S,F,0,7.81,1,80000,49,0
7266,El Cajon,CA,M,F,0,7.800000000000001,1,40000,65,0
1779,Bellingham,WA,S,M,0,7.76,1,40000,80,1
5394,Newport Beach,CA,M,M,4,7.75,1,40000,71,0
10051,Berkeley,CA,S,M,0,7.73,1,40000,45,0
5330,Langford,BC,M,F,5,7.710000000000001,1,40000,86,0
1111,Novato,CA,M,M,1,7.699999999999999,1,20000,88,0
8971,Richmond,CA,M,M,0,7.68,1,20000,82,0
6625,Shawnee,BC,S,M,0,7.68,1,20000,81,0
6364,La Jolla,CA,M,M,4,7.66,1,40000,41,0
9126,Cliffside,BC,S,F,0,7.659999999999999,1,60000,28,0
3935,La Mesa,CA,M,F,1,7.64,1,20000,26,0
3828,Coronado,CA,M,M,0,7.619999999999999,1,40000,68,0
4786,Westminster,BC,M,F,3,7.6,1,120000,66,0
970,San Carlos,CA,S,F,0,7.6,1,20000,87,0
7450,Bellingham,WA,S,M,0,7.59,1,80000,70,1
6628,Glendale,CA,S,F,0,7.560000000000001,1,40000,74,0
8224,San Gabriel,CA,M,F,3,7.56,1,60000,40,0
9518,Redwood City,CA,M,M,4,7.56,1,20000,46,0
8290,Edmonds,WA,S,M,0,7.56,1,40000,73,0
3095,Mill Valley,CA,M,M,5,7.56,1,40000,45,0
7756,San Carlos,CA,M,F,1,7.549999999999999,1,20000,87,0
7351,Torrance,CA,M,M,3,7.500000000000001,1,60000,79,0
9154,La Jolla,CA,M,F,0,7.5,1,40000,26,0
611,Grossmont,CA,S,F,0,7.499999999999999,1,40000,27,0
8081,Daly City,CA,S,M,0,7.42,1,80000,82,0
1081,Berkeley,CA,M,M,1,7.419999999999999,1,80000,20,0
7473,Santa Monica,CA,S,F,0,7.41,1,40000,66,0
7407,Beverly Hills,CA,M,M,4,7.4,1,60000,54,1
2972,Redwood City,CA,S,M,0,7.380000000000001,1,80000,44,0
2364,Shawnee,BC,M,M,2,7.38,1,40000,20,0
8553,Anacortes,WA,M,M,1,7.36,1,40000,19,0
6023,Redmond,WA,S,F,0,7.35,1,40000,64,0
5545,Burien,WA,S,M,0,7.34,1,100000,29,0
1735,Sooke,BC,S,F,0,7.320000000000001,1,150000,43,0
8447,Anacortes,WA,S,M,0,7.31,1,40000,28,0
6379,Novato,CA,M,F,1,7.31,1,40000,63,0
1027,Langley,BC,S,F,0,7.300000000000001,1,80000,83,0
7554,Imperial Beach,CA,M,F,4,7.3,1,40000,20,0
4895,Westminster,BC,M,M,0,7.299999999999999,1,40000,22,0
2801,San Francisco,CA,S,M,0,7.29,2,40000,55,1
4309,Haney,BC,M,F,1,7.28,1,20000,26,0
7972,Bellflower,CA,M,F,1,7.270000000000001,1,40000,42,0
249,Richmond,BC,S,F,0,7.260000000000002,1,20000,87,0
9635,San Jose,CA,M,M,0,7.240000000000001,2,40000,33,0
207,La Jolla,CA,S,M,0,7.24,1,80000,60,0
9969,Palo Alto,CA,M,F,1,7.23,1,20000,75,0
4943,El Cajon,CA,M,F,3,7.2,1,80000,81,0
9882,Berkeley,CA,S,M,0,7.180000000000001,1,150000,78,0
2126,Bellingham,WA,M,F,2,7.17,1,40000,54,1
4241,Berkeley,CA,S,M,0,7.159999999999999,2,40000,79,0
10125,Westminster,BC,S,F,0,7.15,1,120000,47,0
9478,Oakland,CA,M,M,5,7.15,1,100000,72,0
7353,Oakland,CA,S,M,0,7.140000000000001,1,20000,72,0
6920,Colma,CA,M,M,1,7.140000000000001,1,20000,56,0
3639,Chula Vista,CA,M,F,2,7.119999999999999,1,40000,85,0
3564,San Carlos,CA,S,F,0,7.07,1,60000,29,0
9330,Richmond,CA,S,M,0,7.0600000000000005,1,40000,52,0
8444,Richmond,CA,S,F,0,7.06,1,60000,40,0
3294,Grossmont,CA,M,F,0,7.039999999999999,1,40000,48,0
1461,Spring Valley,CA,S,F,0,7.039999999999999,1,120000,49,0
9786,Imperial Beach,CA,M,F,3,7.0200000000000005,1,60000,36,0
9131,Woodland Hills,CA,S,M,0,7.02,1,150000,52,0
5969,Oak Bay,BC,M,F,0,7.000000000000001,1,60000,73,0
5110,Anacortes,WA,S,F,0,6.960000000000001,1,20000,23,0
4867,Grossmont,CA,S,F,0,6.949999999999999,1,40000,77,0
6913,Los Angeles,CA,M,M,1,6.93,1,20000,87,1
5662,Sedro Woolley,WA,M,F,2,6.93,2,40000,59,0
8613,Anacortes,WA,M,M,3,6.92,1,60000,77,0
6330,Port Hammond,BC,S,F,0,6.870000000000001,1,40000,67,0
2940,Langford,BC,M,M,0,6.869999999999999,1,60000,20,0
8330,Lemon Grove,CA,S,M,0,6.8500000000000005,1,20000,34,0
9780,Redmond,WA,S,M,0,6.85,2,20000,37,0
4388,Edmonds,WA,M,F,1,6.84,1,60000,51,0
3563,Palo Alto,CA,M,F,0,6.84,1,60000,65,0
1750,Burbank,CA,S,F,0,6.84,1,80000,83,0
9020,Pomona,CA,M,M,3,6.82,1,120000,35,0
5122,Bellingham,WA,S,M,0,6.8,1,20000,36,1
10142,Beaverton,OR,M,F,3,6.799999999999999,1,20000,76,0
2917,Everett,WA,M,M,1,6.799999999999999,1,20000,77,0
5438,Imperial Beach,CA,M,M,0,6.77,1,40000,54,0
3425,Portland,OR,S,M,0,6.77,1,150000,30,1
3098,Issaquah,WA,S,M,0,6.760000000000001,1,40000,36,0
7579,Marysville,WA,M,M,1,6.76,1,60000,60,0
5943,Sedro Woolley,WA,M,F,2,6.76,2,80000,20,0
9511,Chula Vista,CA,M,M,1,6.75,1,80000,83,0
1233,Everett,WA,M,M,0,6.749999999999999,1,60000,35,0
4542,Novato,CA,S,F,0,6.74,1,20000,49,0
7597,Fremont,CA,M,M,1,6.72,1,20000,65,0
326,Anacortes,WA,S,F,0,6.719999999999999,1,40000,55,0
2185,Fremont,CA,M,F,1,6.71,1,40000,33,0
8465,Palo Alto,CA,S,F,0,6.7,1,20000,79,0
7817,Westminster,BC,S,F,0,6.69,1,40000,79,0
8518,Chula Vista,CA,S,F,0,6.6899999999999995,1,60000,50,0
1498,El Cajon,CA,S,F,0,6.65,1,20000,31,0
8178,Anacortes,WA,M,F,0,6.640000000000001,1,60000,65,0
6682,West Covina,CA,S,M,0,6.640000000000001,1,60000,53,0
9223,Coronado,CA,M,M,4,6.630000000000001,2,40000,61,0
1513,Redwood City,CA,M,M,1,6.63,1,80000,43,0
91,Long Beach,CA,M,M,1,6.620000000000001,1,60000,42,0
6953,Sedro Woolley,WA,S,F,0,6.62,1,20000,79,0
8748,San Gabriel,CA,M,M,0,6.600000000000001,1,20000,33,0
8253,Chula Vista,CA,M,M,1,6.6000000000000005,1,40000,47,0
444,Victoria,BC,M,F,5,6.6000000000000005,1,20000,82,1
10044,Westminster,BC,M,F,1,6.6,1,40000,52,0
7344,Newton,BC,M,F,1,6.6,1,60000,58,0
394,Concord,CA,S,M,0,6.590000000000002,1,40000,88,0
1382,Sedro Woolley,WA,M,M,1,6.59,1,40000,45,0
8805,Arcadia,CA,S,M,0,6.569999999999999,1,100000,63,0
4772,Sedro Woolley,WA,S,M,0,6.550000000000001,2,120000,44,0
7303,Pomona,CA,M,F,1,6.539999999999999,1,60000,44,0
6362,Santa Cruz,CA,S,F,0,6.5200000000000005,2,60000,54,0
3107,West Covina,CA,M,F,0,6.52,2,20000,27,0
53,Oak Bay,BC,M,M,2,6.500000000000001,1,80000,66,0
5331,National City,CA,M,F,1,6.5,1,100000,53,0
592,Cliffside,BC,M,F,2,6.5,1,20000,23,0
9765,Sooke,BC,M,M,1,6.499999999999999,1,60000,54,0
4381,Victoria,BC,S,F,0,6.4799999999999995,1,60000,23,1
8923,National City,CA,M,F,2,6.470000000000001,1,20000,30,0
9940,Concord,CA,S,M,0,6.469999999999999,1,40000,44,0
7147,Anacortes,WA,S,F,0,6.449999999999999,1,40000,57,0
3405,Fremont,CA,M,M,1,6.449999999999999,1,40000,40,0
1945,Santa Cruz,CA,S,F,0,6.449999999999999,1,80000,37,0
264,Sedro Woolley,WA,S,F,0,6.449999999999999,1,20000,79,0
4717,Richmond,CA,S,M,0,6.420000000000001,1,100000,87,0
9231,Lake Oswego,OR,M,F,2,6.42,1,40000,20,0
7010,Cliffside,BC,S,F,0,6.42,1,80000,29,0
466,Glendale,CA,M,M,4,6.39,1,60000,65,0
6856,Lynnwood,WA,S,M,0,6.38,1,80000,42,0
10052,Bellingham,WA,M,M,1,6.369999999999999,1,40000,87,1
5955,Concord,CA,S,M,0,6.360000000000001,1,20000,61,0
9898,Seattle,WA,M,F,2,6.35,1,40000,41,1
8678,Chula Vista,CA,S,M,0,6.34,1,20000,25,0
6495,Santa Cruz,CA,S,F,0,6.33,1,120000,63,0
5841,Palo Alto,CA,S,M,0,6.33,1,150000,37,0
5699,Westminster,BC,S,M,0,6.329999999999999,1,20000,31,0
5801,Spring Valley,CA,S,M,0,6.329999999999998,1,60000,63,0
4988,Bellingham,WA,M,F,0,6.3,1,20000,58,1
8480,San Carlos,CA,S,M,0,6.29,1,40000,57,0
9192,Issaquah,WA,S,F,0,6.289999999999999,1,40000,68,0
3482,Victoria,BC,M,F,0,6.28,1,60000,78,1
303,Fremont,CA,M,M,0,6.2700000000000005,1,40000,54,0
8085,Oakland,CA,M,M,0,6.27,1,60000,35,0
3948,Coronado,CA,S,F,0,6.27,1,40000,58,0
3757,Concord,CA,S,M,0,6.27,1,60000,77,0
233,Sedro Woolley,WA,M,M,2,6.27,1,140000,24,0
7847,El Cajon,CA,M,F,2,6.250000000000001,1,80000,79,0
9536,Coronado,CA,M,F,2,6.24,1,140000,27,0
9199,Anacortes,WA,S,F,0,6.239999999999998,1,20000,82,0
8616,Langford,BC,S,F,0,6.23,1,60000,76,0
2276,Oak Bay,BC,S,F,0,6.23,1,100000,75,0
9350,Downey,CA,S,M,0,6.22,1,120000,24,0
6929,Chula Vista,CA,S,M,0,6.22,1,150000,38,0
7865,Walla Walla,WA,M,F,0,6.210000000000001,1,140000,62,1
10065,Pomona,CA,S,F,0,6.2,1,80000,24,0
7194,Issaquah,WA,S,M,0,6.2,1,80000,33,0
4530,Novato,CA,M,M,1,6.2,1,80000,73,0
9633,Burbank,CA,M,F,0,6.199999999999999,1,60000,82,0
6794,Burnaby,BC,S,M,0,6.199999999999999,1,40000,56,0
5980,Victoria,BC,S,M,0,6.1899999999999995,1,120000,36,1
9991,Beverly Hills,CA,M,F,1,6.180000000000001,1,40000,76,1
7507,Long Beach,CA,S,M,0,6.18,1,20000,25,0
4246,Long Beach,CA,S,F,0,6.16,1,60000,31,0
7771,El Cajon,CA,M,M,1,6.13,1,40000,27,0
10120,Downey,CA,M,F,1,6.120000000000001,1,100000,54,0
8871,Beverly Hills,CA,M,F,5,6.120000000000001,1,40000,38,1
6026,Everett,WA,M,F,4,6.12,1,80000,81,0
9926,Port Hammond,BC,M,F,0,6.119999999999999,1,40000,65,0
6580,Daly City,CA,S,M,0,6.110000000000001,1,100000,31,0
4482,Grossmont,CA,M,M,0,6.1,2,20000,82,0
864,Chula Vista,CA,S,F,0,6.09,1,100000,20,0
3899,National City,CA,S,F,0,6.08,1,150000,65,0
6624,Marysville,WA,M,M,2,6.069999999999999,2,60000,80,0
5674,Altadena,CA,S,F,0,6.04,1,60000,70,0
2540,Langley,BC,S,F,0,6.0200000000000005,1,20000,20,0
9332,Lake Oswego,OR,S,F,0,6.000000000000002,1,40000,64,0
1522,Novato,CA,S,M,0,5.990000000000001,1,40000,61,0
8612,Walla Walla,WA,M,M,0,5.99,2,40000,50,1
3522,Novato,CA,M,F,0,5.98,1,40000,73,0
3167,Sooke,BC,M,F,0,5.9799999999999995,1,20000,62,0
9054,Anacortes,WA,S,M,0,5.94,1,140000,48,0
7019,Oakland,CA,M,M,2,5.920000000000001,1,40000,57,0
4551,Coronado,CA,S,F,0,5.91,1,60000,43,0
9836,Ladner,BC,M,M,5,5.8999999999999995,1,20000,35,0
5061,Arcadia,CA,M,M,0,5.890000000000001,1,20000,64,0
8264,La Jolla,CA,S,M,0,5.880000000000001,1,60000,37,0
764,Santa Monica,CA,M,M,0,5.88,1,40000,37,0
8721,Westminster,BC,M,M,2,5.869999999999999,1,20000,60,0
7438,Anacortes,WA,S,F,0,5.869999999999999,1,150000,43,0
5298,San Gabriel,CA,S,M,0,5.85,1,80000,37,0
4296,La Jolla,CA,M,F,4,5.84,1,60000,21,0
745,Issaquah,WA,M,F,3,5.84,1,40000,56,0
4054,Bellingham,WA,M,F,0,5.83,2,60000,60,1
8988,Richmond,BC,S,F,0,5.82,1,80000,37,0
3135,Bellingham,WA,M,F,0,5.819999999999999,2,60000,53,1
6455,Palo Alto,CA,S,F,0,5.81,1,40000,78,0
1160,Fremont,CA,S,F,0,5.770000000000001,1,20000,56,0
2253,Westminster,BC,S,M,0,5.760000000000001,1,40000,86,0
4481,Seattle,WA,M,M,1,5.76,1,40000,43,1
388,Arcadia,CA,S,F,0,5.76,1,60000,80,0
8129,Bellflower,CA,S,F,0,5.74,1,20000,77,0
1500,Renton,WA,M,F,1,5.719999999999999,1,40000,87,0
666,Lemon Grove,CA,M,F,0,5.699999999999999,1,60000,70,0
236,Oregon City,OR,S,M,0,5.699999999999999,2,20000,68,0
4047,San Carlos,CA,M,F,4,5.68,1,40000,76,0
6979,Shawnee,BC,S,F,0,5.670000000000001,1,20000,62,0
146,Victoria,BC,S,M,0,5.670000000000001,1,140000,38,1
4212,Imperial Beach,CA,S,M,0,5.67,1,60000,52,0
3076,San Gabriel,CA,S,F,0,5.65,1,40000,44,0
8618,Grossmont,CA,M,M,1,5.640000000000001,1,40000,83,0
2706,Coronado,CA,M,F,1,5.640000000000001,1,80000,39,0
1492,Issaquah,WA,M,F,2,5.619999999999999,1,80000,74,0
5066,Daly City,CA,M,F,0,5.59,1,20000,75,0
1001,Port Hammond,BC,M,M,1,5.580000000000001,1,40000,46,0
4108,Lake Oswego,OR,S,M,0,5.550000000000001,1,40000,64,0
1749,Victoria,BC,S,M,0,5.529999999999999,1,60000,82,1
9203,Grossmont,CA,M,M,4,5.52,1,60000,35,0
8586,La Jolla,CA,M,M,2,5.52,1,40000,23,0
4850,Seattle,WA,M,F,3,5.5,1,120000,40,1
348,Sedro Woolley,WA,M,M,0,5.5,1,140000,75,0
1199,Victoria,BC,M,F,0,5.470000000000001,1,140000,31,1
9196,Richmond,CA,S,F,0,5.47,1,40000,56,0
2712,Arcadia,CA,M,M,0,5.449999999999999,1,20000,85,0
4027,Sedro Woolley,WA,M,F,2,5.44,1,100000,72,0
917,Los Angeles,CA,M,M,0,5.4,1,140000,66,1
3327,Santa Monica,CA,S,F,0,5.3999999999999995,1,40000,86,0
6627,Westminster,BC,S,F,0,5.39,1,20000,48,0
1796,Sedro Woolley,WA,S,F,0,5.389999999999999,2,40000,34,0
7173,San Francisco,CA,S,M,0,5.380000000000001,1,60000,71,1
2508,Bellingham,WA,S,F,0,5.36,1,40000,84,1
2320,Sedro Woolley,WA,M,F,0,5.359999999999999,1,40000,57,0
4550,Newton,BC,S,M,0,5.33,1,60000,24,0
4756,Glendale,CA,M,M,3,5.3100000000000005,1,40000,87,0
4743,Long Beach,CA,M,F,0,5.31,1,40000,70,0
4382,Anacortes,WA,M,F,0,5.29,1,140000,85,0
8443,La Jolla,CA,M,F,0,5.280000000000001,1,40000,67,0
184,Oak Bay,BC,M,F,0,5.28,1,80000,30,0
2100,N. Vancouver,BC,M,F,2,5.2700000000000005,2,40000,45,0
2652,Ladner,BC,S,F,0,5.26,1,40000,41,0
7415,Langford,BC,S,M,0,5.259999999999999,1,40000,79,0
3657,Victoria,BC,S,M,0,5.25,1,100000,62,1
2138,Anacortes,WA,S,M,0,5.25,1,60000,85,0
9136,Bellingham,WA,M,M,0,5.24,1,100000,76,1
7500,Cliffside,BC,S,F,0,5.24,1,60000,70,0
2322,Cliffside,BC,M,F,0,5.24,1,60000,26,0
3307,Issaquah,WA,S,F,0,5.200000000000001,1,40000,54,0
2621,Woodland Hills,CA,M,F,0,5.18,1,40000,56,0
6184,Downey,CA,S,M,0,5.16,1,120000,57,0
685,Redmond,WA,M,F,1,5.15,1,20000,38,0
7484,Chula Vista,CA,S,M,0,5.140000000000001,2,80000,35,0
4934,La Mesa,CA,S,M,0,5.119999999999999,1,20000,33,0
6468,Bellingham,WA,M,F,3,5.109999999999999,1,40000,80,1
8299,Grossmont,CA,S,M,0,5.1,1,80000,30,0
4298,Oak Bay,BC,S,F,0,5.07,1,40000,28,0
5282,Anacortes,WA,S,F,0,5.0600000000000005,1,80000,68,0
9613,Renton,WA,M,M,3,5.03,1,20000,40,0
6185,Novato,CA,M,M,2,5.03,1,20000,41,0
3631,Spring Valley,CA,S,M,0,5.02,1,20000,22,0
6264,Shawnee,BC,S,M,0,5.01,1,60000,74,0
4462,Daly City,CA,M,F,0,4.98,1,80000,35,0
653,Long Beach,CA,S,F,0,4.98,1,20000,36,0
9430,Santa Cruz,CA,M,F,3,4.9799999999999995,1,20000,50,0
2231,Altadena,CA,S,F,0,4.950000000000001,1,40000,44,0
7968,Edmonds,WA,M,F,1,4.949999999999999,1,150000,61,0
4660,Richmond,CA,S,M,0,4.949999999999999,1,60000,35,0
404,Woodland Hills,CA,M,M,3,4.9399999999999995,1,60000,23,0
5808,Beverly Hills,CA,S,F,0,4.92,1,40000,86,1
1413,Seattle,WA,M,M,2,4.8999999999999995,1,40000,85,1
9221,Woodland Hills,CA,S,M,0,4.880000000000001,1,60000,78,0
10256,Altadena,CA,S,F,0,4.88,1,20000,57,0
7680,Bellingham,WA,S,F,0,4.87,1,40000,22,1
10010,Bellingham,WA,M,F,0,4.84,1,80000,56,1
3636,Oakland,CA,S,F,0,4.81,1,100000,67,0
27,Anacortes,WA,M,F,1,4.790000000000001,1,40000,64,0
1789,Concord,CA,M,M,3,4.79,1,140000,58,0
7159,Redwood City,CA,M,F,0,4.760000000000001,1,60000,57,0
7730,Grossmont,CA,S,M,0,4.76,1,140000,50,0
7682,Sooke,BC,M,M,1,4.74,1,40000,68,0
3353,Santa Cruz,CA,M,F,2,4.720000000000001,1,20000,38,0
2819,Santa Cruz,CA,S,M,0,4.72,1,40000,35,0
7837,Burlingame,CA,S,M,0,4.71,1,60000,73,0
7876,Richmond,CA,M,M,0,4.699999999999999,1,20000,53,0
681,Chula Vista,CA,S,F,0,4.6899999999999995,1,80000,22,0
9731,Daly City,CA,S,F,0,4.68,1,20000,81,0
7049,Sooke,BC,M,M,2,4.68,1,20000,68,0
4680,West Covina,CA,S,F,0,4.68,1,60000,23,0
3313,Redmond,WA,M,M,0,4.68,1,40000,46,0
10199,Royal Oak,BC,M,M,1,4.66,1,140000,26,0
4483,Guadalajara,Jalisco,S,F,0,4.66,2,40000,80,1
347,Bellingham,WA,S,F,0,4.640000000000001,1,20000,53,1
4428,La Mesa,CA,S,F,0,4.6,1,20000,78,0
4267,Pomona,CA,M,F,0,4.59,1,20000,24,0
5553,Downey,CA,S,F,0,4.58,1,40000,21,0
1069,Los Angeles,CA,S,M,0,4.53,1,140000,75,1
2731,West Covina,CA,S,M,0,4.5200000000000005,1,40000,42,0
9710,Newport Beach,CA,S,M,0,4.5,1,20000,21,0
5815,Cliffside,BC,M,F,5,4.5,1,40000,56,0
3373,Ballard,WA,M,F,0,4.49,1,100000,48,0
5934,Sooke,BC,S,F,0,4.470000000000001,1,40000,51,0
4721,Palo Alto,CA,S,M,0,4.460000000000001,1,80000,64,0
6784,Marysville,WA,M,M,2,4.44,1,60000,23,0
5916,Bellingham,WA,M,F,2,4.44,1,40000,65,1
1247,Los Angeles,CA,S,F,0,4.44,1,20000,18,1
5076,Colma,CA,S,F,0,4.4399999999999995,1,60000,29,0
9751,Coronado,CA,M,M,3,4.439999999999999,1,60000,47,0
7562,Marysville,WA,S,M,0,4.43,1,20000,81,0
5728,Oakland,CA,M,M,1,4.43,1,150000,71,0
7160,Chula Vista,CA,M,M,1,4.3999999999999995,1,60000,28,0
6993,Anacortes,WA,M,M,3,4.39,1,20000,74,0
4432,Shawnee,BC,M,M,1,4.380000000000001,1,80000,40,0
8094,Downey,CA,S,F,0,4.359999999999999,1,60000,82,0
3430,Bellingham,WA,S,M,0,4.359999999999999,1,60000,20,1
2386,Redwood City,CA,M,M,1,4.33,2,40000,50,0
4902,Bellflower,CA,S,F,0,4.319999999999999,1,60000,23,0
5731,Beverly Hills,CA,M,F,3,4.28,1,60000,38,1
9506,Concord,CA,M,M,3,4.279999999999999,1,40000,66,0
6795,San Jose,CA,S,F,0,4.27,1,40000,26,0
8209,Richmond,CA,M,F,0,4.25,1,40000,48,0
3158,Marysville,WA,S,F,0,4.220000000000001,1,140000,86,0
738,Langford,BC,S,M,0,4.2,1,40000,57,0
6186,Everett,WA,M,M,4,4.18,1,60000,64,0
6031,Burien,WA,S,F,0,4.17,1,40000,23,0
5946,Royal Oak,BC,M,F,1,4.16,1,20000,75,0
331,Mill Valley,CA,S,M,0,4.16,2,40000,42,0
4059,Oakland,CA,M,M,1,4.140000000000001,1,20000,34,0
6546,Newton,BC,M,M,3,4.12,2,80000,24,0
1943,Redwood City,CA,M,M,0,4.12,1,40000,43,0
9145,Santa Monica,CA,M,F,1,4.119999999999999,1,80000,36,0
1063,Redwood City,CA,S,M,0,4.1000000000000005,1,80000,25,0
5689,Bellingham,WA,M,M,4,4.09,1,20000,72,1
1860,Langford,BC,S,M,0,4.08,1,80000,62,0
3831,Glendale,CA,M,F,0,4.04,1,140000,41,0
8284,Walla Walla,WA,S,F,0,4.0200000000000005,1,60000,60,1
6336,Redmond,WA,M,F,2,4.0200000000000005,1,40000,79,0
3551,Long Beach,CA,M,F,1,4.0200000000000005,1,40000,37,0
1752,Novato,CA,M,M,2,4.0200000000000005,1,120000,48,0
9575,Altadena,CA,S,M,0,4.02,1,60000,69,0
9948,Oak Bay,BC,S,F,0,4,1,60000,58,0
3960,Seattle,WA,M,F,3,3.99,1,140000,23,1
7434,Beaverton,OR,S,M,0,3.960000000000001,1,40000,33,0
3083,Langford,BC,M,F,3,3.96,1,40000,47,0
2977,Los Angeles,CA,S,M,0,3.92,1,120000,48,1
2010,Fremont,CA,S,M,0,3.91,1,120000,51,0
168,Walla Walla,WA,M,F,3,3.91,1,20000,35,1
49,Arcadia,CA,S,F,0,3.9,1,40000,68,0
9095,West Covina,CA,S,F,0,3.9,1,80000,49,0
8277,Bellingham,WA,M,M,3,3.88,1,20000,36,1
3043,Shawnee,BC,M,F,1,3.88,1,40000,87,0
1224,Chula Vista,CA,M,M,3,3.84,1,20000,65,0
6885,Metchosin,BC,S,M,0,3.81,1,60000,64,0
1148,Lynnwood,WA,M,F,1,3.8,1,80000,69,0
6901,Bellingham,WA,S,M,0,3.8,1,40000,43,1
2342,Woodland Hills,CA,M,M,1,3.8,1,20000,73,0
3189,Fremont,CA,M,F,3,3.74,1,80000,48,0
5793,Grossmont,CA,S,M,0,3.72,1,40000,59,0
4820,Metchosin,BC,M,F,1,3.6600000000000006,1,80000,84,0
4648,Langford,BC,M,F,2,3.6600000000000006,1,120000,33,0
1210,Glendale,CA,M,M,2,3.66,1,60000,25,0
2648,El Cajon,CA,M,M,1,3.66,1,40000,36,0
6984,Marysville,WA,S,F,0,3.64,1,80000,22,0
7686,Fremont,CA,M,F,2,3.62,1,40000,71,0
5628,San Francisco,CA,M,F,0,3.6000000000000005,1,40000,67,1
2165,Grossmont,CA,M,M,0,3.58,1,40000,54,0
3774,Arcadia,CA,M,F,1,3.54,1,40000,45,0
1315,Victoria,BC,M,M,2,3.4800000000000004,1,20000,71,1
8099,Port Hammond,BC,M,M,4,3.48,1,60000,54,0
2235,Grossmont,CA,M,F,1,3.46,1,20000,73,0
9958,Santa Cruz,CA,S,M,0,3.4400000000000004,1,20000,59,0
5022,Burien,WA,S,M,0,3.4200000000000004,1,20000,84,0
2119,Concord,CA,M,M,2,3.42,1,20000,33,0
9828,San Carlos,CA,S,M,0,3.4000000000000004,1,20000,26,0
10092,Walla Walla,WA,M,M,1,3.4,1,40000,44,1
4944,Ladner,BC,M,M,2,3.3600000000000003,1,40000,81,0
1015,Altadena,CA,M,M,4,3.3600000000000003,1,80000,82,0
5098,Sedro Woolley,WA,S,F,0,3.3400000000000003,1,40000,37,0
108,Shawnee,BC,M,M,1,3.34,1,100000,67,0
8590,Coronado,CA,S,M,0,3.3200000000000003,1,80000,33,0
2474,Anacortes,WA,M,F,1,3.3,1,140000,25,0
5648,Lakewood,CA,M,F,1,3.28,1,80000,44,0
9202,Daly City,CA,M,M,2,3.28,1,40000,75,0
2157,Oak Bay,BC,S,F,0,3.28,1,40000,56,0
8344,Novato,CA,M,F,0,3.24,1,80000,68,0
5567,San Jose,CA,S,M,0,3.24,1,60000,48,0
7938,Lemon Grove,CA,S,M,0,3.22,1,60000,34,0
4421,Redwood City,CA,M,F,3,3.22,1,20000,28,0
3887,El Cajon,CA,S,M,0,3.22,1,20000,36,0
1565,La Jolla,CA,M,M,0,3.22,1,60000,84,0
7233,Walla Walla,WA,S,F,0,3.21,1,40000,62,1
9277,Burlingame,CA,M,M,2,3.1600000000000006,1,60000,72,0
10100,Lynnwood,WA,S,F,0,3.16,1,80000,57,0
3914,San Carlos,CA,M,F,1,3.1599999999999997,1,20000,79,0
3126,Daly City,CA,M,F,0,3.1399999999999997,1,40000,30,0
5271,Issaquah,WA,S,M,0,3.1199999999999997,1,60000,37,0
209,Imperial Beach,CA,S,M,0,3.1199999999999997,1,80000,73,0
3824,Richmond,CA,M,F,0,3.1100000000000003,1,20000,75,0
3217,Bellingham,WA,M,M,0,3.1100000000000003,1,150000,33,1
3222,San Gabriel,CA,M,M,1,3.0999999999999996,1,80000,52,0
8136,N. Vancouver,BC,S,F,0,3.0900000000000003,1,40000,26,0
7722,San Francisco,CA,M,M,2,3.0800000000000005,1,40000,69,1
7937,Chula Vista,CA,M,M,2,3.08,1,40000,54,0
3055,Oak Bay,BC,M,M,1,3.06,1,140000,21,0
3461,Spring Valley,CA,M,M,1,3.0599999999999996,1,20000,31,0
6986,Shawnee,BC,M,F,5,3.04,1,100000,30,0
6638,Lynnwood,WA,S,F,0,3.0000000000000004,1,40000,32,0
3458,Coronado,CA,S,F,0,2.9999999999999996,1,20000,61,0
2741,Sedro Woolley,WA,S,M,0,2.9800000000000004,1,80000,51,0
5749,Palo Alto,CA,M,M,4,2.97,1,140000,23,0
2277,Long Beach,CA,M,F,0,2.9399999999999995,1,20000,20,0
6513,Redwood City,CA,M,F,0,2.91,1,40000,68,0
9211,San Carlos,CA,S,F,0,2.8899999999999997,1,80000,70,0
4390,W. Linn,OR,M,F,1,2.88,1,80000,48,0
5328,Anacortes,WA,M,F,0,2.84,1,80000,47,0
1300,Berkeley,CA,M,M,0,2.84,1,40000,68,0
2370,Royal Oak,BC,S,M,0,2.83,1,100000,73,0
3572,Oregon City,OR,S,M,0,2.8,1,40000,43,0
6178,Spring Valley,CA,S,M,0,2.78,1,60000,25,0
736,Anacortes,WA,S,M,0,2.78,1,120000,28,0
7944,Guadalajara,Jalisco,S,M,0,2.76,1,20000,67,1
5919,Burlingame,CA,M,F,5,2.75,1,40000,60,0
4012,Imperial Beach,CA,S,F,0,2.7300000000000004,1,20000,54,0
7974,San Jose,CA,S,M,0,2.72,1,40000,40,0
2072,Oak Bay,BC,S,F,0,2.7000000000000006,1,40000,69,0
5698,Shawnee,BC,M,M,2,2.7,1,20000,33,0
4268,Lake Oswego,OR,M,M,0,2.7,1,120000,28,0
1110,Issaquah,WA,M,M,1,2.6800000000000006,1,20000,31,0
6599,Walla Walla,WA,S,F,0,2.62,1,40000,80,1
10197,Redwood City,CA,M,F,3,2.5999999999999996,1,40000,37,0
3453,Daly City,CA,M,M,0,2.5999999999999996,1,60000,34,0
5116,Marysville,WA,M,F,1,2.5799999999999996,1,40000,45,0
9173,Beaverton,OR,S,M,0,2.56,1,140000,21,0
5518,Pomona,CA,M,M,2,2.55,1,20000,64,0
3781,Oak Bay,BC,S,F,0,2.55,1,60000,65,0
3502,Oak Bay,BC,M,F,0,2.52,1,60000,50,0
1685,Bellingham,WA,S,F,0,2.48,1,20000,30,1
3472,Metchosin,BC,S,M,0,2.47,1,60000,73,0
8657,Edmonds,WA,S,M,0,2.46,1,40000,44,0
6783,Concord,CA,S,F,0,2.4400000000000004,1,40000,62,0
5862,Sedro Woolley,WA,S,F,0,2.4,1,40000,86,0
4242,Berkeley,CA,M,F,1,2.3899999999999997,1,40000,28,0
1356,Oak Bay,BC,S,M,0,2.38,1,20000,49,0
8868,Burlingame,CA,S,F,0,2.32,1,100000,28,0
1810,Bellingham,WA,M,F,0,2.31,1,60000,66,1
3993,Spring Valley,CA,S,M,0,2.3000000000000003,1,100000,42,0
9015,Burnaby,BC,S,F,0,2.28,1,60000,76,0
2554,Redmond,WA,S,F,0,2.2499999999999996,1,60000,82,0
8079,Anacortes,WA,S,F,0,2.21,1,80000,62,0
6853,Everett,WA,M,M,1,2.16,1,60000,38,0
1011,Guadalajara,Jalisco,S,M,0,2.16,1,60000,36,1
1569,San Jose,CA,S,M,0,2.13,1,60000,73,0
8499,Imperial Beach,CA,S,M,0,2.07,1,20000,44,0
956,Woodland Hills,CA,M,M,2,2.0500000000000003,1,120000,70,0
4825,Pomona,CA,M,F,2,2.01,1,120000,57,0
5474,Chula Vista,CA,S,F,0,2,1,120000,86,0
1640,Santa Cruz,CA,S,M,0,1.94,1,60000,31,0
4014,Shawnee,BC,S,F,0,1.9,1,60000,83,0
5651,W. Linn,OR,M,F,1,1.88,1,40000,34,0
9646,Sedro Woolley,WA,S,M,0,1.86,1,80000,32,0
7289,Marysville,WA,M,M,3,1.84,1,40000,37,0
4760,Novato,CA,S,M,0,1.82,1,80000,42,0
4665,La Jolla,CA,S,M,0,1.81,1,20000,83,0
1512,Pomona,CA,S,M,0,1.7200000000000002,1,60000,70,0
9346,Seattle,WA,S,M,0,1.72,1,20000,21,1
3965,Coronado,CA,M,M,0,1.6199999999999997,1,40000,49,0
8759,El Cajon,CA,M,M,0,1.52,1,20000,65,0
5725,Edmonds,WA,S,M,0,1.52,1,60000,49,0
2758,Newport Beach,CA,M,M,3,1.52,1,20000,24,0
9994,Mill Valley,CA,M,M,1,1.5,1,40000,23,0
4494,Redwood City,CA,S,F,0,1.5,1,20000,73,0
6255,Redwood City,CA,S,M,0,1.4900000000000002,1,60000,61,0
713,Berkeley,CA,S,M,0,1.4800000000000002,1,80000,20,0
3623,Daly City,CA,S,M,0,1.45,1,100000,50,0
2854,Sedro Woolley,WA,M,F,0,1.39,1,40000,69,0
3677,Langley,BC,M,M,5,1.38,1,40000,19,0
8641,San Carlos,CA,M,M,0,1.34,1,40000,61,0
6325,Mill Valley,CA,S,M,0,1.2899999999999998,1,150000,24,0
8335,Long Beach,CA,M,F,0,1.2600000000000002,1,40000,61,0
6955,W. Linn,OR,M,F,4,1.24,1,60000,78,0
7803,Oakland,CA,M,M,1,1.2300000000000002,1,60000,59,0
10023,Daly City,CA,S,F,0,1.2100000000000002,1,40000,62,0
8874,Mill Valley,CA,M,M,1,1.18,1,60000,61,0
8334,W. Linn,OR,M,M,3,1.17,1,20000,58,0
1316,Woodland Hills,CA,M,M,1,1.14,1,20000,86,0
8984,Beverly Hills,CA,M,F,2,1,1,80000,49,1
5885,Colma,CA,S,F,0,1,1,40000,47,0
417,West Covina,CA,S,F,0,1,1,60000,50,0
9989,Royal Oak,BC,M,M,1,0.93,1,60000,23,0
998,Ladner,BC,M,F,0,0.93,1,80000,35,0
2383,Sedro Woolley,WA,M,M,1,0.92,1,80000,27,0
6060,Beaverton,OR,S,M,0,0.7799999999999999,1,80000,71,0
2630,Sedro Woolley,WA,M,F,3,0.6200000000000001,1,60000,20,0
