customer_id,avg_monthly_expenditure,sd_monthly_expenditure,num_monthly_visit,customer_city,customer_state_province,marital_status,gender,num_children_at_home,days_visited,income,age,num_stores
11,3.6958333333333333,12.802742219279951,1,La Mesa,CA,S,M,0,1,60000,31,0
12,1.39,4.815101245041479,1,Chula Vista,CA,S,F,0,1,40000,27,0
14,4.970833333333333,7.641599616374159,4,Lincoln Acres,CA,M,F,2,4,60000,86,0
18,2.2066666666666666,7.644117564070645,1,Altadena,CA,M,M,2,1,40000,84,0
20,16.105,30.064495671805307,4,Spring Valley,CA,S,F,0,5,20000,24,0
23,4.041666666666667,14.000744027848425,1,La Jolla,CA,S,F,0,1,40000,82,0
26,5.694166666666667,10.686485482594218,3,Burbank,CA,S,M,0,3,20000,44,0
31,1.5199999999999998,5.265434455009387,1,Concord,CA,M,F,3,1,60000,20,0
34,11.034166666666668,30.485296145200987,2,La Mesa,CA,M,F,1,3,60000,79,0
38,8.68,13.862881112065873,4,Arcadia,CA,S,M,0,4,40000,40,0
43,7.134166666666667,15.557270418643109,3,Burbank,CA,S,F,0,3,60000,21,0
44,2.2958333333333334,7.952999958087095,1,Bellflower,CA,S,M,0,1,40000,81,0
49,0.4716666666666667,1.633901261806641,1,Arcadia,CA,S,F,0,1,40000,68,0
50,4.245833333333334,14.707998107605718,1,Altadena,CA,S,M,0,1,120000,76,0
55,9.904166666666667,18.428709548041084,3,Grossmont,CA,M,M,2,3,20000,74,0
62,2.5425,5.461724877395751,3,Santa Monica,CA,M,M,1,3,40000,67,0
70,5.230833333333333,12.218273541435112,2,Coronado,CA,M,M,0,2,40000,26,0
77,9.41,25.088452251257678,2,Downey,CA,S,M,0,2,60000,77,0
80,5.6525,14.661293583632194,3,Lemon Grove,CA,S,F,0,3,80000,52,0
83,5.165,10.541657192473883,3,Arcadia,CA,S,F,0,3,120000,29,0
89,2.254166666666667,7.808662390789689,1,Woodland Hills,CA,S,F,0,1,80000,24,0
91,0.9199999999999999,3.186973485926734,1,Long Beach,CA,M,M,1,1,60000,42,0
105,7.869999999999999,14.180718663670815,4,National City,CA,M,M,3,4,150000,65,0
106,2.0875,5.124925054884395,2,Long Beach,CA,S,M,0,2,60000,19,0
110,3.7533333333333334,13.001928062150371,1,West Covina,CA,S,M,0,1,20000,56,0
111,1.6758333333333333,5.805256956701687,1,Palo Alto,CA,M,F,2,1,80000,33,0
112,6.4725,22.421397703979117,1,Santa Monica,CA,M,F,1,1,40000,50,0
115,7.559166666666667,13.64355089632483,4,Altadena,CA,S,F,0,4,100000,21,0
121,3.87,9.662176491114957,2,Santa Monica,CA,S,F,0,2,40000,86,0
124,1.2233333333333334,4.237750975851853,1,Oakland,CA,S,F,0,1,80000,68,0
125,5.689166666666667,11.650280104579096,3,Bellflower,CA,M,M,2,3,80000,26,0
131,3.3216666666666668,11.506590864949242,1,La Jolla,CA,S,M,0,1,20000,54,0
133,4.615833333333334,12.361169007922522,2,Burbank,CA,M,M,0,2,40000,83,0
137,9.89,16.86625894824015,4,Newport Beach,CA,M,F,3,4,140000,55,0
139,7.695833333333334,17.876293828996157,3,Coronado,CA,M,M,1,3,40000,67,0
140,12.868333333333332,21.823477280352474,4,La Mesa,CA,M,M,1,5,20000,51,0
143,5.159166666666667,14.203093426390883,2,Glendale,CA,M,F,5,2,40000,23,0
149,4.673333333333333,13.45931399935871,2,Chula Vista,CA,S,M,0,2,60000,34,0
151,1.3783333333333332,4.774686726198205,1,San Jose,CA,M,F,0,1,40000,39,0
157,7.885,12.549550154922251,4,La Mesa,CA,S,F,0,4,60000,88,0
161,2.2925,6.869904227200631,2,Grossmont,CA,M,F,0,2,40000,65,0
163,7.788333333333333,15.206426173486555,3,Los Angeles,CA,S,F,0,3,20000,46,1
164,6.928333333333334,13.753640730124273,3,Coronado,CA,S,F,0,3,40000,51,0
167,1.4783333333333333,5.12109688771198,1,Lemon Grove,CA,S,M,0,1,80000,66,0
171,7.3374999999999995,17.84040568484921,2,Downey,CA,M,M,1,2,20000,66,0
179,2.8533333333333335,9.884236608526393,1,Lakewood,CA,S,M,0,1,140000,80,0
186,2.288333333333333,5.4431021124043415,2,Imperial Beach,CA,M,F,2,3,120000,67,0
191,8.844166666666666,20.84206474605594,2,Arcadia,CA,S,F,0,2,40000,49,0
193,2.353333333333333,8.152185800957515,1,Los Angeles,CA,S,M,0,1,40000,56,1
197,6.5725,15.369336133412471,2,National City,CA,M,F,1,3,20000,50,0
198,1.5741666666666667,5.453073292496016,1,Imperial Beach,CA,M,F,1,1,20000,59,0
200,3.513333333333333,12.17054367451731,1,Los Angeles,CA,S,F,0,1,60000,21,1
207,0.9858333333333333,3.4150268422566366,1,La Jolla,CA,S,M,0,1,80000,60,0
209,0.49,1.6974097914174997,1,Imperial Beach,CA,S,M,0,1,80000,73,0
213,1.9066666666666665,6.604887079529319,1,Woodland Hills,CA,S,F,0,1,40000,83,0
215,4.2491666666666665,14.71954511298951,1,National City,CA,M,M,1,1,60000,79,0
219,2.0208333333333335,7.0003720139242125,1,Bellflower,CA,M,M,2,1,40000,21,0
222,17.621666666666666,26.765543261077404,4,Lemon Grove,CA,S,F,0,6,100000,26,0
227,4.915,11.482416201226195,2,Burbank,CA,S,F,0,2,40000,35,0
228,4.079166666666667,9.834666383705544,2,El Cajon,CA,M,F,0,2,100000,40,0
240,6.260833333333333,13.608682027116053,3,Glendale,CA,M,M,2,4,40000,38,0
246,14.141666666666666,27.18261972569081,3,Lincoln Acres,CA,S,M,0,4,40000,74,0
251,2.1666666666666665,7.505553499465135,1,La Mesa,CA,S,F,0,1,40000,23,0
252,4.335833333333333,10.195718761353024,2,Chula Vista,CA,M,M,1,2,40000,35,0
257,4.085,14.150855097837729,1,National City,CA,M,F,3,1,40000,40,0
258,3.3183333333333334,6.1852167351359695,3,Coronado,CA,S,M,0,3,40000,86,0
261,5.465,18.93131532672783,1,Spring Valley,CA,S,M,0,1,140000,50,0
267,5.054166666666666,17.508146913175402,1,Altadena,CA,S,F,0,1,140000,34,0
268,9.965,31.433159243066868,2,San Gabriel,CA,M,M,0,4,40000,30,0
270,3.535,12.245599209511962,1,San Diego,CA,S,M,0,1,80000,18,1
273,11.056666666666667,23.00063648658182,3,Long Beach,CA,S,F,0,4,40000,73,0
275,6.993333333333333,17.407290705246744,2,Torrance,CA,M,F,1,3,40000,48,0
281,8.1625,21.807294077899716,2,Bellflower,CA,S,F,0,2,60000,69,0
283,1.4225,4.927684547533456,1,Novato,CA,S,M,0,1,60000,87,0
285,3.276666666666667,11.350706292268043,1,Woodland Hills,CA,M,F,3,1,40000,85,0
287,5.204166666666667,13.534613846345856,2,Arcadia,CA,M,F,0,2,60000,43,0
288,5.940833333333333,18.308692648989208,2,Downey,CA,M,F,1,2,40000,22,0
289,3.388333333333333,10.079264794015424,2,Los Angeles,CA,S,F,0,2,40000,50,1
294,3.8941666666666666,9.471853479300307,2,Imperial Beach,CA,S,F,0,2,40000,63,0
296,10.513333333333334,19.572415344669203,3,Los Angeles,CA,M,F,4,5,140000,79,1
301,13.6075,30.530500137344028,3,Coronado,CA,M,F,5,5,40000,20,0
303,0.9591666666666666,3.322650799186296,1,Fremont,CA,M,M,0,1,40000,54,0
311,3.9600000000000004,13.71784239594551,1,Pomona,CA,S,M,0,1,40000,33,0
312,5.551666666666667,17.117742965777477,2,Downey,CA,M,M,2,2,40000,22,0
323,6.730833333333333,16.696387991709372,2,Lemon Grove,CA,M,F,3,2,40000,29,0
329,5.541666666666667,13.884629718658054,2,San Gabriel,CA,S,F,0,3,40000,30,0
331,0.6283333333333334,1.6560678144510286,2,Mill Valley,CA,S,M,0,2,40000,42,0
333,4.11,14.23745763821617,1,Newport Beach,CA,S,F,0,1,80000,34,0
336,16.435833333333335,23.479165409642086,6,Bellflower,CA,M,M,2,8,20000,63,0
342,1.9591666666666667,6.786752414324051,1,La Mesa,CA,M,F,3,1,40000,28,0
350,10.068333333333332,25.019053406021044,2,Long Beach,CA,S,F,0,3,150000,70,0
360,5.849166666666666,14.230003806511554,2,La Mesa,CA,M,M,2,3,40000,49,0
363,2.521666666666667,8.73530957283904,1,San Gabriel,CA,M,F,2,1,140000,44,0
364,25.023333333333333,28.76468520862892,6,Glendale,CA,M,F,4,7,60000,33,0
365,2.276666666666667,5.5585533326140855,2,Burlingame,CA,S,F,0,2,60000,35,0
366,2.316666666666667,8.025168741735799,1,National City,CA,S,M,0,1,140000,22,0
369,7.398333333333333,17.569917386535913,2,Altadena,CA,M,F,0,3,40000,71,0
370,8.184166666666666,13.814859890273183,4,Santa Monica,CA,M,M,0,4,40000,21,0
377,2.885,9.993933159672421,1,Beverly Hills,CA,M,F,2,1,80000,52,1
381,24.336666666666666,36.78811896481929,5,Glendale,CA,M,F,4,6,20000,40,0
388,0.7766666666666667,2.690452254423656,1,Arcadia,CA,S,F,0,1,60000,80,0
390,2.089166666666667,7.237085624291959,1,Fremont,CA,S,M,0,1,40000,25,0
391,4.925833333333333,12.514958655605504,2,Bellflower,CA,S,M,0,2,40000,18,0
394,0.9633333333333334,3.337084555916037,1,Concord,CA,S,M,0,1,40000,88,0
395,4.13,14.306739670518928,1,San Diego,CA,M,F,4,2,80000,42,1
396,5.565833333333334,13.539828425348631,2,National City,CA,M,F,0,2,40000,25,0
399,13.193333333333333,45.703047309050774,1,Burbank,CA,M,M,1,4,60000,68,0
404,0.7341666666666667,2.5432279357803016,1,Woodland Hills,CA,M,M,3,1,60000,23,0
405,13.800833333333333,31.82118118438876,3,Bellflower,CA,S,F,0,5,40000,79,0
406,4.398333333333333,15.236273603914224,1,West Covina,CA,S,M,0,1,40000,44,0
408,5.879166666666666,10.874230136455916,3,Santa Monica,CA,M,F,3,4,60000,82,0
409,7.365,17.203236217747996,2,La Jolla,CA,M,M,0,2,20000,50,0
417,0.14833333333333334,0.5138417395787669,1,West Covina,CA,S,F,0,1,60000,50,0
424,8.395,20.145923792532955,2,West Covina,CA,M,F,2,2,20000,83,0
429,1.3683333333333334,4.740045710046828,1,Altadena,CA,S,M,0,1,60000,35,0
436,4.515833333333333,11.132169157514413,2,Long Beach,CA,M,M,1,2,80000,31,0
442,3.7516666666666665,9.339130612967173,2,Torrance,CA,M,F,4,2,120000,44,0
447,2.6491666666666664,6.7009327143632955,2,Altadena,CA,S,M,0,2,20000,22,0
453,4.761666666666667,9.679768811414053,3,Coronado,CA,M,F,1,3,40000,28,0
457,3.5325,12.236938955474118,1,Torrance,CA,S,F,0,1,40000,69,0
466,0.935,3.2389350101538006,1,Glendale,CA,M,M,4,1,60000,65,0
469,1.165,4.035678381635484,1,Pomona,CA,M,M,1,1,40000,61,0
471,4.1875,12.587561771988902,2,Coronado,CA,S,F,0,2,40000,57,0
475,1.2883333333333333,4.462917580835807,1,Glendale,CA,M,M,2,1,40000,51,0
476,1.0841666666666667,3.7556635010785153,1,Lakewood,CA,S,F,0,1,80000,72,0
478,11.353333333333333,22.674250246533493,4,La Mesa,CA,M,F,0,6,60000,69,0
481,13.113333333333333,32.89745564445354,2,Spring Valley,CA,M,M,1,3,40000,86,0
482,2.09,5.499199941809718,2,Imperial Beach,CA,S,M,0,2,40000,68,0
487,14.203333333333333,22.433067853803085,4,Beverly Hills,CA,S,F,0,4,40000,28,1
499,4.297499999999999,11.953362497640569,2,Chula Vista,CA,S,M,0,2,60000,19,0
500,4.86,16.835533849569487,1,Bellflower,CA,M,F,1,1,20000,63,0
505,4.5633333333333335,15.807850370411952,1,Bellflower,CA,M,F,4,2,100000,27,0
507,1.7825,6.1747611289830475,1,Palo Alto,CA,S,M,0,1,80000,33,0
508,1.7983333333333333,4.245889634443975,2,Burlingame,CA,M,F,1,2,40000,61,0
509,5.6875,13.549102033311687,2,Pomona,CA,M,M,2,2,60000,30,0
512,1.5466666666666666,5.3578104980797265,1,El Cajon,CA,M,F,3,1,40000,43,0
516,1.6416666666666666,5.686900151517813,1,San Francisco,CA,S,M,0,1,80000,58,1
517,4.365,15.1208035500763,1,Newport Beach,CA,M,M,2,1,40000,76,0
524,12.638333333333334,20.3785577299159,4,Glendale,CA,S,F,0,4,20000,56,0
526,7.490833333333334,17.77747065470192,2,National City,CA,M,F,1,3,40000,44,0
529,11.550833333333333,29.760951065672167,2,Chula Vista,CA,S,M,0,3,40000,47,0
536,3.6875,12.77387470582047,1,Chula Vista,CA,M,M,5,1,100000,48,0
541,3.123333333333333,10.819544044613586,1,Grossmont,CA,S,M,0,1,60000,32,0
547,1.7216666666666667,5.964028280728835,1,National City,CA,S,M,0,1,60000,48,0
557,3.3666666666666667,11.66247543763044,1,Torrance,CA,S,F,0,2,20000,61,0
574,3.8441666666666667,13.316583958858718,1,La Jolla,CA,S,F,0,1,40000,32,0
575,6.244166666666667,15.492630188302925,2,Imperial Beach,CA,M,F,4,2,60000,48,0
578,9.050833333333333,17.35822647954426,3,San Diego,CA,S,M,0,4,40000,31,1
581,7.973333333333334,19.96431240230852,2,Imperial Beach,CA,S,M,0,2,40000,65,0
584,1.4383333333333335,4.982532823106471,1,Coronado,CA,M,M,1,1,80000,24,0
593,6.125,14.579118005496143,2,Beverly Hills,CA,M,M,2,2,40000,26,1
595,4.88,11.45479732767812,2,La Jolla,CA,S,M,0,3,60000,70,0
598,2.799166666666667,9.696597771039766,1,Newport Beach,CA,M,M,0,1,20000,59,0
600,1.5425000000000002,5.343376741349987,1,Long Beach,CA,M,F,2,1,20000,27,0
601,6.357499999999999,22.023026018238273,1,Beverly Hills,CA,S,M,0,2,40000,65,1
603,2.1783333333333332,7.545968018308409,1,La Jolla,CA,M,M,0,1,40000,84,0
604,3.254166666666667,8.090432574493422,2,Richmond,CA,S,F,0,2,60000,35,0
605,2.4516666666666667,8.492822459779395,1,Burbank,CA,M,F,3,1,150000,69,0
610,2.16,7.48245948869755,1,Daly City,CA,M,F,2,1,20000,87,0
611,1.0791666666666666,3.7383429930028265,1,Grossmont,CA,S,F,0,1,40000,27,0
618,3.9949999999999997,11.120471294787006,2,Grossmont,CA,M,M,0,2,40000,58,0
623,1.1408333333333334,3.951962592602988,1,Lincoln Acres,CA,M,F,1,1,40000,72,0
629,8.394166666666667,20.151405301022074,2,La Mesa,CA,M,M,2,2,20000,84,0
630,3.265,11.310291773424769,1,El Cajon,CA,S,F,0,1,80000,63,0
631,2.8241666666666667,7.200734127135716,2,Oakland,CA,M,F,0,2,60000,88,0
641,3.720833333333333,12.889344759658394,1,Spring Valley,CA,S,F,0,1,60000,45,0
642,7.9675,18.63630724492577,2,Spring Valley,CA,S,F,0,2,20000,21,0
646,5.4558333333333335,13.368543443018718,2,Bellflower,CA,S,M,0,2,60000,52,0
651,4.921666666666667,17.049153449169648,1,Imperial Beach,CA,M,M,0,1,40000,45,0
652,7.8566666666666665,21.13159088505485,2,Newport Beach,CA,S,M,0,3,40000,28,0
653,0.7275,2.5201339250127166,1,Long Beach,CA,S,F,0,1,20000,36,0
654,2.1016666666666666,5.16496912484538,2,Chula Vista,CA,M,F,2,2,140000,87,0
657,4.532500000000001,12.945215420097393,2,Glendale,CA,M,F,4,2,20000,72,0
658,21.8125,42.35534078698716,5,Glendale,CA,S,M,0,7,140000,86,0
660,2.9166666666666665,10.103629710818451,1,Los Angeles,CA,S,F,0,1,60000,26,1
661,8.3025,17.30242974266909,3,Pomona,CA,M,M,0,3,60000,82,0
665,1.7458333333333333,6.04774406976133,1,San Gabriel,CA,S,F,0,1,60000,53,0
666,0.7933333333333333,2.7481872813426187,1,Lemon Grove,CA,M,F,0,1,60000,70,0
669,9.358333333333333,14.316211937605011,5,Newport Beach,CA,S,F,0,5,40000,75,0
676,7.558333333333334,18.249740637426424,2,Lakewood,CA,S,M,0,2,40000,39,0
679,5.0375,9.892381021408712,3,Pomona,CA,S,M,0,3,40000,53,0
681,0.6,2.078460969082653,1,Chula Vista,CA,S,F,0,1,80000,22,0
689,5.998333333333333,14.554897228539037,2,Lincoln Acres,CA,S,M,0,2,40000,22,0
690,5.843333333333333,13.653482628208375,2,Lincoln Acres,CA,S,F,0,2,150000,30,0
700,9.55,16.665767309068013,4,Lemon Grove,CA,S,F,0,4,60000,37,0
706,1.6666666666666667,5.773502691896258,1,Arcadia,CA,S,M,0,1,20000,27,0
709,3.9433333333333334,10.023742118620474,2,Downey,CA,M,F,1,2,120000,49,0
712,4.5575,10.377575583921324,3,San Gabriel,CA,M,F,2,3,60000,20,0
713,0.225,0.7794228634059948,1,Berkeley,CA,S,M,0,1,80000,20,0
717,7.920833333333333,19.56038225055632,2,Lakewood,CA,S,M,0,3,120000,58,0
720,5.729166666666667,13.424729865799794,2,Lincoln Acres,CA,M,F,0,2,60000,33,0
721,10.720833333333333,19.715174339640626,3,Woodland Hills,CA,M,F,0,3,60000,24,0
723,9.4425,18.86339799958929,3,Long Beach,CA,S,F,0,3,150000,80,0
727,6.503333333333333,16.97363320690135,2,Downey,CA,M,F,3,2,40000,30,0
729,3.8074999999999997,13.189566899636999,1,Lincoln Acres,CA,S,F,0,1,80000,75,0
730,8.7375,22.18052139931464,2,Santa Monica,CA,M,F,2,2,140000,61,0
733,3.705,12.834496484085381,1,Grossmont,CA,S,M,0,1,40000,79,0
734,3.584166666666667,8.374653814645207,2,Pomona,CA,S,M,0,2,40000,28,0
741,12.2425,21.789834629519753,4,Imperial Beach,CA,M,M,1,4,40000,84,0
746,2.5741666666666667,6.047482509025528,2,West Covina,CA,S,M,0,2,80000,22,0
747,7.055833333333333,18.0122006420564,2,San Diego,CA,M,M,2,2,80000,80,1
751,7.7175,17.963621888796155,3,Burbank,CA,S,F,0,3,60000,24,0
755,4.26,9.955062668174055,2,Woodland Hills,CA,S,F,0,2,40000,82,0
763,1.7141666666666666,5.938047518615301,1,Beverly Hills,CA,M,F,0,1,100000,79,1
764,0.8466666666666667,2.9329393674832986,1,Santa Monica,CA,M,M,0,1,40000,37,0
776,3.845833333333333,8.982089712648198,2,Coronado,CA,S,F,0,2,20000,41,0
781,9.526666666666667,21.671152729055752,3,Lemon Grove,CA,M,F,1,3,60000,58,0
792,3.1799999999999997,8.954073730075956,2,Pomona,CA,S,M,0,2,60000,36,0
796,7.3374999999999995,17.728751237877567,3,La Jolla,CA,S,M,0,3,40000,57,0
801,5.177499999999999,12.65267066670116,2,Downey,CA,M,M,0,2,80000,56,0
803,10.823333333333332,16.646928372598477,4,Newport Beach,CA,S,F,0,5,20000,87,0
805,2.6841666666666666,9.298226085298923,1,Arcadia,CA,S,F,0,1,60000,46,0
809,4.343333333333334,12.234213823486488,2,Torrance,CA,S,M,0,2,140000,18,0
811,2.4308333333333336,8.420653676130692,1,San Carlos,CA,M,M,3,1,20000,31,0
816,5.618333333333333,16.616848970155853,2,West Covina,CA,M,F,1,2,20000,33,0
820,3.341666666666667,11.575872897251996,1,La Jolla,CA,S,M,0,1,60000,48,0
823,8.071666666666667,16.419200973435355,3,Coronado,CA,S,M,0,3,40000,36,0
827,10.764166666666666,20.470910828576123,3,Grossmont,CA,S,M,0,3,60000,88,0
834,8.3775,19.874467002573017,2,Spring Valley,CA,S,M,0,2,40000,81,0
835,1.0533333333333335,3.648853701278435,1,San Francisco,CA,S,M,0,1,80000,85,1
839,1.9608333333333334,6.792525917015947,1,Long Beach,CA,S,F,0,1,20000,47,0
840,7.045833333333333,18.43789598444826,2,Downey,CA,S,M,0,2,120000,73,0
846,3.92,13.579278331339998,1,Chula Vista,CA,S,F,0,1,40000,71,0
849,7.7008333333333345,20.910350833252348,2,Glendale,CA,S,F,0,3,20000,68,0
857,2.9491666666666667,7.940319959586393,2,San Gabriel,CA,S,M,0,2,40000,37,0
861,2.7933333333333334,9.676390511618129,1,Newport Beach,CA,S,F,0,1,20000,71,0
864,0.9075000000000001,3.1436722157375123,1,Chula Vista,CA,S,F,0,1,100000,20,0
868,7.974166666666667,14.573499273016282,4,Lakewood,CA,S,M,0,4,40000,35,0
873,5.684166666666667,13.286655956829451,2,Lemon Grove,CA,M,F,2,2,40000,30,0
874,4.0216666666666665,11.76106120237713,2,Arcadia,CA,M,M,1,2,40000,54,0
879,4.315833333333333,14.950485220665358,1,Downey,CA,M,M,5,1,120000,68,0
881,7.521666666666667,19.048725003065805,3,Lincoln Acres,CA,S,M,0,3,40000,70,0
882,17.03,35.03971071902174,3,National City,CA,S,M,0,5,60000,20,0
885,10.826666666666666,17.243078892615717,4,El Cajon,CA,S,M,0,4,40000,79,0
888,4.27,10.230164843602116,2,Lincoln Acres,CA,S,M,0,2,100000,76,0
890,1.8058333333333334,6.255590166669595,1,La Jolla,CA,S,M,0,1,80000,43,0
891,9.025,13.933395135429127,4,San Gabriel,CA,S,F,0,4,40000,70,0
892,11.094166666666666,21.350129851993163,3,Glendale,CA,M,F,0,3,40000,27,0
898,12.235833333333334,20.660855151858083,4,Santa Monica,CA,M,F,0,5,60000,63,0
900,7.234999999999999,16.28141634446519,3,Lemon Grove,CA,S,F,0,3,20000,79,0
903,5.1875,17.970027128527104,1,El Cajon,CA,S,M,0,2,140000,87,0
906,7.6450000000000005,18.354002040674697,2,San Diego,CA,M,M,1,3,60000,86,1
907,2.0733333333333333,7.182237348718944,1,Woodland Hills,CA,M,F,3,1,100000,80,0
909,2.4383333333333335,6.030024624302705,2,Glendale,CA,S,F,0,2,60000,21,0
916,2.815,9.751446046612779,1,Burbank,CA,S,M,0,1,140000,80,0
917,0.805,2.7886018001858925,1,Los Angeles,CA,M,M,0,1,140000,66,1
918,2.9850000000000003,9.08174242392645,2,Coronado,CA,M,M,0,3,120000,31,0
922,5.9191666666666665,13.980240899428757,2,Long Beach,CA,S,M,0,2,60000,36,0
927,9.262500000000001,22.46566435696928,2,Bellflower,CA,M,M,0,2,20000,30,0
932,1.51,5.23079343885801,1,Richmond,CA,S,F,0,1,20000,23,0
936,2.4274999999999998,8.4091066707469,1,San Diego,CA,M,F,2,1,140000,70,1
937,5.09,12.047716494310146,2,Woodland Hills,CA,M,F,2,2,20000,77,0
939,4.158333333333333,12.707624649887336,2,Long Beach,CA,M,M,1,2,20000,31,0
940,5.700833333333333,19.748265957631148,1,Arcadia,CA,M,F,2,1,20000,21,0
955,18.34166666666667,24.282029581689844,5,West Covina,CA,M,F,2,5,20000,54,0
956,0.2975,1.0305702305034818,1,Woodland Hills,CA,M,M,2,1,120000,70,0
957,4.0408333333333335,13.997857276502478,1,San Gabriel,CA,M,F,4,1,20000,40,0
958,6.870833333333334,13.138330085069503,3,Grossmont,CA,M,M,4,3,40000,65,0
961,4.548333333333333,15.755888846184886,1,Downey,CA,M,M,0,1,60000,87,0
964,4.3225,10.139668387082489,2,Santa Monica,CA,M,M,2,2,20000,67,0
967,8.022499999999999,19.132801023373446,2,Burbank,CA,S,F,0,2,40000,88,0
970,1.0816666666666668,3.7470032470406713,1,San Carlos,CA,S,F,0,1,20000,87,0
973,3.8375,13.293489948091132,1,Lemon Grove,CA,S,F,0,1,60000,73,0
975,8.589166666666667,12.802663400695778,4,Arcadia,CA,S,F,0,4,140000,25,0
980,5.610833333333334,13.959647988745884,2,West Covina,CA,M,F,1,3,60000,62,0
981,3.6649999999999996,12.69593241947987,1,National City,CA,S,M,0,1,60000,48,0
985,9.348333333333333,14.573700368274435,4,El Cajon,CA,M,F,2,4,20000,20,0
992,6.1175,15.922936072904964,2,Beverly Hills,CA,S,F,0,2,40000,61,1
995,11.341666666666667,17.56236566863325,4,Torrance,CA,M,M,0,4,40000,70,0
999,4.951666666666667,17.153076497623783,1,National City,CA,M,M,2,1,40000,75,0
1010,1.8399999999999999,6.373946971853468,1,Grossmont,CA,S,M,0,1,80000,36,0
1015,0.515,1.7840123317959435,1,Altadena,CA,M,M,4,1,80000,82,0
1021,6.199166666666667,16.906779951644648,2,National City,CA,M,M,3,2,80000,34,0
1023,2.8308333333333335,7.110130363634607,2,Long Beach,CA,M,M,1,2,60000,58,0
1028,4.314166666666667,10.094027449512664,2,Torrance,CA,M,M,2,2,60000,69,0
1031,2.3649999999999998,5.68140747606532,2,Pomona,CA,M,F,1,2,60000,43,0
1033,4.325833333333333,14.985126236816736,1,Chula Vista,CA,S,M,0,1,120000,72,0
1034,5.218333333333334,12.40300611166747,2,Spring Valley,CA,M,F,1,2,40000,62,0
1037,5.246666666666667,12.266105059607689,2,Woodland Hills,CA,S,M,0,2,40000,72,0
1043,6.785833333333334,15.848935988567087,2,Glendale,CA,M,M,4,2,120000,45,0
1044,3.3691666666666666,11.671135691668285,1,Grossmont,CA,S,F,0,1,60000,81,0
1051,2.8408333333333338,9.840935338337172,1,San Gabriel,CA,S,F,0,1,20000,26,0
1052,13.068333333333333,26.495549483342337,3,Glendale,CA,M,F,1,4,40000,34,0
1058,13.680000000000001,23.798035442218566,4,Altadena,CA,S,F,0,5,120000,63,0
1063,0.6525,2.2603263038773846,1,Redwood City,CA,S,M,0,1,80000,25,0
1064,9.706666666666667,22.10118398035122,3,Chula Vista,CA,S,F,0,3,60000,38,0
1069,0.6383333333333333,2.211251530996267,1,Los Angeles,CA,S,M,0,1,140000,75,1
1075,4.224166666666667,10.603522106385503,2,National City,CA,M,M,0,2,20000,60,0
1079,11.616666666666667,18.345747752709908,4,Lakewood,CA,M,F,1,4,40000,64,0
1080,5.976666666666667,14.036687211688799,2,San Gabriel,CA,M,M,2,2,120000,37,0
1081,1.1383333333333334,3.943302338565144,1,Berkeley,CA,M,M,1,1,80000,20,0
1085,8.418333333333333,16.341422455795822,3,Lakewood,CA,S,F,0,4,40000,34,0
1087,1.575,5.455960043841963,1,Los Angeles,CA,M,M,1,1,40000,55,1
1088,1.2691666666666668,4.044986702603906,2,San Jose,CA,S,F,0,2,140000,87,0
1090,4.1525,14.384681956859525,1,Woodland Hills,CA,S,M,0,2,40000,50,0
1091,5.873333333333333,10.818158416068398,3,Santa Monica,CA,S,F,0,3,20000,48,0
1102,3.4766666666666666,12.043526615295592,1,Pomona,CA,M,F,1,1,20000,55,0
1103,8.440833333333332,29.239904383108595,1,Chula Vista,CA,M,F,4,2,40000,58,0
1104,2.618333333333333,6.497448217056704,2,Altadena,CA,M,M,2,2,60000,57,0
1111,1.0866666666666667,3.7643237551163597,1,Novato,CA,M,M,1,1,20000,88,0
1112,2.5466666666666664,8.821912113217481,1,Lincoln Acres,CA,M,M,1,1,80000,65,0
1114,4.664166666666667,16.157147283271676,1,La Jolla,CA,M,M,1,1,40000,86,0
1123,6.6175,22.92369243817409,1,San Diego,CA,S,M,0,1,40000,66,1
1127,11.49,21.104475613222206,3,Burbank,CA,S,M,0,4,40000,25,0
1128,3.3000000000000003,11.43153532995459,1,Santa Monica,CA,S,F,0,1,20000,40,0
1133,8.670833333333334,13.820593631727016,4,Burbank,CA,S,F,0,4,40000,45,0
1136,15.690833333333334,29.87792297099325,3,Coronado,CA,S,F,0,4,120000,66,0
1137,10.525,16.668982354279244,5,West Covina,CA,M,F,2,5,20000,22,0
1138,2.1708333333333334,7.5199872561948755,1,Newport Beach,CA,M,M,2,1,40000,35,0
1144,9.852500000000001,19.842166819450668,4,West Covina,CA,M,M,1,5,80000,73,0
1146,5.429166666666666,15.43846757487951,2,Grossmont,CA,M,F,5,2,20000,24,0
1150,12.2275,23.285662043802443,3,Downey,CA,S,M,0,3,60000,22,0
1151,8.985833333333334,18.161983501175463,3,Lincoln Acres,CA,S,F,0,3,40000,57,0
1152,13.175,21.467685440722718,4,Beverly Hills,CA,M,M,2,4,40000,37,1
1155,2.6366666666666667,6.648782982735649,2,Torrance,CA,M,M,0,2,40000,80,0
1157,6.598333333333334,16.253863783075946,2,La Mesa,CA,M,M,1,2,40000,52,0
1160,0.8458333333333333,2.930052616137351,1,Fremont,CA,S,F,0,1,20000,56,0
1162,8.861666666666666,20.733812890293404,2,Torrance,CA,M,M,2,2,80000,63,0
1167,4.015,10.08887461063378,2,Altadena,CA,M,M,3,2,40000,72,0
1175,3.7025,12.825836230047535,1,Santa Monica,CA,M,F,3,2,120000,39,0
1176,2.796666666666667,9.68793751700192,1,Grossmont,CA,S,F,0,1,40000,86,0
1181,3.1966666666666663,6.2050585424435365,3,San Diego,CA,M,M,0,3,20000,77,1
1186,4.1825,11.22673928618635,3,Bellflower,CA,S,F,0,3,80000,29,0
1189,1.1933333333333334,4.1338279273977205,1,Woodland Hills,CA,S,M,0,1,20000,75,0
1191,3.035833333333333,10.516435153289034,1,National City,CA,S,M,0,1,20000,42,0
1198,1.8,6.235382907247958,1,Glendale,CA,M,M,2,1,60000,34,0
1203,5.4191666666666665,13.323774006935077,2,Burbank,CA,M,M,2,2,40000,74,0
1204,1.325,4.589934640057525,1,Spring Valley,CA,M,F,3,1,80000,68,0
1208,5.236666666666666,10.215517904668664,3,Daly City,CA,S,F,0,3,40000,24,0
1209,4.905833333333333,11.573061556385102,2,Spring Valley,CA,M,M,1,2,150000,35,0
1210,0.455,1.5761662348876784,1,Glendale,CA,M,M,2,1,60000,25,0
1218,5.309166666666667,12.921392732655221,2,Chula Vista,CA,S,M,0,2,40000,37,0
1224,0.545,1.8879353802500762,1,Chula Vista,CA,M,M,3,1,20000,65,0
1234,7.109166666666667,24.626875732283487,1,San Gabriel,CA,M,F,0,2,100000,42,0
1237,2.095833333333333,7.260179635059544,1,Newport Beach,CA,M,M,0,1,20000,86,0
1247,0.695,2.4075506225207395,1,Los Angeles,CA,S,F,0,1,20000,18,1
1251,4.260833333333333,11.85135240332844,2,Altadena,CA,M,M,1,2,20000,45,0
1252,5.364166666666667,10.353122022175755,3,Lemon Grove,CA,S,M,0,3,20000,71,0
1255,6.1225000000000005,13.007272179263973,3,Newport Beach,CA,S,M,0,3,60000,29,0
1256,16.4425,27.989262592189625,5,Bellflower,CA,M,M,3,6,40000,45,0
1261,6.676666666666667,15.59652603121683,2,Grossmont,CA,S,F,0,2,40000,32,0
1270,1.7508333333333332,4.308696192444749,2,Santa Monica,CA,M,F,0,2,20000,51,0
1274,5.6375,16.431539586472663,2,West Covina,CA,S,M,0,2,40000,87,0
1276,2.6233333333333335,9.08749323704471,1,Lincoln Acres,CA,M,M,2,1,40000,78,0
1279,4.1883333333333335,9.169928951180427,3,El Cajon,CA,S,F,0,3,40000,66,0
1286,8.020833333333334,15.782438720606425,3,Coronado,CA,M,M,0,3,40000,82,0
1300,0.3875,1.34233937586588,1,Berkeley,CA,M,M,0,1,40000,68,0
1303,2.876666666666667,9.965065646212942,1,La Mesa,CA,S,M,0,1,100000,34,0
1305,6.751666666666666,15.76941852466541,2,San Diego,CA,M,M,1,2,20000,36,1
1309,3.9166666666666665,9.216889963868539,2,Chula Vista,CA,M,F,1,2,40000,51,0
1316,0.16,0.5542562584220407,1,Woodland Hills,CA,M,M,1,1,20000,86,0
1317,3.5641666666666665,8.360395225904893,2,La Mesa,CA,S,F,0,2,20000,43,0
1320,1.2249999999999999,4.243524478543749,1,Fremont,CA,S,F,0,1,40000,50,0
1322,4.53,13.125931308949957,2,Torrance,CA,S,M,0,2,40000,57,0
1327,8.02,18.730941344106647,2,Altadena,CA,M,M,5,2,20000,76,0
1331,7.7475000000000005,18.57085454782207,3,Newport Beach,CA,S,F,0,3,40000,68,0
1338,4.1274999999999995,12.21789829047384,2,Grossmont,CA,S,M,0,2,40000,26,0
1344,10.414166666666667,20.74833989343083,3,West Covina,CA,S,M,0,4,100000,40,0
1357,5.646666666666667,19.560627120144524,1,National City,CA,S,F,0,1,20000,55,0
1361,3.4683333333333333,8.17989756918901,2,Spring Valley,CA,S,F,0,2,60000,40,0
1368,6.863333333333333,16.068772274951264,2,Downey,CA,M,F,1,2,40000,33,0
1373,2.105,7.291933899864974,1,Long Beach,CA,S,M,0,1,20000,24,0
1379,5.199166666666667,10.632651647665604,3,Glendale,CA,M,F,2,3,40000,50,0
1380,3.0666666666666664,7.655407278914728,2,Grossmont,CA,S,F,0,2,20000,48,0
1386,11.5575,20.49392021817912,5,Lemon Grove,CA,M,F,1,5,80000,81,0
1389,9.435833333333333,17.20350517050276,3,Newport Beach,CA,M,M,1,3,40000,37,0
1391,3.265,11.310291773424769,1,Long Beach,CA,S,M,0,2,40000,51,0
1392,2.36,6.173232540573861,2,Lakewood,CA,M,M,2,2,20000,57,0
1397,3.185,11.033163644213749,1,San Diego,CA,S,M,0,1,20000,18,1
1399,4.751666666666667,11.162917371477057,2,La Jolla,CA,S,F,0,2,20000,65,0
1404,4.1625,14.419322973010903,1,Spring Valley,CA,M,F,0,2,40000,66,0
1405,1.25,4.330127018922194,1,La Jolla,CA,M,F,1,1,140000,33,0
1407,13.1825,16.300957096831073,7,Newport Beach,CA,M,M,1,7,100000,54,0
1409,3.1933333333333334,11.06203115767323,1,La Mesa,CA,M,M,1,1,40000,22,0
1410,3.390833333333333,11.746191226662935,1,La Mesa,CA,S,M,0,1,20000,61,0
1414,1.585,5.490601059993341,1,Arcadia,CA,S,F,0,1,40000,49,0
1416,2.9566666666666666,6.4047132266130005,3,Bellflower,CA,S,F,0,3,20000,19,0
1421,3.1775,11.007182882100215,1,Grossmont,CA,S,F,0,1,20000,39,0
1427,3.3866666666666667,8.320936718830872,2,San Gabriel,CA,S,M,0,2,100000,58,0
1428,11.31,26.714925688563213,2,Spring Valley,CA,S,F,0,2,60000,47,0
1433,2.2333333333333334,7.736493607140986,1,Altadena,CA,M,M,1,1,40000,73,0
1434,7.838333333333334,19.644144088498663,2,Lincoln Acres,CA,M,M,2,2,100000,58,0
1435,1.8583333333333334,6.437455501464328,1,Berkeley,CA,M,F,3,1,100000,78,0
1436,1.3058333333333334,4.523539359100718,1,San Jose,CA,S,M,0,1,40000,44,0
1437,9.696666666666667,25.851808212943016,2,Torrance,CA,S,F,0,3,80000,88,0
1439,2.805,6.597883269379934,2,Los Angeles,CA,S,M,0,2,40000,69,1
1440,6.7716666666666665,14.05700655663692,3,Burbank,CA,S,F,0,3,40000,24,0
1446,3.9749999999999996,9.951902056665075,3,National City,CA,S,F,0,3,20000,21,0
1452,1.165,4.035678381635484,1,Lemon Grove,CA,M,F,1,1,40000,45,0
1455,8.768333333333333,16.590367869960147,3,Lakewood,CA,S,F,0,4,40000,71,0
1458,1.705,5.906293253809872,1,Coronado,CA,S,F,0,1,20000,53,0
1461,0.96,3.3255375505322444,1,Spring Valley,CA,S,F,0,1,120000,49,0
1469,13.548333333333334,21.479117483704677,4,Lemon Grove,CA,M,F,5,4,20000,42,0
1479,6.7175,14.994356589912572,3,Imperial Beach,CA,S,M,0,3,20000,41,0
1483,3.9425,9.65793515010514,2,West Covina,CA,M,F,0,2,20000,40,0
1484,11.256666666666666,22.69842138416972,4,Woodland Hills,CA,S,F,0,5,40000,50,0
1498,0.9199999999999999,3.186973485926734,1,El Cajon,CA,S,F,0,1,20000,31,0
1504,4.894166666666667,9.25928178869313,3,Coronado,CA,S,F,0,3,120000,37,0
1512,0.22666666666666668,0.7851963660978911,1,Pomona,CA,S,M,0,1,60000,70,0
1513,0.9125,3.1609927238132007,1,Redwood City,CA,M,M,1,1,80000,43,0
1522,0.7791666666666667,2.6991125084615004,1,Novato,CA,S,M,0,1,40000,61,0
1525,1.67,5.7850496972800505,1,Santa Monica,CA,M,F,2,1,100000,69,0
1531,6.904166666666667,12.9474346060827,3,Torrance,CA,M,F,1,3,60000,68,0
1532,5.163333333333333,15.341079334633372,2,Newport Beach,CA,M,F,4,2,120000,41,0
1537,9.856666666666666,21.077386561014254,3,Bellflower,CA,S,F,0,3,40000,55,0
1538,15.549166666666668,24.47903721306841,4,Glendale,CA,S,M,0,4,120000,36,0
1539,9.170833333333333,15.842428336781598,4,Glendale,CA,M,M,1,4,60000,28,0
1540,1.3166666666666667,4.561067126598044,1,Grossmont,CA,S,M,0,1,40000,60,0
1546,7.548333333333333,17.77829209167657,2,Lemon Grove,CA,S,F,0,2,60000,19,0
1549,4.604166666666666,12.471310682984173,2,Newport Beach,CA,S,M,0,2,40000,87,0
1555,12.870000000000001,20.234450820321268,4,Imperial Beach,CA,M,F,2,5,20000,55,0
1559,4.8741666666666665,9.523284821314482,4,Pomona,CA,S,F,0,4,20000,79,0
1564,6.354166666666667,13.956547149396707,3,Spring Valley,CA,M,M,3,3,40000,45,0
1565,0.40166666666666667,1.3914141487469982,1,La Jolla,CA,M,M,0,1,60000,84,0
1569,0.3475,1.2037753112603697,1,San Jose,CA,S,M,0,1,60000,73,0
1570,1.4349999999999998,4.970985817722678,1,Lincoln Acres,CA,M,M,0,1,20000,48,0
1573,2.9458333333333333,10.204666007926635,1,Grossmont,CA,S,M,0,1,80000,82,0
1574,5.965833333333333,14.861485584822226,2,Arcadia,CA,M,F,2,2,150000,51,0
1584,2.674166666666667,9.263585069147545,1,Bellflower,CA,M,F,1,1,20000,43,0
1595,4.2091666666666665,8.853417889907453,3,Lemon Grove,CA,S,M,0,3,20000,38,0
1596,1.3616666666666666,4.716951699279242,1,Imperial Beach,CA,M,M,1,1,80000,69,0
1599,12.67,18.946288674710267,5,Downey,CA,S,F,0,5,20000,53,0
1601,8.903333333333332,17.503375432046,4,San Gabriel,CA,S,M,0,4,80000,79,0
1605,7.9475,16.312437600019976,4,Newport Beach,CA,S,M,0,4,60000,30,0
1608,3.6716666666666664,10.14877496712452,2,Burbank,CA,M,M,2,2,150000,52,0
1613,1.8833333333333335,6.524058041842772,1,Downey,CA,M,M,0,1,120000,20,0
1616,3.0191666666666666,10.45870012637007,1,Chula Vista,CA,S,M,0,1,40000,46,0
1619,8.0841666666666665,18.775012145418337,3,Arcadia,CA,M,M,4,3,40000,46,0
1631,3.9041666666666663,10.03098423371155,2,El Cajon,CA,M,M,3,2,40000,42,0
1632,4.62,16.004149461936425,1,Burbank,CA,S,M,0,1,20000,79,0
1639,3.895,7.592929126975487,3,Burlingame,CA,M,F,4,3,40000,80,0
1640,0.31,1.073871500692704,1,Santa Cruz,CA,S,M,0,1,60000,31,0
1643,5.863333333333333,13.700974970837482,2,Lincoln Acres,CA,M,F,1,2,80000,84,0
1644,5.001666666666667,11.99785195421045,2,Lemon Grove,CA,S,M,0,2,20000,19,0
1647,7.0325,15.682332923040848,4,Lakewood,CA,M,F,1,4,120000,53,0
1649,8.158333333333333,16.755198831371352,3,Coronado,CA,S,M,0,3,60000,85,0
1650,4.651666666666666,16.113846013082455,1,Altadena,CA,M,M,2,2,20000,28,0
1653,6.529999999999999,11.85255246771766,4,Lakewood,CA,S,F,0,4,60000,36,0
1654,6.79,16.09547988496375,2,Pomona,CA,S,M,0,2,20000,31,0
1661,1.9083333333333332,6.6106605822212146,1,Palo Alto,CA,S,M,0,1,20000,23,0
1665,5.304166666666666,17.05019939010756,2,Pomona,CA,S,F,0,3,80000,82,0
1666,3.1425,5.832083870515518,3,West Covina,CA,S,F,0,3,20000,51,0
1667,15.786666666666667,17.61873658319117,7,Beverly Hills,CA,S,F,0,7,20000,57,1
1668,7.789166666666667,15.720633493095702,3,National City,CA,S,F,0,3,60000,77,0
1671,1.9991666666666665,6.9253164789295605,1,Imperial Beach,CA,S,F,0,1,20000,24,0
1680,2.9983333333333335,8.30008305909518,2,Long Beach,CA,S,M,0,2,20000,46,0
1683,5.5975,19.39030879073358,1,Downey,CA,M,M,2,1,60000,52,0
1692,4.088333333333333,12.856340376591929,2,San Diego,CA,M,F,3,2,60000,62,1
1697,2.8216666666666668,9.774540057380364,1,Colma,CA,S,M,0,1,80000,82,0
1702,4.406666666666667,10.291756041815335,2,Torrance,CA,S,M,0,2,60000,82,0
1711,1.4133333333333333,4.895930282728027,1,Woodland Hills,CA,S,M,0,1,20000,63,0
1714,6.2375,15.490983961353427,2,Torrance,CA,S,F,0,2,100000,37,0
1716,2.7925,7.281679532785127,2,San Diego,CA,M,F,1,2,40000,50,1
1723,6.694166666666667,16.072738329987285,2,Torrance,CA,M,M,0,2,120000,39,0
1724,4.986666666666666,11.738351543964637,2,Newport Beach,CA,M,F,1,2,40000,81,0
1727,2.005,6.945523738351198,1,Coronado,CA,S,F,0,1,60000,70,0
1731,3.9633333333333334,10.489000587917484,2,Bellflower,CA,M,F,5,2,20000,34,0
1737,8.6325,17.210098053177965,3,Spring Valley,CA,M,M,2,3,40000,43,0
1738,4.400833333333333,9.62750837051012,3,Glendale,CA,S,M,0,4,20000,72,0
1743,5.159166666666667,7.95368691903702,4,Long Beach,CA,M,M,3,4,60000,73,0
1747,3.6766666666666663,12.736346938323145,1,Imperial Beach,CA,S,F,0,1,40000,77,0
1748,3.501666666666667,12.130129155674037,1,Lakewood,CA,S,F,0,1,20000,22,0
1750,1.0675000000000001,3.697928474159553,1,Burbank,CA,S,F,0,1,80000,83,0
1752,0.5499999999999999,1.9052558883257649,1,Novato,CA,M,M,2,1,120000,48,0
1755,3.7358333333333333,11.241838622132084,2,Lemon Grove,CA,M,F,1,2,120000,41,0
1756,4.545,15.744341840801095,1,Imperial Beach,CA,M,F,1,1,20000,19,0
1759,5.46,12.859789338017237,2,Downey,CA,M,F,0,2,20000,44,0
1761,3.245833333333333,7.581900047701324,2,Lincoln Acres,CA,S,F,0,2,40000,70,0
1780,16.19333333333333,21.000599269948694,5,Lemon Grove,CA,S,F,0,5,60000,74,0
1783,2.953333333333333,10.230646770040169,1,El Cajon,CA,M,M,1,1,40000,65,0
1789,0.6475,2.243005795801696,1,Concord,CA,M,M,3,1,140000,58,0
1795,3.098333333333333,10.732941504235143,1,Lincoln Acres,CA,S,M,0,1,60000,71,0
1801,1.9766666666666666,6.847374192588961,1,Altadena,CA,M,F,1,1,100000,38,0
1808,2.950833333333333,10.221986516002323,1,La Mesa,CA,S,M,0,1,20000,27,0
1817,4.791666666666666,12.833018374726212,2,Woodland Hills,CA,S,M,0,2,60000,69,0
1819,4.6525,11.012147940920848,2,Santa Monica,CA,S,M,0,2,80000,74,0
1820,8.381666666666666,16.06999566291356,3,Arcadia,CA,S,M,0,3,80000,40,0
1822,6.234166666666667,15.090804218784928,2,Long Beach,CA,M,M,2,2,140000,76,0
1826,14.324166666666667,24.277193359699602,4,West Covina,CA,S,M,0,4,40000,43,0
1828,4.633333333333333,11.681654096241783,2,National City,CA,S,M,0,2,120000,50,0
1831,2.1891666666666665,7.583495785805734,1,Chula Vista,CA,M,M,2,1,60000,74,0
1838,9.299166666666666,18.10355789156743,3,Coronado,CA,S,M,0,3,20000,37,0
1849,2.89,7.364671195524062,2,Long Beach,CA,S,F,0,2,80000,65,0
1852,1.2141666666666666,4.205996711046423,1,Berkeley,CA,S,F,0,1,40000,48,0
1856,2.7408333333333332,9.494525176823396,1,Coronado,CA,S,F,0,1,40000,80,0
1859,2.1633333333333336,7.494006494081343,1,West Covina,CA,S,M,0,1,60000,42,0
1865,6.62,14.023603479329218,3,Downey,CA,S,F,0,3,40000,74,0
1868,5.615,14.114237492688012,2,Beverly Hills,CA,M,M,4,2,20000,83,1
1872,6.318333333333333,14.767177876095433,2,Pomona,CA,S,M,0,2,20000,55,0
1878,18.035,33.76126384428812,4,Grossmont,CA,S,F,0,5,80000,36,0
1890,12.6575,23.46403790910678,3,El Cajon,CA,M,M,3,3,60000,59,0
1895,1.64,5.681126648825917,1,Long Beach,CA,S,M,0,1,60000,26,0
1898,4.976666666666667,11.629607461000981,2,Los Angeles,CA,S,M,0,2,80000,54,1
1900,9.249166666666667,21.198793043830385,3,West Covina,CA,S,F,0,3,140000,35,0
1901,5.343333333333334,9.440348927809177,4,Santa Monica,CA,M,M,2,4,40000,46,0
1902,6.805,16.852485384546803,3,Spring Valley,CA,S,M,0,3,60000,64,0
1905,5.961666666666666,14.052729811375267,2,Lakewood,CA,M,M,1,2,40000,23,0
1906,4.55,9.70152565321558,3,Bellflower,CA,M,M,1,3,60000,36,0
1907,2.1308333333333334,7.3814231915893656,1,Novato,CA,M,M,1,1,20000,66,0
1918,10.42,16.048800578236367,5,Glendale,CA,M,F,0,5,40000,25,0
1926,0.9525,3.299556788418711,1,Imperial Beach,CA,M,F,1,1,40000,71,0
1928,6.126666666666667,11.735894692882356,3,Los Angeles,CA,M,F,2,3,20000,41,1
1933,1.6025,3.7455236919919126,2,San Diego,CA,S,M,0,2,40000,43,1
1935,6.454166666666667,17.970486136153827,2,Pomona,CA,S,F,0,4,100000,69,0
1937,4.797499999999999,13.723784347554496,2,Chula Vista,CA,M,F,2,2,20000,37,0
1938,3.1808333333333336,11.018729887484009,1,Chula Vista,CA,S,M,0,2,80000,56,0
1943,0.53,1.83597385602301,1,Redwood City,CA,M,M,0,1,40000,43,0
1944,2.2616666666666667,7.834643152903221,1,Imperial Beach,CA,M,M,0,1,40000,20,0
1945,0.8458333333333333,2.930052616137351,1,Santa Cruz,CA,S,F,0,1,80000,37,0
1953,10.67,19.656516384233406,3,Burbank,CA,S,F,0,3,80000,35,0
1962,8.710833333333333,16.50098204148266,3,Lincoln Acres,CA,S,M,0,3,40000,61,0
1966,5.6066666666666665,13.115354868753395,2,Arcadia,CA,S,F,0,2,40000,31,0
1967,5.8133333333333335,14.389628419823984,2,Los Angeles,CA,S,M,0,4,40000,28,1
1985,1.7191666666666665,5.955368026690989,1,Oakland,CA,M,M,2,1,40000,39,0
1990,7.984166666666667,17.806257050585202,3,Long Beach,CA,S,F,0,3,20000,82,0
2001,9.9525,17.795278804426548,4,Beverly Hills,CA,M,F,4,4,40000,32,1
2008,6.16,14.500347958207447,2,La Mesa,CA,M,M,4,2,20000,49,0
2010,0.49416666666666664,1.7118435481472403,1,Fremont,CA,S,M,0,1,120000,51,0
2020,7.6075,17.767399730456287,2,Santa Monica,CA,M,F,2,2,20000,34,0
2034,10.57,21.233281337646247,3,La Jolla,CA,M,F,4,3,20000,51,0
2036,4.640833333333333,16.076318245585128,1,Woodland Hills,CA,M,F,1,1,40000,75,0
2040,2.4808333333333334,8.593858756887581,1,Fremont,CA,M,M,1,2,20000,19,0
2046,2.6391666666666667,9.142341512617724,1,Los Angeles,CA,S,M,0,1,40000,76,1
2049,6.303333333333334,15.127994719804216,2,El Cajon,CA,M,F,1,2,60000,67,0
2050,3.3108333333333335,8.4557580793782,2,Spring Valley,CA,M,F,3,3,80000,48,0
2064,7.2666666666666675,14.6047852266013,3,West Covina,CA,M,F,1,3,40000,47,0
2068,8.535833333333333,17.531879253277875,3,Beverly Hills,CA,M,F,3,3,40000,37,1
2078,1.3466666666666667,4.664990175052177,1,Grossmont,CA,M,M,1,1,140000,22,0
2081,10.179166666666667,19.209294842167772,3,Downey,CA,M,M,0,3,140000,19,0
2088,15.978333333333333,20.39443811583457,6,Newport Beach,CA,M,M,0,6,100000,30,0
2093,3.9158333333333335,13.564844574610257,1,Woodland Hills,CA,S,M,0,1,60000,35,0
2096,2.52,8.729536070147141,1,Grossmont,CA,M,F,1,1,40000,55,0
2102,8.8775,14.7880861906407,4,San Gabriel,CA,S,M,0,4,120000,37,0
2104,1.4475,5.0142870879119,1,Colma,CA,S,F,0,1,80000,71,0
2105,2.0283333333333333,7.026352776037745,1,El Cajon,CA,S,M,0,1,80000,23,0
2106,7.680000000000001,17.936688657609018,2,Bellflower,CA,S,M,0,2,80000,20,0
2111,9.73,17.68871802744748,3,Long Beach,CA,S,M,0,3,20000,65,0
2119,0.5308333333333334,1.838860607368958,1,Concord,CA,M,M,2,1,20000,33,0
2120,3.41,11.812586507619743,1,Spring Valley,CA,M,M,1,1,100000,37,0
2128,1.3433333333333335,4.6534431696683844,1,Los Angeles,CA,S,M,0,1,120000,56,1
2133,4.3525,11.608137525812735,2,La Jolla,CA,M,M,0,2,20000,36,0
2141,5.678333333333334,13.268720451657817,2,Newport Beach,CA,S,M,0,2,80000,39,0
2144,4.503333333333333,15.600004273503687,1,Imperial Beach,CA,M,M,1,1,60000,27,0
2150,5.248333333333334,12.271787180604976,2,Santa Monica,CA,S,F,0,2,40000,76,0
2153,4.004166666666666,9.351952113507283,2,Chula Vista,CA,M,F,4,2,20000,19,0
2154,5.823333333333333,14.417317448965408,2,San Gabriel,CA,M,M,1,3,40000,50,0
2160,6.026666666666666,12.082267497402459,3,Burbank,CA,S,F,0,3,40000,76,0
2164,1.8633333333333333,6.454776009540016,1,San Jose,CA,S,F,0,1,40000,58,0
2165,0.5575,1.9312366504392982,1,Grossmont,CA,M,M,0,1,40000,54,0
2168,6.609166666666667,15.866779164676304,2,La Mesa,CA,M,F,3,2,120000,80,0
2182,2.015833333333333,5.199443079151202,2,Pomona,CA,S,M,0,2,80000,84,0
2184,7.53,20.167252934127912,2,Altadena,CA,M,M,0,3,120000,55,0
2185,0.8991666666666666,3.1148047022780307,1,Fremont,CA,M,F,1,1,40000,33,0
2189,2.5283333333333333,8.758403583606622,1,Glendale,CA,S,M,0,1,80000,48,0
2193,3.595,8.449783751939776,2,Pomona,CA,M,M,0,2,60000,55,0
2194,12.299166666666668,21.205757990925413,4,West Covina,CA,M,M,0,4,40000,74,0
2195,10.063333333333333,19.977289075044162,3,Beverly Hills,CA,S,F,0,3,80000,28,1
2196,1.9675,6.8156199277835325,1,National City,CA,M,F,1,1,40000,86,0
2200,13.246666666666666,19.15706531583456,5,Pomona,CA,S,M,0,5,60000,42,0
2202,2.43,8.417766924784743,1,Beverly Hills,CA,M,F,4,1,60000,27,1
2206,9.580833333333333,17.620644121099097,3,Newport Beach,CA,S,F,0,5,20000,37,0
2218,16.568333333333335,27.608198661508744,4,Downey,CA,S,M,0,4,60000,24,0
2220,9.8875,29.016395717844514,2,San Diego,CA,M,F,2,4,20000,74,1
2223,3.7075,6.888268188475507,3,Arcadia,CA,S,F,0,3,120000,85,0
2231,0.6925,2.398890368482895,1,Altadena,CA,S,F,0,1,40000,44,0
2232,11.919166666666666,22.337967050958262,3,Beverly Hills,CA,S,M,0,6,20000,27,1
2235,0.47500000000000003,1.6454482671904334,1,Grossmont,CA,M,F,1,1,20000,73,0
2237,9.640833333333333,18.44774953425994,3,Arcadia,CA,S,F,0,3,40000,83,0
2238,4.185,14.497265259351503,1,Grossmont,CA,M,M,2,1,40000,68,0
2242,2.6758333333333333,9.269358571839442,1,Torrance,CA,S,M,0,1,100000,48,0
2248,8.299166666666666,18.648044722428594,3,Downey,CA,M,F,1,3,80000,22,0
2254,3.4866666666666664,8.072219851647583,3,Lakewood,CA,S,M,0,3,120000,27,0
2255,2.263333333333333,7.840416655595118,1,Coronado,CA,S,M,0,1,60000,31,0
2260,4.708333333333333,8.53170006860333,3,Grossmont,CA,M,M,4,3,150000,26,0
2265,6.320833333333333,21.896008959016555,1,El Cajon,CA,M,F,0,1,60000,76,0
2266,4.071666666666666,14.104667076302558,1,Bellflower,CA,S,F,0,1,20000,61,0
2271,13.028333333333334,27.185293093988534,3,Long Beach,CA,S,M,0,4,60000,48,0
2274,1.9941666666666666,6.9079959708538725,1,Novato,CA,S,F,0,1,60000,48,0
2277,0.355,1.2297560733739028,1,Long Beach,CA,M,F,0,1,20000,20,0
2278,10.699166666666667,19.754132574929198,4,Burbank,CA,M,M,2,5,60000,60,0
2281,1.8208333333333333,4.501903553616026,2,Bellflower,CA,M,F,4,2,20000,73,0
2288,1.7125000000000001,5.932274015923405,1,San Francisco,CA,S,F,0,1,20000,44,1
2289,9.429166666666667,26.47980618520575,2,Glendale,CA,S,F,0,3,40000,83,0
2290,4.0025,13.865066714588863,1,Burbank,CA,S,F,0,1,60000,80,0
2293,5.070833333333334,8.878834340296267,4,West Covina,CA,S,F,0,4,40000,18,0
2301,1.3008333333333333,3.852343934266356,2,San Diego,CA,S,M,0,2,140000,22,1
2303,2.223333333333333,7.701852590989608,1,La Jolla,CA,M,M,1,2,60000,43,0
2311,4.490833333333334,9.34891482116151,3,Newport Beach,CA,M,M,5,3,40000,80,0
2326,2.895,6.816988804716959,2,Arcadia,CA,M,M,0,2,40000,26,0
2328,1.3033333333333335,4.514879105062874,1,Santa Cruz,CA,S,M,0,1,100000,60,0
2331,5.951666666666667,17.142880755755744,2,Lincoln Acres,CA,S,F,0,2,100000,82,0
2332,8.555833333333332,17.197595740173224,3,Lemon Grove,CA,S,M,0,3,80000,48,0
2337,11.863333333333333,18.58019783304665,4,Altadena,CA,M,M,5,4,20000,80,0
2342,0.5425,1.8792751262122318,1,Woodland Hills,CA,M,M,1,1,20000,73,0
2344,1.8608333333333331,6.446115755502171,1,Arcadia,CA,S,M,0,1,40000,32,0
2359,1.415,4.901703785419923,1,Imperial Beach,CA,M,M,1,1,20000,61,0
2360,4.613333333333333,15.98105545116884,1,La Mesa,CA,S,M,0,1,40000,32,0
2361,1.4666666666666668,5.080682368868707,1,Coronado,CA,S,M,0,1,20000,55,0
2362,9.090833333333332,16.47339533271386,4,Long Beach,CA,M,F,2,4,60000,46,0
2366,13.099166666666667,30.846541122829706,2,West Covina,CA,M,F,3,3,20000,56,0
2377,6.535833333333334,11.889722420747436,3,Long Beach,CA,M,M,0,3,40000,56,0
2379,1.335,4.624575656208902,1,Fremont,CA,M,F,1,1,80000,66,0
2381,16.394166666666667,27.41588705256111,5,Glendale,CA,M,M,1,7,40000,70,0
2384,7.129166666666666,19.01232206100862,2,National City,CA,M,F,5,2,20000,27,0
2385,3.3333333333333335,11.547005383792516,1,Pomona,CA,S,F,0,1,40000,59,0
2386,0.6116666666666667,1.4970627808134733,2,Redwood City,CA,M,M,1,2,40000,50,0
2387,3.3266666666666667,11.52391137302493,1,West Covina,CA,M,F,2,1,40000,74,0
2389,4.738333333333333,11.067548659632509,2,San Gabriel,CA,M,M,0,2,20000,52,0
2393,8.440833333333334,20.333444218525273,2,Newport Beach,CA,M,F,3,2,60000,35,0
2396,7.505833333333333,17.858567823231784,3,Beverly Hills,CA,S,F,0,3,60000,76,1
2399,2.31,8.002074730968213,1,Burbank,CA,M,M,2,1,20000,70,0
2404,4.485833333333333,15.539382495238776,1,Woodland Hills,CA,M,F,1,1,60000,49,0
2406,4.493333333333333,8.458227122784423,3,Grossmont,CA,S,F,0,3,40000,47,0
2408,1.7416666666666665,6.033310313031589,1,Richmond,CA,M,M,0,1,80000,59,0
2411,5.468333333333334,11.052619461905715,3,Beverly Hills,CA,S,F,0,3,20000,42,1
2412,7.2716666666666665,14.03196405181809,3,Santa Monica,CA,S,M,0,3,80000,47,0
2421,11.585833333333333,28.29676578317527,2,Arcadia,CA,M,F,0,4,40000,30,0
2424,2.7541666666666664,9.540713198358565,1,West Covina,CA,S,F,0,1,100000,60,0
2428,3.14,10.87727907153255,1,La Jolla,CA,S,M,0,1,40000,44,0
2429,5.029999999999999,12.168368830702,2,Arcadia,CA,S,M,0,2,20000,81,0
2435,3.660833333333333,9.638372607196274,2,Torrance,CA,M,F,4,2,60000,37,0
2438,7.6066666666666665,17.904238875109147,2,Los Angeles,CA,M,F,1,2,20000,43,1
2445,6.994166666666667,17.109249204255963,2,Woodland Hills,CA,M,M,2,2,60000,24,0
2447,9.714166666666667,13.618750749231626,5,Altadena,CA,S,M,0,5,100000,51,0
2452,8.594166666666666,24.17374626187123,2,Newport Beach,CA,S,F,0,3,80000,32,0
2453,1.6266666666666667,5.634938627290747,1,National City,CA,M,F,1,2,120000,22,0
2454,3.0191666666666666,10.45870012637007,1,Imperial Beach,CA,S,F,0,1,20000,21,0
2458,31.378333333333334,29.095115126811653,7,Glendale,CA,S,M,0,11,100000,56,0
2466,4.158333333333333,11.399777376879966,2,Chula Vista,CA,M,F,0,2,80000,44,0
2470,9.245,18.855856818602447,3,Burbank,CA,M,F,2,3,40000,48,0
2472,2.464166666666667,8.536123729968617,1,Lakewood,CA,M,M,1,1,20000,88,0
2477,2.6141666666666667,9.055738972239281,1,Concord,CA,M,F,1,1,150000,25,0
2478,3.401666666666667,11.783718994160262,1,La Mesa,CA,S,F,0,1,120000,43,0
2483,1.7525000000000002,6.070838080528915,1,Lincoln Acres,CA,S,F,0,1,100000,39,0
2488,10.985833333333334,19.96445270899498,3,El Cajon,CA,M,M,4,4,150000,59,0
2494,7.833333333333334,23.8078147343313,2,Arcadia,CA,M,F,1,3,60000,70,0
2502,12.475000000000001,16.810343947592617,5,National City,CA,M,F,1,5,20000,56,0
2512,9.161666666666667,18.618057135886964,4,Imperial Beach,CA,M,F,2,5,20000,34,0
2515,13.781666666666666,21.270559181149608,4,Burbank,CA,M,M,2,5,40000,39,0
2521,8.935,16.993408615214204,3,Arcadia,CA,S,M,0,3,40000,78,0
2523,2.6666666666666665,9.237604307034012,1,Altadena,CA,S,M,0,1,100000,77,0
2524,3.0400000000000005,10.530868910018775,1,Burbank,CA,S,F,0,2,40000,55,0
2526,5.904166666666667,15.268304340176169,2,San Diego,CA,S,F,0,2,40000,78,1
2529,3.7550000000000003,13.00770156484227,1,Long Beach,CA,M,F,0,1,80000,75,0
2530,3.109166666666667,7.702516068654371,2,Long Beach,CA,M,F,1,2,20000,50,0
2531,1.4708333333333334,3.436032221071628,2,Richmond,CA,S,F,0,2,20000,42,0
2533,3.8091666666666666,11.50664429270271,2,Bellflower,CA,M,M,1,2,60000,84,0
2535,4.380833333333333,15.175651825649313,1,Grossmont,CA,M,M,0,1,40000,87,0
2536,2.5408333333333335,5.937860738642761,2,Imperial Beach,CA,S,F,0,2,20000,32,0
2542,10.601666666666667,19.973944315411302,3,Santa Monica,CA,M,M,1,4,20000,59,0
2544,2.8033333333333332,6.796773744456508,2,Oakland,CA,M,F,4,2,100000,61,0
2550,18.645833333333336,33.90787370571066,4,San Diego,CA,M,M,1,5,120000,46,1
2558,1.2075,4.182902700278839,1,Newport Beach,CA,M,F,0,1,120000,88,0
2560,3.1916666666666664,7.825949647089986,2,La Mesa,CA,S,M,0,2,40000,84,0
2569,7.1883333333333335,16.79027902379736,2,Beverly Hills,CA,M,M,1,2,20000,60,1
2571,9.7625,19.196522945101755,3,Beverly Hills,CA,M,F,1,3,140000,59,1
2572,2.0558333333333336,7.1216155704540345,1,Altadena,CA,S,M,0,1,40000,69,0
2577,2.026666666666667,7.02057927334585,1,Concord,CA,S,F,0,1,40000,52,0
2581,11.9225,25.68575626684953,3,San Gabriel,CA,M,M,1,4,40000,72,0
2582,10.69,24.988486803471567,2,Torrance,CA,M,F,2,2,20000,46,0
2584,13.845833333333333,21.34888434740298,4,National City,CA,M,F,0,4,40000,81,0
2586,5.585833333333333,16.274866545093573,3,Pomona,CA,S,F,0,3,60000,24,0
2591,6.683333333333334,13.71066693778198,3,Glendale,CA,S,F,0,3,20000,19,0
2592,5.972499999999999,13.948791492129669,2,Pomona,CA,S,M,0,2,40000,56,0
2596,8.3375,15.41830501532041,3,Beverly Hills,CA,M,M,4,3,80000,38,1
2598,1.5599999999999998,5.4039985196148965,1,Daly City,CA,M,F,2,1,20000,35,0
2599,7.6000000000000005,17.758165343402915,2,Arcadia,CA,M,M,0,3,60000,32,0
2601,1.9258333333333333,6.671282360486126,1,Los Angeles,CA,M,F,2,1,20000,32,1
2605,5.4558333333333335,13.55583300034835,3,Lincoln Acres,CA,S,F,0,3,20000,47,0
2609,1.2,4.156921938165306,1,Downey,CA,M,F,0,1,20000,54,0
2610,5.1241666666666665,11.323675486128677,3,Downey,CA,S,F,0,3,60000,67,0
2618,4.281666666666666,10.154440885492892,2,Los Angeles,CA,M,F,5,2,40000,32,1
2619,3.8641666666666663,13.385865991161472,1,Downey,CA,S,F,0,2,20000,46,0
2620,8.845,20.78824995913885,2,West Covina,CA,M,F,0,2,60000,76,0
2621,0.6583333333333333,2.280533563299022,1,Woodland Hills,CA,M,F,0,1,40000,56,0
2623,1.0616666666666668,3.677721214737916,1,National City,CA,M,M,0,1,40000,77,0
2627,11.0025,18.305679756939824,4,Bellflower,CA,S,M,0,7,20000,19,0
2640,14.136666666666667,29.323141755689182,4,Downey,CA,M,M,4,5,40000,28,0
2647,2.2425,7.768247871946414,1,Long Beach,CA,S,M,0,2,60000,58,0
2648,0.5433333333333333,1.8821618775581799,1,El Cajon,CA,M,M,1,1,40000,36,0
2654,9.200833333333332,20.59571643828057,3,Arcadia,CA,M,F,2,4,140000,65,0
2658,4.841666666666667,16.77202531995863,1,Glendale,CA,M,M,0,1,40000,36,0
2667,2.4208333333333334,8.386012659979315,1,Glendale,CA,M,F,1,1,60000,74,0
2668,3.3216666666666668,11.506590864949242,1,Lakewood,CA,M,M,0,2,80000,79,0
2670,3.6508333333333334,12.646857646598754,1,La Mesa,CA,S,F,0,1,80000,38,0
2672,5.706666666666667,13.809691809696112,2,Chula Vista,CA,S,M,0,2,20000,36,0
2675,7.3175,17.4350911174197,2,San Gabriel,CA,S,M,0,2,120000,36,0
2681,7.520833333333333,26.052930897181863,1,Altadena,CA,M,M,3,2,150000,54,0
2687,10.329166666666666,22.82971487033086,3,Grossmont,CA,S,F,0,3,60000,38,0
2688,6.425833333333333,12.464434099638957,3,Burbank,CA,M,F,3,3,60000,69,0
2694,1.6775,4.136828220662871,2,National City,CA,S,F,0,2,80000,48,0
2699,14.015,21.224827443350392,4,Lincoln Acres,CA,M,F,2,4,40000,22,0
2700,3.1458333333333335,10.897486330954186,1,Lemon Grove,CA,S,F,0,1,40000,32,0
2703,4.073333333333333,11.231136373601036,2,Lakewood,CA,S,M,0,2,40000,70,0
2705,6.045833333333333,11.474219686943528,3,Coronado,CA,M,F,0,3,140000,20,0
2706,0.8725,3.0224286592076908,1,Coronado,CA,M,F,1,1,80000,39,0
2709,6.1850000000000005,15.343127866483833,2,Torrance,CA,S,F,0,2,40000,41,0
2712,0.8025000000000001,2.779941546148048,1,Arcadia,CA,M,M,0,1,20000,85,0
2720,1.6233333333333333,5.623391621906955,1,Oakland,CA,M,M,3,1,40000,29,0
2722,4.2299999999999995,14.653149832032701,1,West Covina,CA,S,M,0,2,120000,74,0
2724,3.3249999999999997,11.518137870333033,1,Lincoln Acres,CA,S,M,0,1,60000,22,0
2727,10.094999999999999,18.752811910363057,3,Imperial Beach,CA,S,F,0,3,60000,37,0
2731,0.66,2.286307065990918,1,West Covina,CA,S,M,0,1,40000,42,0
2734,1.8566666666666667,6.431681998772431,1,Pomona,CA,S,M,0,1,140000,84,0
2735,6.816666666666666,12.555600223394219,3,Chula Vista,CA,S,M,0,3,140000,81,0
2736,14.72,30.326624066531494,4,Altadena,CA,M,F,5,5,20000,74,0
2746,8.298333333333334,20.55357780548342,2,Pomona,CA,S,M,0,2,140000,43,0
2747,6.761666666666666,22.304372516018763,2,Coronado,CA,S,M,0,3,80000,57,0
2751,4.435,15.363290663135942,1,Glendale,CA,M,F,2,1,40000,88,0
2757,3.315,6.272387540207115,3,Glendale,CA,M,M,3,3,80000,60,0
2758,0.215,0.7447818472546173,1,Newport Beach,CA,M,M,3,1,20000,24,0
2760,7.612500000000001,22.163343661837835,2,Long Beach,CA,S,M,0,3,60000,64,0
2765,1.7466666666666668,6.050630821107278,1,San Jose,CA,M,F,2,1,40000,65,0
2770,10.126666666666667,16.507890858800245,4,Downey,CA,S,F,0,4,40000,48,0
2779,6.35,15.219577105581063,2,Downey,CA,M,F,1,2,40000,68,0
2781,5.7283333333333335,13.42227242197449,2,Lemon Grove,CA,M,F,2,3,20000,73,0
2782,8.7375,19.096847014863236,3,Torrance,CA,M,F,0,3,80000,53,0
2788,9.116666666666667,15.456551616670126,4,Beverly Hills,CA,S,F,0,5,140000,73,1
2793,11.66,19.671185664685936,4,Grossmont,CA,S,M,0,4,40000,72,0
2794,6.858333333333333,17.406699250227735,2,Lakewood,CA,S,M,0,2,40000,36,0
2795,13.293333333333333,31.72719347910568,3,Los Angeles,CA,M,M,2,5,20000,83,1
2799,5.4625,12.80853985362181,2,Santa Monica,CA,S,F,0,2,100000,24,0
2800,1.7091666666666667,5.920727010539613,1,Torrance,CA,M,F,4,1,40000,87,0
2801,1.0508333333333333,2.8624384339019047,2,San Francisco,CA,S,M,0,2,40000,55,1
2809,6.297499999999999,12.052719138699102,3,Lakewood,CA,M,F,1,3,100000,77,0
2812,1.2425,4.30414625680866,1,Redwood City,CA,S,M,0,1,40000,54,0
2817,4.030833333333334,9.72322005990471,2,Glendale,CA,S,F,0,2,80000,68,0
2818,11.3475,21.278411221021862,3,Burbank,CA,S,M,0,5,140000,49,0
2819,0.7491666666666666,2.5951894600073677,1,Santa Cruz,CA,S,M,0,1,40000,35,0
2820,7.450833333333333,25.810443784122217,1,Los Angeles,CA,M,F,0,3,120000,68,1
2821,7.67,23.549134321089753,2,West Covina,CA,M,F,0,2,100000,19,0
2823,5.24,18.151892463321836,1,San Diego,CA,M,F,1,1,140000,80,1
2827,4.473333333333334,15.496081225049556,1,Burbank,CA,S,F,0,1,60000,79,0
2828,3.533333333333333,8.273346397079033,2,Bellflower,CA,M,F,0,2,40000,19,0
2830,8.551666666666666,16.353495502537527,3,Glendale,CA,S,M,0,3,20000,42,0
2847,1.315,4.555293623906147,1,Concord,CA,M,F,0,1,100000,42,0
2848,3.734166666666667,12.935532781193565,1,Glendale,CA,S,F,0,1,20000,80,0
2861,17.258333333333333,30.93494723780955,4,Newport Beach,CA,M,M,5,5,40000,34,0
2866,7.024166666666667,11.222711111713146,4,Altadena,CA,S,F,0,4,40000,30,0
2870,2.19,7.586382537151683,1,Woodland Hills,CA,S,M,0,1,20000,33,0
2875,5.279166666666667,16.491359973873553,2,Santa Monica,CA,M,F,2,2,60000,33,0
2876,1.6066666666666667,5.565656594987993,1,San Gabriel,CA,M,F,0,1,80000,64,0
2879,1.9016666666666666,6.58756657145363,1,Downey,CA,S,M,0,1,140000,64,0
2881,3.85,13.336791218280357,1,Lincoln Acres,CA,M,F,1,1,40000,34,0
2882,3.4883333333333333,8.21923003840642,2,Lincoln Acres,CA,S,M,0,2,20000,73,0
2885,5.579166666666667,15.191219029625655,2,Grossmont,CA,S,F,0,2,140000,55,0
2888,6.2316666666666665,14.74313697551467,2,La Mesa,CA,S,M,0,2,140000,47,0
2890,7.379166666666666,14.73959568850537,3,Beverly Hills,CA,M,F,4,4,40000,54,1
2893,13.170833333333334,21.280325295844744,5,Spring Valley,CA,M,F,1,5,80000,36,0
2899,4.8758333333333335,13.947014967911647,2,San Diego,CA,M,F,1,2,140000,56,1
2900,5.555,12.991387706686863,2,Santa Monica,CA,M,F,3,2,40000,44,0
2903,6.32,13.674233899099164,3,Grossmont,CA,S,M,0,3,140000,41,0
2906,3.9316666666666666,13.619692850183272,1,Coronado,CA,M,M,1,1,20000,31,0
2913,3.9408333333333334,13.6514471149887,1,Pomona,CA,M,F,1,1,60000,26,0
2927,4.889166666666667,16.936570146677674,1,Bellflower,CA,M,M,4,1,40000,73,0
2929,10.823333333333334,21.621724064356005,3,San Diego,CA,S,M,0,3,80000,35,1
2930,7.335000000000001,15.654153965118537,3,San Diego,CA,S,F,0,3,80000,48,1
2933,2.7358333333333333,8.527746647197482,2,Imperial Beach,CA,S,F,0,2,100000,56,0
2936,3.3175,7.77454134864676,2,Coronado,CA,S,F,0,2,80000,48,0
2941,4.9675,12.06831849777078,2,Lemon Grove,CA,S,M,0,2,80000,57,0
2948,1.9116666666666668,6.622207587605008,1,Concord,CA,S,M,0,1,40000,63,0
2951,6.906666666666667,16.24472744298807,2,Chula Vista,CA,M,F,1,2,40000,80,0
2955,3.3433333333333333,7.921584246203342,2,Newport Beach,CA,S,F,0,2,20000,50,0
2956,4.934166666666667,17.092454719358873,1,Woodland Hills,CA,M,F,1,2,120000,61,0
2957,6.329166666666667,16.731889779880234,2,Arcadia,CA,S,M,0,2,150000,66,0
2958,5.1450000000000005,17.822802809883747,1,El Cajon,CA,M,M,1,2,60000,20,0
2961,8.003333333333334,14.899667069699202,3,Downey,CA,S,F,0,3,40000,43,0
2963,4.275,10.5986650102737,2,Downey,CA,S,M,0,2,100000,86,0
2969,9.1175,17.1587804848501,3,Lakewood,CA,S,M,0,4,20000,73,0
2970,7.168333333333333,17.572191270886112,2,El Cajon,CA,M,M,3,2,20000,58,0
2971,2.075833333333333,7.190897602756789,1,Novato,CA,M,F,3,1,40000,78,0
2972,1.1824999999999999,4.0963001599003945,1,Redwood City,CA,S,M,0,1,80000,44,0
2975,2.1716666666666664,7.522874007540824,1,National City,CA,M,F,1,1,80000,22,0
2976,2.506666666666667,6.707983484195711,2,Newport Beach,CA,M,M,4,2,40000,48,0
2977,0.6033333333333334,2.0900079744664453,1,Los Angeles,CA,S,M,0,1,120000,48,1
2982,2.549166666666667,8.830572367255325,1,Spring Valley,CA,M,M,2,1,20000,27,0
2993,7.890833333333333,27.334648494782833,1,Imperial Beach,CA,S,M,0,3,80000,21,0
2994,7.995833333333333,15.086662055262487,3,Imperial Beach,CA,M,M,1,3,40000,34,0
3003,9.67,20.225762599399626,3,Bellflower,CA,S,F,0,3,60000,35,0
3004,2.6508333333333334,7.016766230489179,2,Downey,CA,S,F,0,2,140000,77,0
3005,15.504166666666666,29.87828869942287,3,Beverly Hills,CA,S,M,0,3,80000,41,1
3006,5.03,13.693243191111048,2,Lemon Grove,CA,M,M,2,2,60000,27,0
3009,3.36,11.639381426862855,1,Burbank,CA,M,F,2,1,140000,30,0
3010,2.945833333333333,10.204666007926633,1,Burbank,CA,S,M,0,2,100000,68,0
3012,6.161666666666667,17.74270494563551,2,El Cajon,CA,M,F,4,2,80000,35,0
3018,5.1066666666666665,11.413791763662172,3,La Mesa,CA,M,M,3,3,20000,68,0
3022,1.7433333333333334,6.039083815723486,1,San Gabriel,CA,M,M,0,1,20000,74,0
3028,1.2383333333333333,4.289712500078919,1,Bellflower,CA,S,M,0,1,20000,72,0
3031,2.665,4.856479270942161,3,West Covina,CA,M,M,2,3,40000,51,0
3033,4.9191666666666665,17.040493195131805,1,Lemon Grove,CA,S,M,0,1,20000,44,0
3034,9.895833333333332,23.80904238398563,2,Arcadia,CA,S,M,0,4,100000,29,0
3037,2.2325,5.332785601608907,2,La Jolla,CA,M,M,4,2,40000,67,0
3039,12.925,25.122725496323767,3,Newport Beach,CA,S,M,0,3,20000,88,0
3041,1.9333333333333333,6.697263122599659,1,La Mesa,CA,S,M,0,1,40000,50,0
3042,5.200833333333334,12.48337109069016,2,La Mesa,CA,M,F,0,2,40000,25,0
3051,3.6625,12.687272165442026,1,San Gabriel,CA,M,M,1,1,80000,60,0
3052,9.071666666666667,14.158668294680396,5,Bellflower,CA,S,M,0,5,40000,64,0
3054,1.27,3.087426112476216,2,National City,CA,S,M,0,2,60000,82,0
3057,2.103333333333333,7.286160397173076,1,Arcadia,CA,S,M,0,1,40000,53,0
3058,7.112500000000001,13.522021853258485,3,Altadena,CA,M,M,2,4,40000,60,0
3063,5.258333333333333,14.506889794685542,2,Grossmont,CA,S,M,0,2,140000,56,0
3066,8.491666666666667,20.013368638048522,2,Coronado,CA,S,F,0,3,80000,41,0
3070,12.635833333333334,23.227110906451667,3,Santa Monica,CA,M,M,1,4,40000,51,0
3072,2.091666666666667,7.245745878329804,1,Mill Valley,CA,M,M,1,1,40000,44,0
3076,0.7708333333333334,2.6702449950020193,1,San Gabriel,CA,S,F,0,1,40000,44,0
3081,1.2375,4.286825748732971,1,Coronado,CA,S,F,0,1,100000,48,0
3082,9.948333333333332,19.618980064923832,4,Beverly Hills,CA,S,F,0,4,60000,65,1
3087,12.51,23.528154894238366,4,Glendale,CA,S,M,0,5,80000,86,0
3093,2.066666666666667,7.15914333795136,1,Lemon Grove,CA,S,F,0,1,80000,68,0
3094,5.6450000000000005,13.225881307634527,2,Grossmont,CA,M,M,2,3,20000,58,0
3095,1.0241666666666667,3.54781740417025,1,Mill Valley,CA,M,M,5,1,40000,45,0
3097,8.545,20.27418936839287,2,Pomona,CA,M,M,0,2,40000,39,0
3099,11.1875,16.77414196423661,5,Beverly Hills,CA,M,M,1,6,40000,62,1
3100,7.215833333333332,17.528421314764167,2,Santa Monica,CA,M,M,3,3,40000,28,0
3102,13.801666666666666,22.81410920434718,4,La Jolla,CA,S,M,0,4,20000,64,0
3103,3.080833333333333,10.672319725970231,1,Imperial Beach,CA,S,F,0,1,150000,23,0
3107,0.9691666666666666,2.2643299564142922,2,West Covina,CA,M,F,0,2,20000,27,0
3111,2.3066666666666666,7.99052772558442,1,Lemon Grove,CA,M,M,1,1,60000,48,0
3114,2.6933333333333334,9.329980350104353,1,Los Angeles,CA,S,M,0,1,40000,71,1
3115,4.7,10.016347546976302,3,Downey,CA,M,M,1,3,20000,61,0
3116,16.8975,29.174986211728456,4,West Covina,CA,S,F,0,5,60000,65,0
3121,8.2625,14.15865885084267,4,Lakewood,CA,M,M,1,4,60000,54,0
3126,0.425,1.4722431864335455,1,Daly City,CA,M,F,0,1,40000,30,0
3127,2.8783333333333334,6.84296697125574,2,Arcadia,CA,S,F,0,2,80000,23,0
3128,6.913333333333333,17.22312891715584,3,Long Beach,CA,S,M,0,4,120000,65,0
3133,7.8875,12.583604141175858,4,Lincoln Acres,CA,M,M,1,4,60000,32,0
3139,3.1941666666666664,11.064917909019178,1,El Cajon,CA,S,F,0,1,80000,30,0
3140,6.0408333333333335,10.185892613479357,4,Downey,CA,M,M,0,4,60000,50,0
3143,2.5083333333333333,8.689121551303868,1,Woodland Hills,CA,S,F,0,1,150000,66,0
3146,8.155000000000001,20.25414143958083,2,Burbank,CA,M,M,0,3,40000,43,0
3155,3.97,13.752483412096886,1,Torrance,CA,S,F,0,1,120000,36,0
3157,9.551666666666668,23.658711573822725,2,Santa Monica,CA,S,M,0,3,60000,84,0
3159,2.4050000000000002,5.626961880091245,2,National City,CA,S,F,0,2,140000,73,0
3163,4.879166666666666,12.91907431128895,2,Bellflower,CA,S,F,0,2,40000,72,0
3164,8.123333333333333,19.18718669668207,2,Torrance,CA,M,F,1,3,20000,68,0
3166,2.1374999999999997,7.40451720235695,1,Lemon Grove,CA,S,M,0,1,40000,21,0
3169,2.2308333333333334,7.727833353103141,1,Burbank,CA,S,M,0,1,150000,18,0
3170,3.0549999999999997,10.582830434245839,1,Burbank,CA,S,M,0,1,40000,63,0
3171,1.2308333333333332,4.263731737965386,1,San Jose,CA,M,F,2,1,40000,67,0
3179,6.2675,14.750266022254403,2,Spring Valley,CA,M,F,5,2,60000,35,0
3180,2.2016666666666667,7.626797055994957,1,Grossmont,CA,M,F,0,1,20000,39,0
3181,7.611666666666666,15.89289711751381,3,San Diego,CA,S,F,0,4,80000,50,1
3183,6.879166666666666,11.088962947112062,4,Pomona,CA,S,F,0,5,100000,65,0
3188,9.345833333333333,21.937564486653038,2,Lakewood,CA,S,M,0,2,40000,52,0
3189,0.5158333333333334,1.7868990831418918,1,Fremont,CA,M,F,3,1,80000,48,0
3191,9.008333333333333,23.881343358489293,2,West Covina,CA,S,F,0,3,150000,25,0
3194,7.558333333333334,15.21273021538411,3,Arcadia,CA,M,M,1,3,80000,76,0
3198,10.128333333333334,19.202549941151677,3,Glendale,CA,M,M,3,3,80000,73,0
3199,1.5199999999999998,5.265434455009387,1,San Diego,CA,M,F,4,1,40000,65,1
3203,7.660833333333334,12.32132184344265,4,Burbank,CA,S,M,0,5,20000,69,0
3204,5.635,14.435340786983991,2,El Cajon,CA,M,F,0,2,40000,20,0
3214,3.1991666666666667,11.082238417094867,1,Berkeley,CA,M,M,5,1,20000,81,0
3216,2.040833333333333,7.069654046226967,1,Glendale,CA,S,F,0,1,20000,71,0
3221,5.2325,9.647256911116802,3,Beverly Hills,CA,M,F,4,3,60000,50,1
3222,0.39999999999999997,1.3856406460551018,1,San Gabriel,CA,M,M,1,1,80000,52,0
3227,8.544166666666667,20.390776639689253,2,La Mesa,CA,S,F,0,2,40000,38,0
3228,1.7774999999999999,6.157440620907359,1,Chula Vista,CA,S,M,0,1,60000,74,0
3229,1.7983333333333331,6.2296094045560615,1,Daly City,CA,S,F,0,1,40000,48,0
3233,10.6,19.458986239127295,3,Burbank,CA,S,F,0,5,40000,42,0
3240,7.674166666666667,14.368060828438088,3,Burbank,CA,M,M,0,3,60000,58,0
3246,5.071666666666666,17.56876869144031,1,Arcadia,CA,M,F,3,2,20000,75,0
3251,4.099166666666667,11.79927305798835,2,Altadena,CA,M,F,2,2,140000,71,0
3257,5.85,10.884014967748888,3,La Mesa,CA,S,M,0,3,120000,32,0
3258,7.680833333333333,18.15962877991294,2,Altadena,CA,S,F,0,3,40000,23,0
3262,5.003333333333334,13.908378333896007,2,Woodland Hills,CA,M,F,1,2,40000,40,0
3270,6.069166666666667,11.753337211450228,4,Santa Monica,CA,S,M,0,4,20000,22,0
3275,1.7941666666666667,6.215175647826322,1,Coronado,CA,M,M,1,1,60000,40,0
3276,2.985,10.340343321186198,1,Lincoln Acres,CA,M,M,2,1,40000,50,0
3279,2.8183333333333334,9.762993051996572,1,Glendale,CA,S,M,0,1,40000,70,0
3285,18.178333333333335,29.94125212458355,4,Bellflower,CA,S,M,0,5,40000,61,0
3289,3.7591666666666668,13.022135321572009,1,Pomona,CA,M,M,3,1,140000,46,0
3291,14.069166666666668,25.961969899462677,4,Beverly Hills,CA,M,M,0,5,40000,39,1
3292,2.025,7.014805770653953,1,Altadena,CA,S,F,0,1,40000,25,0
3294,1.06,3.67194771204602,1,Grossmont,CA,M,F,0,1,40000,48,0
3297,4.289166666666667,10.694813915958038,2,Newport Beach,CA,M,M,0,2,60000,45,0
3300,2.1774999999999998,7.543081266962461,1,San Diego,CA,S,F,0,1,60000,39,1
3309,3.231666666666667,11.194821719586844,1,Lemon Grove,CA,M,M,0,1,120000,58,0
3316,8.0841666666666665,12.707998525147518,4,Beverly Hills,CA,M,M,0,4,140000,80,1
3321,7.206666666666666,17.18101189386032,2,El Cajon,CA,S,M,0,2,40000,46,0
3322,4.467499999999999,9.233798711059476,3,Lakewood,CA,M,F,3,3,20000,58,0
3323,4.485,10.524161378811746,2,Los Angeles,CA,M,M,0,2,140000,72,1
3327,0.8025000000000001,2.779941546148048,1,Santa Monica,CA,S,F,0,1,40000,86,0
3333,7.911666666666667,15.302969903871206,3,Arcadia,CA,S,F,0,3,120000,68,0
3337,3.188333333333333,11.04471064959754,1,Downey,CA,S,M,0,1,100000,51,0
3345,5.18,17.944046366413566,1,Bellflower,CA,S,M,0,1,120000,42,0
3346,4.0408333333333335,9.46121888969851,2,Bellflower,CA,S,F,0,2,100000,49,0
3349,1.5916666666666668,5.513695070760926,1,Woodland Hills,CA,M,M,0,1,150000,63,0
3352,10.418333333333333,16.75826191537304,5,Lakewood,CA,M,F,0,5,80000,87,0
3353,0.6633333333333333,2.2978540713747106,1,Santa Cruz,CA,M,F,2,1,20000,38,0
3357,4.493333333333333,12.620149353195853,2,National City,CA,M,M,0,2,20000,53,0
3361,2.7741666666666664,9.60999523066132,1,El Cajon,CA,M,M,1,1,20000,42,0
3369,2.5408333333333335,8.05809864595109,2,Chula Vista,CA,M,M,1,2,20000,33,0
3370,13.514166666666666,21.64600171282251,4,Burbank,CA,S,F,0,4,140000,56,0
3380,11.715833333333334,24.967085772466458,3,Grossmont,CA,S,F,0,3,40000,56,0
3386,8.945833333333333,16.934911470543668,3,Chula Vista,CA,M,F,4,3,40000,25,0
3403,2.0633333333333335,7.147596332567567,1,Altadena,CA,M,F,4,1,150000,36,0
3404,2.9658333333333338,10.273948040229392,1,El Cajon,CA,S,F,0,1,40000,34,0
3405,0.975,3.3774990747593105,1,Fremont,CA,M,M,1,1,40000,40,0
3407,8.871666666666666,15.264156965872301,4,West Covina,CA,S,M,0,4,20000,67,0
3410,2.0725000000000002,7.179350597372997,1,La Mesa,CA,S,F,0,1,140000,35,0
3414,3.6366666666666667,12.597782873717634,1,San Gabriel,CA,S,M,0,1,100000,39,0
3416,4.3566666666666665,8.573415924009556,3,Glendale,CA,M,F,1,3,120000,74,0
3417,1.9366666666666665,6.708810127983451,1,Mill Valley,CA,S,M,0,1,80000,38,0
3427,2.2508333333333335,7.797115385405896,1,Coronado,CA,M,F,2,1,150000,78,0
3428,3.3350000000000004,11.552778886484413,1,Spring Valley,CA,M,F,3,2,40000,23,0
3434,5.150833333333334,17.843010069305386,1,Lincoln Acres,CA,S,F,0,1,40000,52,0
3437,3.9450000000000003,10.023286069765925,3,Torrance,CA,S,F,0,3,60000,44,0
3449,8.348333333333333,14.623698595295945,4,Pomona,CA,M,F,0,4,40000,19,0
3451,4.696666666666666,12.151078764929276,2,Beverly Hills,CA,S,M,0,2,40000,24,1
3452,2.995,8.325741572212815,2,Chula Vista,CA,M,M,1,2,60000,66,0
3453,0.3983333333333334,1.3798671433632057,1,Daly City,CA,M,M,0,1,60000,34,0
3455,5.4175,14.005624925202536,2,Lakewood,CA,S,F,0,2,40000,55,0
3457,7.565833333333334,15.47884448255591,3,Coronado,CA,M,M,1,3,40000,22,0
3458,0.37666666666666665,1.3048116083685541,1,Coronado,CA,S,F,0,1,20000,61,0
3461,0.37000000000000005,1.2817175976009694,1,Spring Valley,CA,M,M,1,1,20000,31,0
3462,1.5058333333333334,5.216359682128269,1,Santa Monica,CA,S,M,0,1,40000,65,0
3469,3.275,9.195351098146379,2,Chula Vista,CA,M,M,3,2,60000,59,0
3480,9.1775,18.845225643261863,3,Woodland Hills,CA,S,F,0,3,20000,22,0
3485,12.746666666666666,23.206102776222593,3,San Gabriel,CA,S,F,0,4,80000,38,0
3488,2.888333333333333,10.005480165056214,1,San Diego,CA,S,M,0,1,40000,84,1
3498,4.170833333333333,12.461038522555254,2,El Cajon,CA,M,F,1,2,20000,41,0
3503,6,14.322033882987936,2,San Gabriel,CA,M,F,2,3,60000,77,0
3508,5.392500000000001,18.680167959630346,1,West Covina,CA,M,M,1,2,20000,65,0
3509,3.3674999999999997,11.665362188976388,1,Lincoln Acres,CA,S,F,0,1,100000,48,0
3510,2.3041666666666667,7.981867471546575,1,Spring Valley,CA,S,M,0,1,40000,56,0
3513,9.5275,18.19116625028353,3,Downey,CA,M,F,1,3,120000,31,0
3516,4.1258333333333335,14.292305913789185,1,Beverly Hills,CA,M,F,0,1,60000,78,1
3517,1.9383333333333335,6.714583630675349,1,Berkeley,CA,S,M,0,1,60000,46,0
3522,0.7725,2.6760184976939154,1,Novato,CA,M,F,0,1,40000,73,0
3527,7.351666666666667,17.17000600059901,2,National City,CA,S,M,0,2,20000,26,0
3531,5.5125,16.57032348672003,2,Bellflower,CA,S,F,0,2,60000,25,0
3532,12.974166666666667,22.91176532158784,4,Downey,CA,M,F,4,4,20000,35,0
3534,1.7175,5.949594523999093,1,Palo Alto,CA,M,M,3,1,20000,33,0
3540,1.75,6.06217782649107,1,Grossmont,CA,S,M,0,1,60000,29,0
3546,6.658333333333333,12.67190653183313,3,Chula Vista,CA,S,F,0,3,60000,56,0
3551,0.655,2.2689865579152295,1,Long Beach,CA,M,F,1,1,40000,37,0
3556,4.653333333333333,16.119619515774353,1,Torrance,CA,S,M,0,1,100000,56,0
3557,4.363333333333333,10.201144617892226,2,San Diego,CA,S,M,0,2,60000,71,1
3558,9.56,14.571679256819934,4,Lemon Grove,CA,S,F,0,4,80000,41,0
3561,7.259166666666666,16.978644585764112,2,Chula Vista,CA,S,M,0,2,60000,54,0
3563,0.9241666666666667,3.2014072426564746,1,Palo Alto,CA,M,F,0,1,60000,65,0
3564,0.8666666666666667,3.002221399786054,1,San Carlos,CA,S,F,0,1,60000,29,0
3565,1.6958333333333335,5.874538989004442,1,La Jolla,CA,M,M,1,1,40000,29,0
3579,10.720833333333333,16.539204366008846,4,San Gabriel,CA,S,F,0,4,20000,84,0
3580,10.205833333333334,20.574834787068195,3,Bellflower,CA,S,M,0,3,60000,56,0
3585,2.955,7.1605389588925625,3,Arcadia,CA,M,F,3,3,40000,71,0
3587,4.170833333333333,7.993045225050148,3,Altadena,CA,M,M,2,3,20000,37,0
3588,7.4991666666666665,24.30028075345982,2,Chula Vista,CA,S,F,0,3,20000,70,0
3594,6.505833333333333,14.009808549943166,3,Coronado,CA,M,F,1,4,20000,75,0
3597,2.02,6.997485262578264,1,Bellflower,CA,M,F,3,1,60000,73,0
3603,1.5183333333333333,3.564105991009739,2,Lincoln Acres,CA,M,F,0,2,140000,22,0
3606,1.6308333333333334,5.649372384020488,1,Berkeley,CA,M,F,4,1,120000,60,0
3607,2.6075,9.032644961471695,1,Lakewood,CA,M,F,0,1,80000,47,0
3609,5.35,12.548621076002371,2,Coronado,CA,M,F,2,2,40000,71,0
3611,3.311666666666667,11.471949848797864,1,Coronado,CA,M,F,0,1,20000,76,0
3612,1.3816666666666666,4.786233731581997,1,Lincoln Acres,CA,S,M,0,1,20000,42,0
3621,6.47,13.70498316804379,3,Chula Vista,CA,M,M,2,3,140000,83,0
3623,0.215,0.7447818472546173,1,Daly City,CA,S,M,0,1,100000,50,0
3631,0.6908333333333333,2.3931168657909985,1,Spring Valley,CA,S,M,0,1,20000,22,0
3632,7.108333333333333,14.598586378222524,3,San Gabriel,CA,S,M,0,3,40000,85,0
3636,0.6675,2.312287828104451,1,Oakland,CA,S,F,0,1,100000,67,0
3639,0.9933333333333333,3.4410076043701694,1,Chula Vista,CA,M,F,2,1,40000,85,0
3642,10.501666666666667,18.28907116948327,4,La Jolla,CA,M,M,0,4,150000,69,0
3654,12.2025,28.10074153825838,3,La Jolla,CA,M,F,2,5,40000,55,0
3655,8.860000000000001,22.123938495337004,2,Glendale,CA,M,F,3,3,40000,74,0
3658,1.5158333333333334,5.251000698279647,1,Redwood City,CA,M,F,5,1,40000,20,0
3660,3.265,11.310291773424769,1,Coronado,CA,M,F,1,1,40000,71,0
3663,5.235833333333334,12.808042543178829,2,San Gabriel,CA,S,M,0,2,40000,33,0
3665,1.4641666666666666,5.072022114830863,1,Colma,CA,M,F,1,1,20000,65,0
3666,1.3125,4.546633369868303,1,Los Angeles,CA,M,M,4,1,60000,72,1
3668,4.104166666666667,14.217250378794535,1,Pomona,CA,M,M,3,1,140000,32,0
3669,3.583333333333333,9.507363015849952,2,Lincoln Acres,CA,S,M,0,2,20000,22,0
3679,9.39,17.910491592664595,3,Lemon Grove,CA,S,F,0,3,100000,40,0
3680,10.939166666666667,16.22561356639744,4,Long Beach,CA,S,F,0,4,20000,78,0
3683,7.836666666666668,24.515163520242783,2,Downey,CA,M,M,0,3,80000,45,0
3687,2.4216666666666664,8.388899411325262,1,Lincoln Acres,CA,M,M,1,1,20000,66,0
3694,1.3158333333333332,4.558180375252095,1,Novato,CA,S,F,0,1,80000,28,0
3699,1.2891666666666668,4.465804332181755,1,Colma,CA,M,M,0,1,100000,30,0
3701,8.35,16.058983891777327,3,San Gabriel,CA,S,F,0,3,120000,78,0
3702,8.57,20.11275759764976,2,Torrance,CA,M,F,1,3,120000,74,0
3707,7.289166666666667,20.516731734382212,2,El Cajon,CA,M,M,1,2,20000,53,0
3709,8.365,12.855292153958866,4,Altadena,CA,S,M,0,4,20000,63,0
3715,3.22,11.15440720074357,1,Imperial Beach,CA,S,F,0,1,40000,37,0
3720,2.3783333333333334,8.23878834133596,1,Torrance,CA,S,F,0,1,150000,83,0
3726,10.365,28.11207165484737,2,Bellflower,CA,M,F,2,3,100000,30,0
3727,1.5483333333333331,5.363584000771623,1,Berkeley,CA,M,F,3,1,40000,33,0
3733,7.4558333333333335,15.46026781982143,3,San Diego,CA,M,F,0,3,40000,74,1
3734,3.6133333333333333,12.516953836031085,1,Lemon Grove,CA,S,F,0,1,20000,76,0
3738,5.364999999999999,13.972354197420769,2,Burbank,CA,M,M,4,3,60000,46,0
3744,5.986666666666666,16.598826537567117,2,Glendale,CA,S,F,0,2,80000,52,0
3746,7.060833333333333,13.515039069888259,3,Chula Vista,CA,S,F,0,3,20000,27,0
3750,5.023333333333333,14.678942452205183,2,Glendale,CA,S,M,0,2,60000,31,0
3755,8.900833333333333,16.247673096803926,3,Chula Vista,CA,S,M,0,3,40000,61,0
3756,7.565833333333333,17.870774749616064,2,Spring Valley,CA,M,F,0,2,60000,65,0
3757,0.8616666666666667,2.984900891710365,1,Concord,CA,S,M,0,1,60000,77,0
3763,11.688333333333333,28.053983620329163,2,Lincoln Acres,CA,S,F,0,2,60000,84,0
3767,5.190833333333333,12.124016329983103,2,Lakewood,CA,M,F,0,2,40000,51,0
3768,11.328333333333333,24.769202590509387,3,Burbank,CA,M,M,1,4,40000,34,0
3769,2.146666666666667,7.43627146716238,1,Oakland,CA,S,F,0,1,80000,45,0
3774,0.5475,1.8965956342879207,1,Arcadia,CA,M,F,1,1,40000,45,0
3780,3.5316666666666667,12.23405220412817,1,Lemon Grove,CA,M,M,1,1,120000,43,0
3790,1.325,4.589934640057525,1,Woodland Hills,CA,M,M,1,1,60000,74,0
3791,3.8316666666666666,13.273282688669495,1,Imperial Beach,CA,M,M,1,1,60000,77,0
3792,17.485,26.129248849795616,5,Arcadia,CA,M,F,1,5,40000,77,0
3794,4.833333333333334,13.477835227670742,2,Coronado,CA,M,F,0,2,40000,46,0
3797,3.9683333333333333,11.167177419346014,2,Spring Valley,CA,M,M,5,3,60000,60,0
3798,3.4250000000000003,11.86454803184681,1,Santa Monica,CA,M,F,1,1,60000,62,0
3802,7.597499999999999,17.829644428718858,2,Pomona,CA,S,F,0,3,120000,28,0
3803,1.9783333333333333,6.853147695280858,1,Coronado,CA,S,F,0,1,20000,36,0
3806,9.41,20.418649674879447,3,San Diego,CA,S,M,0,3,40000,37,1
3809,4.9558333333333335,17.167510254353523,1,Long Beach,CA,S,M,0,2,60000,40,0
3810,7.09,13.693022111479063,3,Long Beach,CA,M,M,0,3,120000,85,0
3814,1.5775,5.464620297879808,1,West Covina,CA,M,F,0,1,20000,19,0
3817,4.465833333333333,9.658558577131412,3,Pomona,CA,M,F,2,3,60000,32,0
3824,0.4566666666666667,1.5819397375795747,1,Richmond,CA,M,F,0,1,20000,75,0
3828,1.1125,3.853813046840752,1,Coronado,CA,M,M,0,1,40000,68,0
3831,0.6633333333333333,2.2978540713747106,1,Glendale,CA,M,F,0,1,140000,41,0
3837,1.2433333333333334,4.307033008154608,1,Lemon Grove,CA,S,F,0,1,80000,49,0
3844,3.2325,9.193720312355504,2,Woodland Hills,CA,S,M,0,2,40000,68,0
3845,2.1458333333333335,5.0284507976356325,2,Lemon Grove,CA,S,F,0,2,150000,20,0
3846,1.7383333333333333,4.344923544328554,2,Concord,CA,S,F,0,2,80000,54,0
3848,1.0566666666666666,3.6604007066622275,1,Richmond,CA,M,F,1,1,20000,82,0
3850,13.436666666666667,23.120336712447976,4,Downey,CA,S,M,0,4,40000,20,0
3852,11.4425,23.14463775517305,3,San Diego,CA,M,F,0,3,60000,82,1
3859,8.9075,17.11541151604706,4,Lemon Grove,CA,S,M,0,4,20000,45,0
3862,1.1300000000000001,3.914434825105663,1,Oakland,CA,M,M,2,1,40000,83,0
3863,1.2874999999999999,4.460030829489859,1,Downey,CA,S,M,0,1,100000,70,0
3872,6.009166666666667,14.913270148265656,3,Chula Vista,CA,M,M,4,3,80000,73,0
3875,5.391666666666667,13.72757333606234,2,Arcadia,CA,M,F,0,2,20000,40,0
3887,0.435,1.5068842025849232,1,El Cajon,CA,S,M,0,1,20000,36,0
3888,5.8275,13.626042662356655,2,San Gabriel,CA,M,M,1,2,80000,30,0
3891,5.1325,17.779501539694525,1,Woodland Hills,CA,M,F,5,1,60000,29,0
3893,11.2525,20.22962864216741,4,El Cajon,CA,M,M,4,4,20000,77,0
3896,1.9408333333333332,6.723243884713192,1,San Jose,CA,S,F,0,1,40000,37,0
3898,5.7508333333333335,19.921471038388038,1,Woodland Hills,CA,S,F,0,2,20000,50,0
3899,0.8408333333333333,2.912732108061662,1,National City,CA,S,F,0,1,150000,65,0
3900,5.058333333333334,17.522580669905143,1,La Mesa,CA,S,F,0,1,40000,25,0
3903,10.859166666666667,20.23341586149611,3,Bellflower,CA,S,F,0,3,40000,33,0
3908,2.1841666666666666,7.566175277730046,1,Santa Monica,CA,S,M,0,1,80000,46,0
3911,8.573333333333332,14.241573797948885,4,Burbank,CA,S,M,0,4,40000,63,0
3914,0.43166666666666664,1.4953371972011307,1,San Carlos,CA,M,F,1,1,20000,79,0
3922,5.7316666666666665,11.56472287396093,3,West Covina,CA,M,M,3,3,40000,61,0
3924,4.008333333333334,13.8852739740105,1,National City,CA,S,F,0,1,40000,73,0
3935,1.1175,3.8711335549164407,1,La Mesa,CA,M,F,1,1,20000,26,0
3936,3.7258333333333336,8.834186136649471,2,Beverly Hills,CA,S,M,0,2,40000,63,1
3939,7.1675,17.110149632733943,2,Torrance,CA,S,M,0,2,40000,30,0
3943,1.2766666666666666,4.422503061992534,1,San Jose,CA,S,F,0,1,60000,55,0
3944,3.8766666666666665,9.090117844353967,2,Berkeley,CA,S,M,0,2,100000,70,0
3946,13.463333333333333,21.524154014980613,5,Newport Beach,CA,M,F,3,5,120000,78,0
3948,0.8208333333333333,2.8434500757589065,1,Coronado,CA,S,F,0,1,40000,58,0
3951,2.875,7.685661383972814,2,San Gabriel,CA,M,M,1,2,120000,80,0
3952,8.500833333333333,13.080573005473237,4,West Covina,CA,M,M,1,4,40000,86,0
3959,2.283333333333333,7.909698687897873,1,Altadena,CA,M,M,1,1,40000,40,0
3965,0.23750000000000002,0.8227241335952167,1,Coronado,CA,M,M,0,1,40000,49,0
3968,6.891666666666667,23.873433630991027,1,La Jolla,CA,S,F,0,1,40000,31,0
3969,15.918333333333333,27.77240776982315,4,Torrance,CA,S,M,0,5,20000,37,0
3970,1.3266666666666667,4.595708142749421,1,Lakewood,CA,S,M,0,1,40000,76,0
3975,6.3566666666666665,15.24340950487565,2,Lincoln Acres,CA,S,F,0,2,40000,41,0
3981,7.0200000000000005,13.018027360688576,4,Pomona,CA,S,F,0,4,20000,44,0
3983,1.6500000000000001,5.715767664977295,1,San Diego,CA,M,F,0,1,20000,18,1
3987,5.040833333333333,17.46195889164023,1,Glendale,CA,M,M,1,2,40000,81,0
3993,0.35000000000000003,1.2124355652982142,1,Spring Valley,CA,S,M,0,1,100000,42,0
3996,1.6491666666666667,4.302167441763477,2,Los Angeles,CA,M,M,2,2,20000,43,1
4006,3.9500000000000006,13.683201379794133,1,San Gabriel,CA,M,M,2,2,20000,42,0
4011,7.0475,13.689497716398245,4,La Mesa,CA,S,F,0,4,100000,50,0
4012,0.33499999999999996,1.1604740410711476,1,Imperial Beach,CA,S,F,0,1,20000,54,0
4015,5.668333333333333,15.621678313591447,2,Downey,CA,S,M,0,2,60000,80,0
4030,5.583333333333333,10.680279476538509,3,Altadena,CA,M,F,0,3,40000,68,0
4036,2.0341666666666667,4.881844767435086,2,La Mesa,CA,M,M,1,2,40000,58,0
4041,1.7833333333333332,6.177647880328995,1,Lemon Grove,CA,S,M,0,1,80000,62,0
4042,1.2075,4.182902700278839,1,Arcadia,CA,S,M,0,1,60000,21,0
4047,0.7166666666666667,2.4826061575153906,1,San Carlos,CA,M,F,4,1,40000,76,0
4051,12.199166666666667,20.750403482751118,4,La Mesa,CA,M,F,0,5,20000,81,0
4057,5.333333333333333,14.858932626130276,2,Arcadia,CA,M,M,0,3,40000,41,0
4059,0.6391666666666667,2.2141382823422147,1,Oakland,CA,M,M,1,1,20000,34,0
4061,4.426666666666667,10.339605525562492,2,Torrance,CA,S,M,0,2,40000,56,0
4064,4.053333333333334,9.482267980847517,2,Lemon Grove,CA,M,M,1,2,80000,32,0
4077,4.1975,10.134287547277761,2,Los Angeles,CA,S,M,0,2,40000,69,1
4079,1.925,4.866689186332288,2,Downey,CA,S,M,0,2,20000,26,0
4081,4.953333333333333,17.158850000315677,1,Lincoln Acres,CA,S,F,0,1,40000,58,0
4084,2.3783333333333334,8.23878834133596,1,Mill Valley,CA,M,M,0,1,40000,83,0
4085,4.904166666666667,11.887745759496383,2,El Cajon,CA,M,F,1,2,20000,67,0
4090,5.328333333333333,12.55949103871312,2,Beverly Hills,CA,M,F,4,2,60000,40,1
4095,0.9833333333333334,3.406366588218792,1,Santa Cruz,CA,S,F,0,1,60000,69,0
4100,4.913333333333333,9.643252311928542,3,Santa Monica,CA,S,F,0,3,20000,50,0
4106,6.776666666666666,16.96544741704757,2,San Diego,CA,M,F,0,2,100000,71,1
4107,6.7283333333333335,12.498835460905463,3,Woodland Hills,CA,M,M,1,4,40000,53,0
4109,9.830833333333334,18.819470313448992,3,Burbank,CA,M,M,0,3,60000,69,0
4113,5.025833333333333,12.697215484530695,2,West Covina,CA,M,M,3,2,80000,46,0
4114,7.325833333333334,17.77325593455379,3,Newport Beach,CA,M,F,0,3,100000,53,0
4115,3.4658333333333333,8.329204325562538,2,Newport Beach,CA,S,M,0,2,40000,19,0
4121,4.5424999999999995,11.90053637064695,2,Downey,CA,S,M,0,2,80000,38,0
4132,3.1575,10.93790084979746,1,Woodland Hills,CA,S,F,0,1,60000,76,0
4138,9.443333333333333,17.687695946018177,3,Torrance,CA,M,M,2,3,20000,39,0
4142,2.5100000000000002,8.694895053995765,1,Los Angeles,CA,S,M,0,1,80000,79,1
4146,1.7208333333333332,5.9611415293828856,1,Spring Valley,CA,M,F,0,1,80000,51,0
4151,3.1991666666666667,11.082238417094867,1,Long Beach,CA,S,M,0,1,80000,48,0
4156,2.41,8.34848489248199,1,Pomona,CA,M,F,2,1,40000,77,0
4157,5.785,11.856966881811033,3,Altadena,CA,S,M,0,3,140000,74,0
4158,4.248333333333333,14.71665836164356,1,El Cajon,CA,S,F,0,1,140000,60,0
4160,5.450833333333334,15.376476401150931,2,La Jolla,CA,S,F,0,2,40000,56,0
4161,7.150833333333333,16.706245679295204,2,Torrance,CA,M,M,2,2,40000,51,0
4169,2.5225,8.738196324184987,1,Bellflower,CA,M,M,0,1,20000,42,0
4176,12.796666666666667,19.020625806229564,4,Spring Valley,CA,M,M,2,4,120000,83,0
4179,4.623333333333333,16.01569646732022,1,Grossmont,CA,M,M,0,1,60000,77,0
4180,2.535,5.181318715960604,3,Newport Beach,CA,S,F,0,3,20000,65,0
4181,4.3149999999999995,10.193908608932725,2,Coronado,CA,S,M,0,2,20000,55,0
4182,1.1333333333333333,3.925981830489455,1,Novato,CA,S,F,0,1,20000,53,0
4185,3.616666666666667,7.794846005048737,3,Spring Valley,CA,M,F,1,4,100000,33,0
4186,4.585,9.395079466498311,3,Glendale,CA,S,F,0,3,20000,30,0
4188,3.7908333333333335,7.357040484934801,3,Los Angeles,CA,S,F,0,3,60000,75,1
4191,3.401666666666667,11.783718994160262,1,West Covina,CA,M,F,1,1,40000,69,0
4193,4.279166666666667,9.994326079725376,2,Lemon Grove,CA,S,M,0,2,40000,25,0
4194,2.0683333333333334,7.164916840643255,1,Lemon Grove,CA,S,M,0,1,20000,70,0
4212,0.87,3.0137684051698463,1,Imperial Beach,CA,S,M,0,1,60000,52,0
4218,10.403333333333332,19.403500777546366,3,National City,CA,M,F,4,3,60000,87,0
4222,2.0433333333333334,7.078314300264812,1,Altadena,CA,M,F,0,1,120000,85,0
4232,3.5858333333333334,8.720853230080532,2,Glendale,CA,S,F,0,2,40000,31,0
4240,4.348333333333334,13.106313421979177,2,Chula Vista,CA,M,M,1,2,20000,46,0
4241,1.0658333333333334,2.769116886903356,2,Berkeley,CA,S,M,0,2,40000,79,0
4242,0.3408333333333333,1.1806813004927847,1,Berkeley,CA,M,F,1,1,40000,28,0
4246,0.8533333333333334,2.956033378250884,1,Long Beach,CA,S,F,0,1,60000,31,0
4251,3.724166666666667,10.280905034739565,2,Altadena,CA,S,F,0,2,60000,87,0
4252,11.9975,20.515174926690907,4,Burbank,CA,S,M,0,4,40000,53,0
4255,7.609166666666667,13.529209113707433,4,Grossmont,CA,M,M,0,4,20000,48,0
4258,13.324166666666667,24.073845656582783,4,Long Beach,CA,M,M,4,4,60000,67,0
4263,11.748333333333333,21.669300376059187,3,Spring Valley,CA,M,M,4,3,40000,25,0
4267,0.695,2.4075506225207395,1,Pomona,CA,M,F,0,1,20000,24,0
4270,2.525,8.74685657822283,1,Beverly Hills,CA,M,F,0,1,80000,58,1
4272,2.1866666666666665,7.5748355317678895,1,Berkeley,CA,M,M,1,1,150000,48,0
4275,3.2458333333333336,11.243896492467963,1,Coronado,CA,M,M,0,1,40000,48,0
4279,4.131666666666667,9.991691851763948,2,Glendale,CA,M,F,1,2,60000,84,0
4288,5.2525,18.195193733511058,1,National City,CA,M,F,0,1,60000,71,0
4292,7.331666666666666,17.67418756437212,2,Pomona,CA,M,M,1,2,80000,65,0
4296,0.9166666666666666,3.1754264805429417,1,La Jolla,CA,M,F,4,1,60000,21,0
4297,7.588333333333333,14.072594148223207,3,West Covina,CA,S,M,0,3,40000,69,0
4300,10.371666666666666,14.818480987870476,5,Santa Monica,CA,M,F,4,5,120000,78,0
4307,6.588333333333334,15.581145851977833,2,Newport Beach,CA,S,F,0,2,80000,48,0
4320,9.2625,23.013550998171805,2,West Covina,CA,M,M,3,2,100000,29,0
4328,5.654999999999999,13.906125203730124,3,Beverly Hills,CA,M,F,1,3,120000,49,1
4331,2.7383333333333333,9.485864922785552,1,Grossmont,CA,M,M,3,1,150000,32,0
4333,3.1325000000000003,10.851298309419017,1,National City,CA,S,M,0,1,20000,36,0
4334,9.643333333333334,23.70043472303,3,El Cajon,CA,S,M,0,3,40000,54,0
4337,9.878333333333334,19.5406079896727,3,Torrance,CA,S,M,0,4,40000,25,0
4338,6.198333333333333,15.271888514125514,2,Torrance,CA,S,M,0,3,80000,26,0
4344,6.9125,19.475050297519363,2,Downey,CA,S,M,0,2,100000,48,0
4357,9.1375,13.813915332670236,4,Long Beach,CA,S,F,0,4,40000,83,0
4358,4.135,8.826962310804529,3,El Cajon,CA,M,M,4,3,80000,46,0
4368,7.784166666666667,16.16133571118727,3,Torrance,CA,S,M,0,3,80000,54,0
4375,8.206666666666667,12.161810072617655,4,Beverly Hills,CA,S,M,0,5,40000,84,1
4376,2.8766666666666665,6.825203737662785,2,El Cajon,CA,M,M,2,2,40000,62,0
4385,4.920833333333333,14.820262823294165,2,Bellflower,CA,M,F,3,2,20000,82,0
4392,4.006666666666667,7.014072002810212,5,Bellflower,CA,M,M,0,5,20000,77,0
4398,6.984166666666667,16.35718216360426,2,Burbank,CA,M,M,2,2,20000,24,0
4400,1.3683333333333334,4.740045710046828,1,Novato,CA,M,F,3,1,80000,26,0
4403,9.285833333333333,19.6661330757095,3,Arcadia,CA,M,M,2,4,100000,25,0
4404,4.803333333333334,16.639234758045014,1,Imperial Beach,CA,S,M,0,1,40000,78,0
4407,9.211666666666666,22.044923073881055,2,Los Angeles,CA,S,M,0,3,40000,62,1
4415,3.9525,9.720818451325812,2,El Cajon,CA,S,F,0,2,140000,52,0
4416,7.391666666666667,15.232899105275894,3,San Gabriel,CA,S,F,0,3,20000,83,0
4421,0.47583333333333333,1.6483350185363814,1,Redwood City,CA,M,F,3,1,20000,28,0
4426,3.279166666666667,11.359366546305887,1,Woodland Hills,CA,M,F,5,1,20000,28,0
4428,0.6483333333333333,2.2458925471476445,1,La Mesa,CA,S,F,0,1,20000,78,0
4433,7.5075,22.665776815197923,2,Santa Monica,CA,M,M,3,3,40000,72,0
4438,5.095,17.64959772912686,1,Pomona,CA,S,F,0,1,20000,67,0
4440,2.535833333333333,8.784384345720156,1,Altadena,CA,S,F,0,1,60000,31,0
4441,3.5025,12.133015907019987,1,La Jolla,CA,M,F,3,1,40000,48,0
4449,1.995,6.910882722199821,1,Woodland Hills,CA,S,F,0,1,40000,39,0
4450,1.6675000000000002,5.7763894432422065,1,Pomona,CA,S,F,0,1,80000,84,0
4451,2.265,7.846190158287014,1,Long Beach,CA,M,M,0,1,100000,18,0
4452,2.5066666666666664,8.683348048611972,1,Lincoln Acres,CA,S,M,0,1,60000,33,0
4462,0.6316666666666667,2.188157520228682,1,Daly City,CA,M,F,0,1,80000,35,0
4463,11.95,20.5018101196411,4,Lemon Grove,CA,S,M,0,4,120000,33,0
4470,5.5216666666666665,15.026716712293313,2,Beverly Hills,CA,S,F,0,3,40000,65,1
4474,8.688333333333333,15.57154679847091,4,Newport Beach,CA,M,F,4,4,40000,43,0
4476,6.358333333333333,14.854289758935774,2,Coronado,CA,S,F,0,2,60000,87,0
4479,4.7575,16.480463434017867,1,San Gabriel,CA,M,M,1,1,40000,76,0
4482,0.7975,2.031981232017837,2,Grossmont,CA,M,M,0,2,20000,82,0
4486,9.929166666666667,23.25941117770038,2,Downey,CA,S,F,0,3,120000,86,0
4488,7.293333333333333,13.504141003500527,3,Beverly Hills,CA,M,F,0,3,80000,56,1
4491,2.424166666666667,8.397559665363106,1,Grossmont,CA,M,M,1,1,20000,34,0
4494,0.2041666666666667,0.7072540797572916,1,Redwood City,CA,S,F,0,1,20000,73,0
4496,4.763333333333334,11.644073274599505,3,Woodland Hills,CA,S,M,0,3,40000,20,0
4510,19.32,36.23090318298104,4,Bellflower,CA,S,F,0,5,40000,51,0
4520,15.908333333333333,21.815109790040367,5,Pomona,CA,S,F,0,5,80000,85,0
4524,8.6025,15.951335153579407,3,La Jolla,CA,M,M,1,3,40000,72,0
4525,1.3133333333333332,4.54952012121425,1,Arcadia,CA,S,F,0,1,40000,84,0
4526,2.485,8.60829251361732,1,El Cajon,CA,S,F,0,1,40000,32,0
4530,0.8808333333333334,3.0512961726671723,1,Novato,CA,M,M,1,1,80000,73,0
4533,5.729166666666667,14.329252634405119,2,Santa Monica,CA,S,F,0,2,120000,69,0
4537,2.6425,9.153888518001517,1,Bellflower,CA,M,M,2,1,120000,52,0
4542,0.9500000000000001,3.2908965343808667,1,Novato,CA,S,F,0,1,20000,49,0
4544,2.4083333333333337,6.862420502382171,2,West Covina,CA,M,F,3,2,80000,45,0
4548,6.293333333333334,14.708509184286571,2,Los Angeles,CA,S,M,0,2,40000,39,1
4551,0.96,3.3255375505322444,1,Coronado,CA,S,F,0,1,60000,43,0
4554,6.473333333333334,12.206822483820888,3,Lemon Grove,CA,M,F,2,3,100000,72,0
4558,12.661666666666667,20.554257613949623,4,Burbank,CA,M,F,3,5,80000,70,0
4568,9.908333333333333,23.837893757374598,2,Torrance,CA,S,F,0,4,140000,40,0
4569,1.4033333333333333,4.861289266576649,1,Palo Alto,CA,S,F,0,1,20000,56,0
4573,11.555833333333334,18.78231927702866,5,Long Beach,CA,S,M,0,6,60000,71,0
4578,3.129166666666667,7.344231451013823,2,San Jose,CA,S,F,0,2,40000,22,0
4582,12.0525,19.13684172907422,4,Arcadia,CA,S,M,0,4,150000,26,0
4585,2.9258333333333333,10.13538397562388,1,San Gabriel,CA,M,M,3,1,40000,39,0
4588,3.125,8.648101736009101,2,Palo Alto,CA,M,F,1,2,40000,54,0
4599,3.773333333333333,9.23053168303512,2,Los Angeles,CA,S,M,0,2,40000,37,1
4616,8.1658333333333335,15.937066262665976,3,Burbank,CA,S,F,0,3,40000,41,0
4621,2.39,8.279202860179232,1,Imperial Beach,CA,S,M,0,1,20000,47,0
4626,4.76,16.48912368805571,1,Woodland Hills,CA,S,F,0,1,120000,30,0
4627,9.820833333333333,13.53926106371818,5,Santa Monica,CA,S,M,0,5,80000,66,0
4628,3.6575,8.665306084925941,2,La Mesa,CA,M,M,0,2,20000,55,0
4633,11.615833333333333,17.637428929479043,4,Beverly Hills,CA,M,M,0,4,60000,85,1
4634,1.8416666666666668,6.379720474545365,1,San Diego,CA,M,M,4,1,20000,82,1
4635,9.900833333333333,23.282097085463963,2,La Jolla,CA,M,M,1,2,40000,20,0
4638,5.420000000000001,18.77543075404663,1,Pomona,CA,S,M,0,1,40000,21,0
4640,2.1750000000000003,7.534421012924617,1,Altadena,CA,M,M,1,1,60000,88,0
4650,6.439166666666668,22.305927650141193,1,La Jolla,CA,M,M,5,2,120000,41,0
4660,0.6708333333333334,2.323834833488244,1,Richmond,CA,S,M,0,1,60000,35,0
4662,2.265,7.846190158287014,1,Daly City,CA,S,M,0,1,140000,26,0
4663,3.59,12.436124798344538,1,San Gabriel,CA,S,F,0,1,60000,19,0
4664,16.334999999999997,24.245790075055012,6,Santa Monica,CA,S,M,0,7,40000,60,0
4665,0.26166666666666666,0.9064399226277126,1,La Jolla,CA,S,M,0,1,20000,83,0
4669,2.3816666666666664,5.562374956034081,2,La Mesa,CA,M,F,1,2,20000,34,0
4674,5.6375,10.519645798565307,3,Newport Beach,CA,S,F,0,3,60000,49,0
4680,0.5666666666666667,1.9629909152447276,1,West Covina,CA,S,F,0,1,60000,23,0
4686,8.311666666666667,17.500487698831986,3,Downey,CA,S,F,0,3,60000,40,0
4688,3.2508333333333335,8.780728338327929,2,Beverly Hills,CA,M,F,0,2,100000,43,1
4694,7.285833333333334,13.706702049019892,3,Los Angeles,CA,M,F,1,3,20000,24,1
4702,1.3633333333333333,4.722725201971139,1,Santa Cruz,CA,M,M,1,1,40000,69,0
4704,3.9066666666666667,13.533090309804829,1,Downey,CA,M,M,0,1,60000,78,0
4713,4.8950000000000005,16.95677740609931,1,Torrance,CA,S,M,0,1,100000,70,0
4715,1.36,4.711178196587346,1,Burlingame,CA,S,F,0,1,20000,69,0
4717,0.88,3.0484094213212245,1,Richmond,CA,S,M,0,1,100000,87,0
4721,0.655,2.2689865579152295,1,Palo Alto,CA,S,M,0,1,80000,64,0
4722,12.288333333333334,19.91233278573098,5,Glendale,CA,S,M,0,5,40000,76,0
4728,4.661666666666666,16.14848702923383,1,Bellflower,CA,M,M,0,1,60000,53,0
4729,1.1300000000000001,3.914434825105663,1,San Jose,CA,S,F,0,1,20000,63,0
4734,10.909166666666666,21.081318510745838,3,La Mesa,CA,M,M,1,3,40000,64,0
4743,0.6516666666666667,2.257439552531437,1,Long Beach,CA,M,F,0,1,40000,70,0
4744,14.621666666666666,29.344568905377095,3,El Cajon,CA,M,M,2,4,60000,80,0
4756,0.68,2.355589098293673,1,Glendale,CA,M,M,3,1,40000,87,0
4758,2.9716666666666662,10.294155299651027,1,National City,CA,S,M,0,1,20000,78,0
4760,0.245,0.8487048957087499,1,Novato,CA,S,M,0,1,80000,42,0
4763,1.21,4.191562954316683,1,Lemon Grove,CA,M,F,5,1,60000,64,0
4764,3.1024999999999996,10.747375260964883,1,Imperial Beach,CA,S,M,0,1,100000,30,0
4770,1.4708333333333332,5.095116125598447,1,Lincoln Acres,CA,S,M,0,1,40000,25,0
4776,4.16,14.41066271897306,1,Burbank,CA,M,M,3,1,20000,77,0
4782,8.106666666666667,17.396657115316113,3,Coronado,CA,S,F,0,3,20000,25,0
4788,2.558333333333333,8.862326632060755,1,Santa Cruz,CA,M,F,4,1,40000,79,0
4798,5.8325000000000005,15.029684037687794,2,Woodland Hills,CA,S,F,0,3,40000,46,0
4809,4.214166666666666,10.827727419020395,2,Altadena,CA,M,F,1,2,60000,62,0
4813,4.2225,10.159284267023038,2,Lakewood,CA,M,F,1,2,80000,76,0
4816,6.711666666666667,16.08864129713503,2,La Mesa,CA,M,F,0,2,80000,21,0
4819,14.151666666666667,19.477427883827396,5,Santa Monica,CA,S,F,0,5,20000,26,0
4821,4.809166666666667,7.462029285697428,5,Glendale,CA,M,M,0,5,120000,74,0
4825,0.2925,1.0132497224277932,1,Pomona,CA,M,F,2,1,120000,57,0
4827,6.3325,17.165535833598245,2,Beverly Hills,CA,M,F,5,3,20000,50,1
4828,6.393333333333333,16.169240344967765,2,Santa Monica,CA,M,M,2,2,80000,28,0
4833,1.6566666666666667,4.944505367914301,2,Coronado,CA,S,F,0,2,40000,44,0
4834,2.275,4.1920997125545565,3,San Diego,CA,S,M,0,3,60000,19,1
4837,3.3716666666666666,11.679795945706129,1,Imperial Beach,CA,M,M,1,1,80000,53,0
4842,11.995833333333334,22.059496185763106,3,West Covina,CA,M,M,0,4,40000,70,0
4843,2.65,7.03826683211144,2,San Diego,CA,S,M,0,2,40000,46,1
4844,8.428333333333333,16.203776121819896,3,National City,CA,S,F,0,3,40000,51,0
4845,2.666666666666667,7.953196422403595,2,Lemon Grove,CA,S,M,0,2,40000,50,0
4861,12.013333333333334,19.562041784739108,4,Burbank,CA,S,M,0,4,60000,63,0
4864,4.3125,12.498186868502167,2,San Diego,CA,M,F,1,2,60000,46,1
4867,0.9358333333333334,3.241821761499749,1,Grossmont,CA,S,F,0,1,40000,77,0
4874,3.65,8.525399484108435,2,Grossmont,CA,M,F,4,2,150000,60,0
4879,6.873333333333333,13.104418639481413,3,Lincoln Acres,CA,M,M,1,3,100000,73,0
4884,6.5633333333333335,15.468089929290109,2,Pomona,CA,S,M,0,2,80000,66,0
4886,1.62,5.611844616523163,1,El Cajon,CA,M,M,0,1,140000,76,0
4890,15.04,18.59342405749458,6,Lakewood,CA,S,M,0,7,40000,53,0
4898,3.8225,13.241528423864066,1,Imperial Beach,CA,M,M,0,1,40000,35,0
4902,0.69,2.39023011444505,1,Bellflower,CA,S,F,0,1,60000,23,0
4909,6.1275,14.314474000433648,2,Long Beach,CA,M,M,0,2,20000,50,0
4910,3.7758333333333334,9.42705724674107,2,Chula Vista,CA,M,M,2,2,40000,68,0
4915,1.9991666666666665,6.9253164789295605,1,Lemon Grove,CA,S,M,0,1,40000,70,0
4926,4.2825,14.835015166827434,1,Burbank,CA,M,M,1,1,120000,57,0
4934,0.7599999999999999,2.6327172275046933,1,La Mesa,CA,S,M,0,1,20000,33,0
4943,1.0791666666666666,3.7383429930028265,1,El Cajon,CA,M,F,3,1,80000,81,0
4946,5.4158333333333335,14.359276671028786,3,La Mesa,CA,M,F,0,3,40000,50,0
4950,3.776666666666667,13.08275709983692,1,San Gabriel,CA,M,M,0,1,140000,54,0
4955,4.296666666666667,14.884089939708552,1,La Mesa,CA,S,F,0,1,40000,24,0
4963,6.6775,13.85457727119945,3,National City,CA,S,F,0,3,40000,59,0
4966,1.5366666666666668,5.32316948192835,1,Fremont,CA,S,F,0,1,20000,71,0
4968,3.6149999999999998,8.5082596233414165,2,Spring Valley,CA,M,M,2,2,40000,29,0
4970,1.0825,3.7498899983866196,1,San Jose,CA,M,F,0,1,120000,37,0
4975,2.2658333333333336,7.849076909632963,1,Colma,CA,M,F,1,1,40000,43,0
4982,4.486666666666666,10.479325388881701,2,National City,CA,S,F,0,2,60000,52,0
4990,3.3783333333333334,11.702889956473713,1,Pomona,CA,S,M,0,1,100000,81,0
4991,3.5175,12.184977431247052,1,Imperial Beach,CA,M,M,2,1,40000,46,0
4993,1.6875,5.845671475544961,1,Berkeley,CA,S,F,0,1,80000,84,0
5001,4.053333333333334,9.763059629713082,2,Santa Monica,CA,S,M,0,2,40000,76,0
5010,5.753333333333334,14.034213605156205,2,Beverly Hills,CA,S,F,0,2,150000,35,1
5013,6.13,13.525666510211412,3,Glendale,CA,M,M,1,3,20000,37,0
5014,8.438333333333334,12.016577816676529,5,Newport Beach,CA,S,M,0,5,40000,39,0
5016,5.513333333333334,10.82757618586016,4,Long Beach,CA,M,M,4,4,80000,73,0
5018,1.2241666666666666,4.240637727197801,1,Woodland Hills,CA,M,M,3,1,60000,74,0
5023,4.28,13.076035679475225,2,Lakewood,CA,S,F,0,2,40000,55,0
5025,3.985,11.292851721332392,2,Coronado,CA,M,M,1,2,120000,81,0
5030,1.7375,6.01887655630185,1,La Jolla,CA,S,F,0,1,40000,60,0
5031,4.538333333333333,15.72124783003351,1,Burbank,CA,M,M,0,1,40000,85,0
5042,2.32,8.03671574711959,1,La Jolla,CA,S,M,0,1,60000,73,0
5045,1.625,5.629165124598851,1,Santa Cruz,CA,M,F,1,1,40000,69,0
5046,2.1491666666666664,7.444931721200224,1,Redwood City,CA,S,F,0,1,60000,77,0
5051,3.9916666666666667,13.827538947091536,1,La Jolla,CA,S,M,0,1,120000,56,0
5054,16.1625,20.76901237420788,6,Los Angeles,CA,M,F,0,6,120000,52,1
5057,2.4758333333333336,8.576538248811891,1,San Carlos,CA,M,M,0,1,40000,55,0
5061,0.8591666666666667,2.976240637672521,1,Arcadia,CA,M,M,0,1,20000,64,0
5062,2.704166666666667,9.367508117601679,1,Lakewood,CA,M,M,4,1,40000,28,0
5066,0.8133333333333334,2.8174693136453737,1,Daly City,CA,M,F,0,1,20000,75,0
5076,0.5866666666666667,2.0322729475474826,1,Colma,CA,S,F,0,1,60000,29,0
5079,7.38,18.302735016682863,2,Altadena,CA,M,F,1,2,20000,78,0
5085,1.3108333333333333,4.540859867176407,1,Coronado,CA,S,M,0,1,20000,86,0
5086,7.4075,14.391637170751125,3,Burbank,CA,S,F,0,3,60000,66,0
5091,1.5458333333333334,5.354923746733779,1,Imperial Beach,CA,M,M,4,1,40000,30,0
5094,1.9341666666666668,6.700149873945607,1,Santa Cruz,CA,S,M,0,1,140000,42,0
5095,13.6525,31.920178036926593,2,West Covina,CA,M,F,3,3,40000,85,0
5096,2.858333333333333,9.901557116602081,1,Torrance,CA,S,M,0,1,80000,30,0
5103,1.9733333333333334,6.835827187205169,1,Coronado,CA,S,M,0,1,40000,44,0
5104,5.631666666666667,13.62390268030509,2,Spring Valley,CA,S,M,0,2,40000,37,0
5107,2.1933333333333334,6.359916142004809,2,Glendale,CA,M,M,0,2,20000,37,0
5113,10.845,20.328881156888816,3,San Gabriel,CA,M,M,3,3,40000,67,0
5120,1.7316666666666667,5.9986692968802116,1,Bellflower,CA,M,F,0,1,120000,60,0
5126,5.351666666666667,12.500843486692723,2,Lincoln Acres,CA,S,F,0,2,60000,40,0
5128,3.3275,11.52679812437088,1,Novato,CA,S,M,0,1,80000,68,0
5132,7.820833333333333,15.650181792922252,3,Imperial Beach,CA,M,M,1,3,20000,68,0
5133,5.8341666666666665,10.77347454574794,3,Los Angeles,CA,M,F,1,3,60000,73,1
5135,11.143333333333334,21.75480023657614,3,Downey,CA,M,F,0,3,40000,18,0
5138,2.0341666666666667,7.0465600354593825,1,Lincoln Acres,CA,S,M,0,1,140000,57,0
5144,10.511666666666667,17.525853543386766,4,Burbank,CA,S,M,0,4,80000,25,0
5150,3.268333333333333,11.32183877880856,1,Coronado,CA,M,F,3,1,60000,62,0
5152,5.724166666666667,17.102539661663933,2,Lemon Grove,CA,M,F,0,3,80000,59,0
5155,16.15083333333333,24.399681241708254,4,Arcadia,CA,M,M,3,4,40000,26,0
5161,2.0591666666666666,7.133162575837827,1,Santa Monica,CA,S,M,0,1,40000,51,0
5167,14.431666666666667,22.102564982098315,4,Spring Valley,CA,S,F,0,4,20000,22,0
5168,5.248333333333333,18.180759976781314,1,San Gabriel,CA,M,F,3,1,150000,86,0
5171,9.4725,22.483536249280878,2,Pomona,CA,S,M,0,2,20000,81,0
5178,2.4533333333333336,8.498595962471292,1,Woodland Hills,CA,S,M,0,1,20000,32,0
5179,2.7316666666666665,6.388685785089611,2,National City,CA,S,F,0,2,40000,47,0
5180,7.7908333333333335,16.21265917190152,3,La Mesa,CA,M,F,5,3,40000,77,0
5183,5.445,18.862033294425075,1,Bellflower,CA,S,M,0,2,20000,77,0
5185,5.315,18.411700084457166,1,San Diego,CA,M,F,2,1,80000,33,1
5189,8.004999999999999,16.43528106350371,3,Lakewood,CA,M,M,0,3,40000,72,0
5190,4.406666666666667,15.265141117373705,1,Pomona,CA,M,M,4,1,80000,36,0
5192,3.265,11.310291773424769,1,Altadena,CA,M,M,2,1,100000,64,0
5193,2.2933333333333334,5.388766654866961,2,Fremont,CA,S,M,0,2,40000,43,0
5200,1.8883333333333334,6.54137854991846,1,Coronado,CA,M,M,3,1,20000,84,0
5203,13.44,23.31911116347588,4,Beverly Hills,CA,M,M,0,5,60000,77,1
5208,10.300833333333333,16.919459188828235,4,Pomona,CA,M,M,0,4,100000,21,0
5214,6.426666666666667,14.420870187672342,3,Newport Beach,CA,S,F,0,3,140000,40,0
5220,3.0583333333333336,10.594377439629634,1,Santa Monica,CA,M,M,1,1,40000,30,0
5222,10.724166666666667,19.410288489417777,3,Los Angeles,CA,M,M,1,3,60000,28,1
5226,11.817499999999999,22.594371030695395,3,Downey,CA,M,M,0,3,140000,63,0
5228,4.2683333333333335,10.061051665012988,2,San Diego,CA,S,F,0,2,20000,44,1
5231,9.7283333333333335,18.226907598549474,3,Arcadia,CA,M,F,2,4,60000,70,0
5232,9.578333333333333,22.37317258493197,2,Downey,CA,M,F,4,2,20000,76,0
5233,2.7158333333333338,9.407922636444953,1,Los Angeles,CA,M,F,0,1,80000,32,1
5241,4.729166666666666,10.502695288988123,3,Downey,CA,S,F,0,3,120000,33,0
5244,3.4308333333333336,8.11182913834463,2,Beverly Hills,CA,S,F,0,2,80000,80,1
5249,3.035,7.739871387233065,2,Lakewood,CA,S,F,0,2,80000,37,0
5250,17.364166666666666,26.799310526522312,4,Bellflower,CA,M,F,1,5,40000,76,0
5253,5.090833333333333,13.92177983549082,2,Woodland Hills,CA,M,M,0,2,140000,46,0
5255,2.92,10.115176716202244,1,National City,CA,S,M,0,1,20000,40,0
5259,3.7116666666666664,12.857590494852966,1,Bellflower,CA,M,M,1,1,40000,27,0
5279,9.098333333333333,15.221344363834104,4,Long Beach,CA,M,M,2,4,150000,67,0
5280,6.581666666666667,13.160661653257222,3,Lakewood,CA,S,F,0,3,20000,22,0
5285,2.4941666666666666,6.466532664184856,2,Long Beach,CA,M,F,0,2,20000,43,0
5289,11.0325,20.503222418572516,3,Bellflower,CA,M,F,5,3,80000,26,0
5292,1.7733333333333334,6.143006864177618,1,Burlingame,CA,M,F,2,1,40000,29,0
5293,4.520833333333333,13.41695159682389,2,Pomona,CA,S,F,0,2,120000,41,0
5296,7.945,18.71071812430706,2,El Cajon,CA,M,F,5,2,20000,55,0
5297,7.775833333333334,15.231174644806817,3,San Gabriel,CA,M,M,1,3,40000,24,0
5298,0.8875000000000001,3.0743901834347573,1,San Gabriel,CA,S,M,0,1,80000,37,0
5301,13.379166666666666,30.08727440398359,3,Newport Beach,CA,M,F,2,5,80000,32,0
5307,8.693333333333333,16.06417942523242,3,Arcadia,CA,M,F,1,3,20000,20,0
5308,8.4575,15.123110625793888,4,Glendale,CA,M,M,2,4,80000,62,0
5311,3.7933333333333334,13.140492126755882,1,West Covina,CA,M,M,1,1,40000,51,0
5313,5.654999999999999,13.16464445537226,3,Lemon Grove,CA,M,F,3,3,40000,19,0
5314,2.305,7.984754222892525,1,Lemon Grove,CA,S,M,0,1,40000,58,0
5320,6.9125,13.580960686999214,3,Chula Vista,CA,M,M,0,3,80000,32,0
5322,5.5808333333333335,10.608665804497527,3,Santa Monica,CA,M,F,1,3,20000,47,0
5331,0.8558333333333333,2.964693632288728,1,National City,CA,M,F,1,1,100000,53,0
5332,3.200833333333333,11.088011919786762,1,Arcadia,CA,M,F,0,1,40000,41,0
5338,3.4541666666666666,8.082475384022727,2,National City,CA,M,M,1,2,100000,74,0
5345,5.1,10.229628092413277,3,Woodland Hills,CA,M,F,0,3,20000,81,0
5347,13.754999999999999,21.86570477836343,4,Woodland Hills,CA,S,F,0,5,150000,48,0
5359,8.532499999999999,18.409813156426804,3,Torrance,CA,M,M,1,4,60000,48,0
5362,2.125,7.361215932167728,1,National City,CA,S,F,0,1,40000,81,0
5365,2.9675,10.279721542921287,1,El Cajon,CA,S,F,0,1,40000,19,0
5368,9.690833333333334,19.13483993250072,3,Lincoln Acres,CA,M,F,4,3,20000,49,0
5373,1.11,3.845152792802908,1,Imperial Beach,CA,S,M,0,1,40000,86,0
5380,2.2325,7.733606855795037,1,Long Beach,CA,S,M,0,1,100000,62,0
5383,1.8616666666666666,6.44900250684812,1,Spring Valley,CA,M,F,2,1,60000,67,0
5387,6.8308333333333335,14.58357198938919,3,Pomona,CA,S,F,0,3,40000,65,0
5389,8.836666666666666,21.05680772375413,2,Burbank,CA,S,F,0,2,40000,81,0
5393,6.053333333333333,16.95966462647255,2,Newport Beach,CA,S,F,0,3,60000,64,0
5394,1.0025,3.472761869175599,1,Newport Beach,CA,M,M,4,1,40000,71,0
5401,6.816666666666666,23.613626009855693,1,Torrance,CA,S,F,0,2,40000,55,0
5403,2.7733333333333334,9.607108479315373,1,Burlingame,CA,S,F,0,1,40000,60,0
5407,2.6125000000000003,9.049965469547384,1,Lincoln Acres,CA,M,M,4,1,60000,21,0
5408,4.476666666666667,12.07982866625436,2,Pomona,CA,S,F,0,2,20000,58,0
5412,8.3875,19.898957087792773,2,La Jolla,CA,S,M,0,2,40000,40,0
5414,8.239166666666666,15.219447761056088,3,Grossmont,CA,S,M,0,3,80000,37,0
5426,6.14,15.944850978521961,2,El Cajon,CA,S,F,0,2,40000,63,0
5431,2.765833333333333,6.975615265575742,2,Long Beach,CA,M,F,2,2,60000,59,0
5435,12.768333333333333,24.95310686917047,3,Torrance,CA,M,M,5,4,40000,58,0
5436,1.4283333333333335,4.947891806955093,1,West Covina,CA,S,M,0,1,20000,19,0
5437,15.419166666666667,27.655185099340557,4,Santa Monica,CA,M,F,1,6,40000,68,0
5438,0.9958333333333332,3.449667858408014,1,Imperial Beach,CA,M,M,0,1,40000,54,0
5441,5.9325,11.767807492554345,3,Bellflower,CA,M,F,4,3,80000,63,0
5450,2.4858333333333333,5.945373232925574,2,Chula Vista,CA,M,F,1,2,60000,83,0
5454,3.4899999999999998,8.232387260084403,2,Glendale,CA,S,F,0,2,80000,23,0
5462,4.7725,11.839885691247959,2,Imperial Beach,CA,M,M,0,2,80000,68,0
5463,1.66,4.733726189416075,2,Fremont,CA,M,M,1,2,60000,55,0
5471,8.488333333333333,13.49029471565212,4,Pomona,CA,S,M,0,4,20000,85,0
5473,12.619166666666667,33.855727716922935,2,Chula Vista,CA,S,F,0,3,20000,41,0
5474,0.24333333333333332,0.8429313930168536,1,Chula Vista,CA,S,F,0,1,120000,86,0
5484,4.883333333333334,16.916362887256035,1,Torrance,CA,M,F,2,1,60000,43,0
5486,4.4558333333333335,9.356855977724504,3,La Mesa,CA,M,F,3,3,20000,73,0
5489,5.004166666666666,17.33494183241851,1,San Gabriel,CA,S,F,0,1,80000,32,0
5490,10.040833333333333,23.534908871845257,2,San Gabriel,CA,S,F,0,2,140000,45,0
5493,8.275833333333333,18.815564861587493,3,Newport Beach,CA,M,F,2,4,80000,53,0
5498,9.075,19.30553217933328,3,Lincoln Acres,CA,S,M,0,3,120000,26,0
5502,8.5875,20.1028759249652,2,Arcadia,CA,M,M,3,3,140000,31,0
5503,7.001666666666666,16.35237032211279,2,Los Angeles,CA,M,M,1,2,60000,66,1
5508,7.378333333333333,18.12799985624114,2,Glendale,CA,M,F,0,2,100000,21,0
5510,2.1525,7.456478726584016,1,Mill Valley,CA,S,M,0,1,60000,76,0
5511,3.48,12.055073620679385,1,Downey,CA,M,M,0,1,40000,37,0
5513,9.706666666666667,14.963165886046086,4,Lincoln Acres,CA,M,M,4,4,40000,25,0
5514,3.4916666666666667,8.301966725731411,2,Altadena,CA,S,M,0,2,80000,54,0
5518,0.365,1.2643970895252805,1,Pomona,CA,M,M,2,1,20000,64,0
5519,6.218333333333334,12.398848797979252,3,Lakewood,CA,M,M,2,5,20000,67,0
5522,2.1875,7.577722283113838,1,San Diego,CA,M,F,2,1,40000,35,1
5525,4.215833333333333,12.329797947421623,2,Imperial Beach,CA,M,M,1,2,20000,67,0
5528,9.149999999999999,20.80550495334435,3,Coronado,CA,S,F,0,4,20000,34,0
5531,10.248333333333333,32.47956051911958,2,Santa Monica,CA,M,F,1,3,40000,55,0
5532,3.0058333333333334,10.412512104834901,1,Arcadia,CA,M,M,0,2,120000,21,0
5534,3.2424999999999997,11.232349487084168,1,Richmond,CA,S,F,0,1,40000,45,0
5535,8.375833333333333,16.0023375896565,3,El Cajon,CA,M,M,1,4,20000,86,0
5538,2.930833333333333,6.883452434951695,2,Beverly Hills,CA,S,F,0,2,60000,86,1
5539,10.655833333333334,31.131807020045162,2,Woodland Hills,CA,M,F,4,3,60000,79,0
5541,16.49,22.304117842391182,5,Glendale,CA,M,F,1,5,60000,46,0
5543,4.881666666666667,16.910589384564137,1,Imperial Beach,CA,S,F,0,1,80000,29,0
5547,2.8350000000000004,9.820728078915534,1,West Covina,CA,S,M,0,1,20000,28,0
5553,0.6699999999999999,2.320948082142295,1,Downey,CA,S,F,0,1,40000,21,0
5554,1.6275000000000002,5.637825378636696,1,Torrance,CA,S,F,0,1,20000,33,0
5556,2.1566666666666667,7.470912483313757,1,Arcadia,CA,S,M,0,1,60000,46,0
5561,5.3549999999999995,11.442458016289395,3,San Diego,CA,S,F,0,3,40000,82,1
5566,11.871666666666666,24.678819344580166,3,Downey,CA,S,M,0,3,60000,83,0
5567,0.385,1.3336791218280355,1,San Jose,CA,S,M,0,1,60000,48,0
5572,6.915,16.429702315678703,2,La Jolla,CA,S,F,0,2,20000,73,0
5573,4.9816666666666665,11.635236320867069,2,La Mesa,CA,M,M,0,2,80000,24,0
5580,4.461666666666667,13.89307599511572,2,Long Beach,CA,M,M,2,2,80000,46,0
5589,20.340833333333332,30.153418457895775,5,Arcadia,CA,S,M,0,7,40000,49,0
5596,4.1433333333333335,10.51526019505447,2,Newport Beach,CA,S,F,0,2,80000,73,0
5598,7.226666666666667,16.91367243242919,2,Imperial Beach,CA,M,F,1,2,40000,27,0
5601,3.141666666666667,10.883052574224447,1,Bellflower,CA,M,M,3,1,60000,74,0
5602,16.621666666666666,21.755962540430293,5,Glendale,CA,M,M,0,5,150000,49,0
5607,20.5925,28.705251697206904,5,Altadena,CA,M,M,2,6,40000,77,0
5608,5.175,9.631053468291562,3,Beverly Hills,CA,S,F,0,3,60000,23,1
5611,3.3166666666666664,11.48927035687355,1,Grossmont,CA,M,M,2,1,80000,76,0
5613,3.205833333333333,6.403133406719121,3,Coronado,CA,S,M,0,3,80000,80,0
5619,12.733333333333334,24.525560074536465,3,Spring Valley,CA,M,F,2,3,20000,30,0
5620,6.510000000000001,22.551301514546783,1,Torrance,CA,M,M,1,2,60000,24,0
5623,5.556666666666667,11.697057387016255,3,Pomona,CA,M,F,2,3,40000,66,0
5625,3.248333333333333,11.252556746505805,1,Chula Vista,CA,S,F,0,1,40000,20,0
5626,2.8375,9.829388332953378,1,San Gabriel,CA,M,F,4,1,60000,81,0
5628,0.5541666666666667,1.9196896450555057,1,San Francisco,CA,M,F,0,1,40000,67,1
5631,15.823333333333334,26.187880726964085,4,National City,CA,S,M,0,4,120000,56,0
5635,3.419166666666667,10.416248197655024,2,Bellflower,CA,M,M,0,2,20000,49,0
5638,1.4341666666666668,4.96809906637673,1,San Francisco,CA,S,M,0,1,60000,66,1
5648,0.4266666666666667,1.478016689125442,1,Lakewood,CA,M,F,1,1,80000,44,0
5655,10.226666666666667,22.799571101760716,3,Long Beach,CA,S,F,0,4,80000,58,0
5656,1.755,6.079498334566759,1,El Cajon,CA,S,F,0,1,140000,36,0
5663,5.367500000000001,14.940949905909902,2,Pomona,CA,M,F,1,2,60000,88,0
5667,10.345,21.07587181416875,3,Lemon Grove,CA,M,F,0,4,20000,23,0
5668,13.915,25.35949938565249,3,Glendale,CA,S,M,0,5,40000,37,0
5671,1.8525,6.417248242042691,1,Downey,CA,S,F,0,1,20000,47,0
5673,8.421666666666667,17.93384906884862,3,Lincoln Acres,CA,M,M,0,3,60000,47,0
5674,0.8775,3.0397491672833796,1,Altadena,CA,S,F,0,1,60000,70,0
5678,2.8841666666666668,9.991046408326474,1,Burbank,CA,S,M,0,1,80000,40,0
5680,3.7391666666666667,10.283448712578988,2,Novato,CA,S,F,0,2,80000,42,0
5683,4.814166666666667,11.458781831442908,2,San Gabriel,CA,S,M,0,2,40000,42,0
5690,3.9441666666666664,9.924952446264216,2,San Gabriel,CA,M,F,4,2,40000,63,0
5704,3.4475,11.942490318187408,1,La Mesa,CA,S,M,0,1,40000,77,0
5714,15.230833333333333,20.990201375591393,5,Altadena,CA,M,M,0,6,140000,50,0
5717,7.926666666666667,14.633801676773931,3,Torrance,CA,S,F,0,3,40000,51,0
5719,2.983333333333333,10.3345698184943,1,Los Angeles,CA,M,M,1,1,120000,40,1
5728,0.6375000000000001,2.2083647796503185,1,Oakland,CA,M,M,1,1,150000,71,0
5729,3.1158333333333332,8.009046542201606,2,Pomona,CA,S,M,0,2,20000,59,0
5731,0.5916666666666667,2.0495934556231714,1,Beverly Hills,CA,M,F,3,1,60000,38,1
5732,2.9,10.045894683899487,1,Lincoln Acres,CA,S,F,0,1,60000,53,0
5735,4.439166666666667,13.10143812948052,2,Lakewood,CA,S,M,0,2,60000,63,0
5736,3.6916666666666664,12.78830846255021,1,San Gabriel,CA,S,F,0,1,40000,78,0
5741,2.0066666666666664,6.951297241043094,1,Imperial Beach,CA,M,F,3,1,60000,78,0
5748,2.225,7.707626093681504,1,Woodland Hills,CA,M,M,3,1,60000,28,0
5749,0.43166666666666664,1.4953371972011307,1,Palo Alto,CA,M,M,4,1,140000,23,0
5754,2.7775,6.542382280873757,2,Downey,CA,S,M,0,3,40000,67,0
5756,4.3625,15.112143296038456,1,San Diego,CA,S,M,0,1,60000,41,1
5761,5.1875,13.805995486151527,2,Beverly Hills,CA,M,M,1,2,120000,63,1
5765,5.384166666666666,10.076206409460884,3,Burbank,CA,M,M,2,3,40000,72,0
5769,9.51,18.15855370692481,3,Newport Beach,CA,S,M,0,3,60000,55,0
5771,5.7716666666666665,13.031842005664666,3,Newport Beach,CA,S,M,0,3,40000,54,0
5772,1.2425,4.30414625680866,1,Pomona,CA,M,M,1,1,150000,64,0
5773,6.702500000000001,15.870045039175364,2,Arcadia,CA,S,M,0,2,40000,70,0
5774,5.244166666666667,11.15373598912721,3,El Cajon,CA,M,F,2,3,40000,23,0
5777,6.32,14.978969499692804,2,Torrance,CA,M,M,1,2,60000,46,0
5778,2.2983333333333333,7.961660212124939,1,Torrance,CA,S,F,0,1,40000,83,0
5789,5.460833333333333,12.952065794047424,2,La Mesa,CA,M,M,0,2,80000,83,0
5793,0.5933333333333334,2.0553669583150675,1,Grossmont,CA,S,M,0,1,40000,59,0
5797,2.4891666666666667,8.62272627034706,1,National City,CA,M,F,5,1,140000,80,0
5798,1.8483333333333334,6.402814485312949,1,Burlingame,CA,M,M,1,1,40000,38,0
5801,0.8650000000000001,2.996447897094158,1,Spring Valley,CA,S,M,0,1,60000,63,0
5802,4.755,13.860363697182763,2,Bellflower,CA,S,F,0,2,60000,86,0
5807,3.6108333333333333,8.471307142169366,2,La Mesa,CA,M,F,0,2,80000,22,0
5808,0.82,2.8405633244129587,1,Beverly Hills,CA,S,F,0,1,40000,86,1
5818,2.5575,8.859439880714808,1,Spring Valley,CA,M,M,0,1,150000,41,0
5828,1.3216666666666665,4.5783876346737324,1,San Francisco,CA,M,F,1,1,20000,41,1
5832,2.8383333333333334,9.832275084299328,1,San Carlos,CA,M,M,3,1,40000,66,0
5835,2.9483333333333337,10.21332626196448,1,Imperial Beach,CA,S,M,0,2,20000,44,0
5836,6.2716666666666665,17.817142834581496,2,Grossmont,CA,M,M,3,2,80000,54,0
5839,3.6075,8.436855429924975,2,Pomona,CA,S,F,0,2,120000,75,0
5841,0.8291666666666666,2.8723175892183876,1,Palo Alto,CA,S,M,0,1,150000,37,0
5845,1.945,6.737677641442932,1,La Jolla,CA,S,F,0,1,40000,63,0
5848,6.995,16.364202338697055,2,Lakewood,CA,S,F,0,2,80000,29,0
5859,2.3408333333333333,5.488388500583148,2,Glendale,CA,M,M,1,2,20000,74,0
5860,2.7733333333333334,9.607108479315373,1,Grossmont,CA,S,M,0,1,100000,31,0
5879,9.313333333333333,14.938809940026763,5,Los Angeles,CA,S,F,0,5,60000,38,1
5884,1.5808333333333333,5.4761673032636,1,Imperial Beach,CA,M,M,1,1,80000,79,0
5885,0.14083333333333334,0.48786097746523377,1,Colma,CA,S,F,0,1,40000,47,0
5887,3.87,9.245152046539655,2,Downey,CA,S,F,0,2,40000,68,0
5889,3.8516666666666666,9.29194845339803,2,Lincoln Acres,CA,S,F,0,2,20000,23,0
5890,3.82,8.97769458157271,2,Lincoln Acres,CA,S,F,0,2,40000,74,0
5896,12.649166666666666,31.665302909230686,2,Burbank,CA,S,F,0,3,100000,66,0
5908,2.9324999999999997,10.158477986391464,1,Lemon Grove,CA,S,F,0,1,20000,80,0
5913,8.95,16.786391674643642,4,Long Beach,CA,M,F,4,4,20000,24,0
5914,4.01,13.891047476702395,1,Coronado,CA,S,F,0,1,40000,21,0
5918,1.9408333333333332,6.723243884713192,1,Woodland Hills,CA,M,F,0,1,20000,30,0
5919,0.3658333333333333,1.2672838408712284,1,Burlingame,CA,M,F,5,1,40000,60,0
5920,6.12,21.200301884643057,1,Arcadia,CA,S,F,0,1,40000,27,0
5928,2.4683333333333333,8.550557486698358,1,Oakland,CA,M,F,3,1,40000,34,0
5930,4.3725,15.146784312189832,1,Pomona,CA,M,F,1,1,60000,42,0
5931,3.154166666666667,8.529843287842487,2,San Diego,CA,S,F,0,2,20000,88,1
5932,11.584166666666667,18.12840085126767,4,Lincoln Acres,CA,M,M,1,4,40000,22,0
5935,5.480833333333334,12.907216063704501,2,Glendale,CA,M,M,1,2,140000,61,0
5941,9.058333333333334,21.63761280453063,2,Glendale,CA,S,M,0,2,60000,31,0
5942,5.615,13.146718567418604,2,Newport Beach,CA,M,F,0,2,60000,27,0
5945,1.3825,4.789120482927946,1,Pomona,CA,M,F,1,1,40000,84,0
5948,6.139166666666666,14.988815501950617,3,Santa Monica,CA,M,M,1,4,40000,68,0
5953,2.6058333333333334,7.679740121471125,2,West Covina,CA,M,F,3,2,120000,24,0
5954,5.357499999999999,18.55892440310052,1,West Covina,CA,S,M,0,2,40000,63,0
5955,0.9283333333333333,3.2158409993862156,1,Concord,CA,S,M,0,1,20000,61,0
5960,1.9775,6.85026094393491,1,Pomona,CA,S,M,0,1,60000,37,0
5964,3.328333333333333,11.529684875716827,1,La Jolla,CA,S,F,0,1,20000,25,0
5966,4.240833333333334,9.936668966586094,2,Downey,CA,S,F,0,2,20000,38,0
5967,11.905,19.879452845954926,4,La Mesa,CA,S,M,0,5,60000,41,0
5968,13.125833333333333,20.723253280195934,4,Beverly Hills,CA,M,F,0,4,20000,41,1
5974,8.989166666666666,21.806104840923176,2,Los Angeles,CA,S,F,0,3,40000,84,1
5978,9.6225,23.25650021548228,2,Torrance,CA,M,M,2,2,80000,62,0
5988,7.095833333333333,12.9578235113585,3,Newport Beach,CA,S,M,0,3,20000,49,0
5989,11.075,21.017665080939544,3,Arcadia,CA,M,M,1,3,120000,77,0
5990,5.863333333333333,15.46224688678456,2,Lakewood,CA,M,F,3,2,40000,47,0
5993,2.2483333333333335,7.7884551313680515,1,Torrance,CA,S,F,0,1,60000,60,0
6007,1.6858333333333333,5.8398979728530644,1,Coronado,CA,S,F,0,1,20000,79,0
6011,6.836666666666667,14.960974891261923,3,Glendale,CA,S,M,0,3,40000,78,0
6014,13.543333333333333,24.283452777310703,4,Burbank,CA,M,F,0,5,60000,57,0
6019,7.505833333333333,19.09819908612677,2,San Gabriel,CA,S,F,0,3,150000,27,0
6020,7.296666666666667,17.958864275354554,2,Spring Valley,CA,S,F,0,2,140000,47,0
6024,2.970833333333333,10.291268548305078,1,Downey,CA,M,F,2,1,20000,73,0
6025,1.83,6.339305955702091,1,Novato,CA,S,F,0,1,40000,52,0
6035,5.351666666666667,13.410783200865119,2,Lemon Grove,CA,S,F,0,2,40000,86,0
6043,1.2991666666666666,4.500445348333133,1,Lincoln Acres,CA,M,F,4,1,40000,52,0
6044,19.5875,25.930157986055892,5,Lemon Grove,CA,S,M,0,6,80000,88,0
6053,3.345,7.471278946131585,3,Downey,CA,S,F,0,3,20000,85,0
6063,3.3474999999999997,7.8769827229835805,2,Los Angeles,CA,S,F,0,2,40000,28,1
6066,4.695833333333334,16.266843834417706,1,Woodland Hills,CA,M,M,0,2,60000,56,0
6067,3.0508333333333333,5.655426128681171,3,Santa Monica,CA,S,M,0,3,80000,74,0
6068,4.8308333333333335,13.194699664729935,2,La Mesa,CA,M,M,0,2,40000,69,0
6072,3.7133333333333334,12.863363997544862,1,Lakewood,CA,M,M,1,1,40000,24,0
6077,3.5858333333333334,12.421691041614798,1,Grossmont,CA,M,F,4,2,40000,50,0
6083,7.989166666666667,16.42133504612124,3,Lincoln Acres,CA,M,M,3,3,150000,35,0
6086,9.475833333333332,25.189567630752265,2,Santa Monica,CA,M,M,0,3,40000,41,0
6090,1.5158333333333334,5.251000698279647,1,Pomona,CA,M,M,2,1,40000,19,0
6091,5.329166666666667,9.083762194490816,4,Coronado,CA,M,F,4,4,40000,59,0
6092,7.390833333333333,15.551503556852241,3,Lincoln Acres,CA,M,F,1,3,40000,69,0
6095,9.731666666666667,15.343023782419122,4,Glendale,CA,M,M,2,4,80000,20,0
6096,5.689166666666666,12.974406595877575,3,Burbank,CA,M,M,0,3,40000,19,0
6119,10.1775,23.795658169659287,2,Lemon Grove,CA,S,F,0,2,40000,68,0
6120,12.645833333333334,27.23261829575747,3,Coronado,CA,M,M,0,4,60000,83,0
6123,7.881666666666667,16.614277448974878,3,Altadena,CA,M,F,1,3,40000,67,0
6124,10.599166666666667,18.430684621197894,4,San Gabriel,CA,M,M,1,5,150000,71,0
6125,1.1258333333333332,3.900001068375922,1,Palo Alto,CA,M,M,0,1,60000,71,0
6126,6.5725,18.15495380680636,2,San Diego,CA,S,M,0,2,60000,18,1
6129,7.315,17.145562638240197,2,Long Beach,CA,M,F,0,2,60000,59,0
6130,6.035833333333334,11.54406849530279,3,Beverly Hills,CA,M,M,1,3,20000,60,1
6141,10.821666666666667,15.15322877885246,5,San Gabriel,CA,S,M,0,5,40000,62,0
6142,3.5941666666666667,12.45055855507428,1,Grossmont,CA,M,M,3,1,80000,47,0
6147,3.4908333333333332,7.856079820846727,3,West Covina,CA,S,F,0,3,40000,75,0
6160,1.9441666666666666,4.76837585906704,2,Pomona,CA,S,F,0,2,20000,71,0
6167,4.8341666666666665,11.300732444752365,2,National City,CA,S,M,0,2,100000,31,0
6173,1.415,4.901703785419923,1,Mill Valley,CA,S,M,0,1,40000,61,0
6174,8.272499999999999,20.08174979925803,2,Los Angeles,CA,S,F,0,2,20000,53,1
6178,0.465,1.6108072510390559,1,Spring Valley,CA,S,M,0,1,60000,25,0
6184,0.64,2.217025033688163,1,Downey,CA,S,M,0,1,120000,57,0
6185,0.6908333333333333,2.3931168657909985,1,Novato,CA,M,M,2,1,20000,41,0
6189,3.651666666666667,12.6497443979447,1,Long Beach,CA,M,M,1,1,20000,56,0
6192,5.105,15.451585679146332,2,Los Angeles,CA,S,M,0,2,60000,76,1
6196,4.145833333333333,14.361587946091941,1,Grossmont,CA,S,F,0,1,80000,58,0
6202,4.613333333333333,11.145659027240836,2,Lemon Grove,CA,M,M,0,2,120000,23,0
6207,13.2425,21.193811328696015,5,Long Beach,CA,M,M,0,6,40000,68,0
6219,10.356666666666667,20.516370551490354,3,Lemon Grove,CA,S,F,0,4,40000,44,0
6220,7.365,17.528495501481427,2,Spring Valley,CA,S,F,0,3,80000,43,0
6221,7.15,18.59960459012747,2,La Jolla,CA,S,M,0,2,150000,48,0
6223,3.6366666666666667,11.539518922801633,2,Downey,CA,M,M,1,2,60000,75,0
6225,2.2158333333333333,4.873075299930002,3,San Jose,CA,S,F,0,3,140000,37,0
6226,4.035,9.432069569486664,2,Lincoln Acres,CA,S,F,0,2,150000,44,0
6229,2.7824999999999998,7.417147362699489,2,Grossmont,CA,S,M,0,2,120000,46,0
6235,3.0508333333333333,10.5683966775161,1,San Gabriel,CA,S,M,0,1,80000,33,0
6236,6.55,16.2448727575531,2,Glendale,CA,M,F,1,2,80000,70,0
6238,4.954166666666667,17.161736751661625,1,National City,CA,M,M,0,2,40000,23,0
6241,4.3725,15.146784312189832,1,Altadena,CA,M,F,0,1,40000,20,0
6244,2.3783333333333334,8.23878834133596,1,Palo Alto,CA,S,M,0,1,60000,83,0
6247,2.0966666666666667,6.258375236917375,2,Grossmont,CA,S,M,0,2,80000,24,0
6254,9.8425,15.438631077445129,4,Long Beach,CA,S,F,0,4,80000,64,0
6255,0.20083333333333334,0.6957070743734991,1,Redwood City,CA,S,M,0,1,60000,61,0
6256,3.4591666666666665,11.982904837030683,1,San Gabriel,CA,M,M,1,1,40000,66,0
6261,6.715,17.54929498713423,2,Los Angeles,CA,M,M,5,2,60000,44,1
6262,4.351666666666667,11.043113718786953,2,Coronado,CA,M,F,4,2,120000,39,0
6268,4.939166666666667,17.10977522743456,1,Lemon Grove,CA,S,M,0,1,40000,62,0
6271,7.1625000000000005,16.767420859295186,2,Bellflower,CA,S,M,0,2,140000,52,0
6273,2.97,10.288381796959131,1,San Diego,CA,S,M,0,1,60000,20,1
6274,2.080833333333333,7.208218110832478,1,San Diego,CA,S,M,0,1,40000,59,1
6279,7.2775,13.982806406440732,3,Los Angeles,CA,M,M,1,4,80000,24,1
6283,5.389166666666667,8.788211585913706,4,Santa Monica,CA,S,F,0,4,20000,81,0
6284,8.408333333333333,18.501389546504747,3,Arcadia,CA,M,F,4,3,20000,21,0
6289,14.768333333333333,26.75821261639578,4,Beverly Hills,CA,S,M,0,6,60000,81,1
6299,8.091666666666667,15.230769593958225,3,West Covina,CA,M,F,2,3,60000,20,0
6302,5.034166666666667,10.007566644870028,3,Concord,CA,S,F,0,3,40000,85,0
6304,6.8125,16.27417649082575,3,Long Beach,CA,M,F,1,4,150000,82,0
6315,2.6041666666666665,9.021097956087901,1,Fremont,CA,S,F,0,1,40000,84,0
6317,4.450833333333334,9.639394038228877,3,Glendale,CA,M,F,1,3,80000,30,0
6325,0.21583333333333332,0.7476685986005653,1,Mill Valley,CA,S,M,0,1,150000,24,0
6329,4.001666666666666,13.082681010566695,2,Downey,CA,S,M,0,2,40000,77,0
6331,1.5199999999999998,5.265434455009387,1,Redwood City,CA,M,M,1,1,40000,81,0
6341,3.891666666666667,9.609980449637984,2,Lemon Grove,CA,S,F,0,2,100000,25,0
6342,1.8083333333333333,4.754260927809597,2,Grossmont,CA,M,F,2,2,140000,59,0
6353,14.999166666666667,32.030896010608636,3,Grossmont,CA,M,M,2,3,40000,69,0
6355,3.8675,9.203012476160382,2,Los Angeles,CA,M,M,3,2,60000,42,1
6359,5.5841666666666665,17.616821227211087,2,Santa Monica,CA,S,F,0,3,80000,79,0
6362,0.9566666666666667,2.277048860949522,2,Santa Cruz,CA,S,F,0,2,60000,54,0
6364,0.9500000000000001,3.2908965343808667,1,La Jolla,CA,M,M,4,1,40000,41,0
6365,11.471666666666668,20.376382421962457,4,Arcadia,CA,S,M,0,5,20000,84,0
6375,4.3325,13.342159512408232,2,Pomona,CA,S,M,0,2,40000,65,0
6376,9.995833333333334,19.0722842500617,3,Downey,CA,S,M,0,3,20000,80,0
6377,5,11.720397914436493,2,Bellflower,CA,S,M,0,3,80000,52,0
6379,1.0141666666666667,3.5131763880188727,1,Novato,CA,M,F,1,1,40000,63,0
6386,1.6566666666666665,5.73886167574488,1,San Jose,CA,S,F,0,1,40000,57,0
6389,3.6466666666666665,8.7795768518175,2,National City,CA,S,M,0,2,20000,71,0
6390,3.8350000000000004,13.28482969405329,1,Imperial Beach,CA,S,M,0,1,20000,78,0
6392,5.1375,12.042722528942154,2,Los Angeles,CA,M,M,1,2,20000,31,1
6404,2.6425,7.17554448361681,2,Palo Alto,CA,S,F,0,2,80000,80,0
6408,6.3741666666666665,17.364704252819244,2,Chula Vista,CA,S,F,0,2,60000,24,0
6414,2.111666666666667,7.315027910632558,1,La Mesa,CA,M,M,1,1,40000,71,0
6417,14.793333333333333,22.55289230930595,4,San Gabriel,CA,S,M,0,4,20000,36,0
6418,10.163333333333334,17.396846283337123,4,San Gabriel,CA,M,F,2,4,40000,43,0
6421,8.4158333333333335,17.870659782464834,3,Newport Beach,CA,M,F,2,3,40000,57,0
6424,13.9675,27.807390490822595,4,Burbank,CA,S,F,0,5,80000,81,0
6426,6.989999999999999,16.351565952253903,2,Lincoln Acres,CA,S,M,0,2,60000,24,0
6427,2.078333333333333,5.857709501679015,2,Berkeley,CA,M,F,5,2,80000,32,0
6428,2.87,6.718676817783259,2,San Jose,CA,S,M,0,2,60000,69,0
6429,6.5008333333333335,15.407843609570083,2,Torrance,CA,S,M,0,2,40000,42,0
6431,4.509166666666666,15.620211532925325,1,Los Angeles,CA,M,M,3,1,40000,63,1
6432,6.008333333333333,11.063799966420655,3,La Mesa,CA,S,F,0,3,60000,30,0
6434,1.8425,6.382607225891313,1,Fremont,CA,M,F,5,1,60000,60,0
6435,2.1774999999999998,7.543081266962461,1,Santa Monica,CA,M,F,1,1,40000,52,0
6439,9.371666666666666,18.06746288640204,3,Downey,CA,S,F,0,3,40000,77,0
6441,1.9216666666666666,6.6568486037563845,1,Lincoln Acres,CA,M,F,0,1,40000,76,0
6442,8.800833333333333,16.39700774162127,3,Santa Monica,CA,M,F,1,3,60000,29,0
6445,4.8475,12.487038461759239,2,Grossmont,CA,M,F,0,2,40000,21,0
6455,0.785,2.7193197678831376,1,Palo Alto,CA,S,F,0,1,40000,78,0
6459,8.2125,13.465012659076518,4,San Diego,CA,M,M,4,4,20000,76,1
6460,6.54,22.655224563000917,1,Lincoln Acres,CA,M,M,1,2,20000,37,0
6465,7.263333333333334,13.209363988084247,4,Santa Monica,CA,S,F,0,4,20000,23,0
6466,2.5675,6.363414070792787,2,Santa Monica,CA,M,F,3,2,20000,62,0
6469,3.7225,12.895118262350291,1,Lakewood,CA,S,M,0,1,60000,44,0
6470,8.526666666666667,18.601371080127564,3,Pomona,CA,S,M,0,3,20000,78,0
6472,3.216666666666667,11.142860195359777,1,Altadena,CA,S,F,0,1,40000,36,0
6475,1.79,6.200741891096581,1,La Jolla,CA,M,F,1,1,40000,25,0
6477,7.566666666666666,19.60770735906643,3,Glendale,CA,M,F,0,4,40000,87,0
6480,12.3925,18.92156880147867,4,Coronado,CA,M,F,0,4,140000,43,0
6481,2.36,8.175279811725101,1,West Covina,CA,M,F,0,1,40000,76,0
6485,1.7175,5.949594523999093,1,Mill Valley,CA,M,M,1,1,80000,84,0
6490,10.701666666666666,15.775021010407178,5,Beverly Hills,CA,S,M,0,5,60000,64,1
6493,4.6775,10.990966642078062,2,Imperial Beach,CA,M,M,4,2,40000,42,0
6494,2.8666666666666667,9.153865883115209,2,Downey,CA,S,M,0,2,40000,22,0
6495,0.9016666666666667,3.1234649563158756,1,Santa Cruz,CA,S,F,0,1,120000,63,0
6500,4.973333333333334,11.737912415706122,2,Woodland Hills,CA,S,F,0,2,150000,82,0
6501,10.885833333333332,29.548697081976798,2,Lemon Grove,CA,S,F,0,3,40000,39,0
6504,1.1483333333333332,3.9779433547165213,1,Fremont,CA,S,M,0,1,20000,21,0
6506,5.7225,13.477910631844981,2,Torrance,CA,M,F,4,2,40000,29,0
6511,10.5875,20.906104860890405,3,Altadena,CA,M,M,2,3,40000,36,0
6513,0.4075,1.411621408168635,1,Redwood City,CA,M,F,0,1,40000,68,0
6517,9.405,18.438075969431992,3,San Gabriel,CA,M,F,3,3,20000,18,0
6518,7.476666666666667,19.65632090486802,3,Torrance,CA,M,M,3,4,40000,44,0
6520,1.28,4.434050067376326,1,Concord,CA,M,F,0,1,120000,78,0
6523,3.9391666666666665,10.652742249028764,2,El Cajon,CA,S,M,0,2,60000,24,0
6528,2.9616666666666664,10.25951428349965,1,Pomona,CA,M,F,1,1,20000,86,0
6534,3.0625,10.608811196359374,1,Grossmont,CA,M,F,2,1,40000,65,0
6537,7.530833333333334,17.914766615247544,2,Los Angeles,CA,S,F,0,2,20000,84,1
6542,11.5875,21.606705661563833,3,Glendale,CA,M,M,2,3,60000,53,0
6566,6.9174999999999995,23.962922922715414,1,Glendale,CA,M,M,1,2,20000,59,0
6568,2.341666666666667,8.111771282114242,1,Burlingame,CA,S,M,0,1,60000,30,0
6571,6.820833333333334,13.881661191091016,3,Chula Vista,CA,S,F,0,3,40000,83,0
6572,5.2491666666666665,11.51811494862319,3,Spring Valley,CA,S,M,0,3,60000,87,0
6573,7.050833333333333,16.62300238625181,2,La Jolla,CA,M,F,5,2,40000,29,0
6576,4.9991666666666665,11.696080507692493,2,Downey,CA,M,F,3,2,80000,37,0
6580,0.8391666666666667,2.906958605369766,1,Daly City,CA,S,M,0,1,100000,31,0
6584,18.135,32.58036706640701,4,Los Angeles,CA,M,F,1,5,40000,57,1
6590,9.574166666666667,17.514693290509143,3,Arcadia,CA,M,F,1,3,80000,86,0
6591,2.6366666666666667,6.177759719470736,2,La Jolla,CA,M,F,4,2,40000,51,0
6596,3.5883333333333334,12.430351295652644,1,Chula Vista,CA,S,M,0,1,40000,76,0
6600,4.445833333333333,12.572362516346091,2,Lakewood,CA,M,F,1,2,80000,32,0
6606,2.0866666666666664,7.228425370254114,1,Lemon Grove,CA,S,M,0,1,40000,33,0
6609,10.425,19.506281272731332,3,Burbank,CA,S,M,0,4,150000,68,0
6611,6.140000000000001,13.90519850467966,3,San Gabriel,CA,S,M,0,3,60000,41,0
6617,4.600833333333333,12.42373568349445,2,Altadena,CA,M,F,2,2,20000,71,0
6621,4.708333333333333,11.828321046872155,2,Torrance,CA,M,M,5,2,40000,34,0
6628,1.1275,3.905774571067818,1,Glendale,CA,S,F,0,1,40000,74,0
6633,2.3675,8.201260573838635,1,Lincoln Acres,CA,S,M,0,1,20000,72,0
6635,7.370833333333334,17.6563537151687,2,Lincoln Acres,CA,M,F,1,2,40000,80,0
6636,3.2624999999999997,11.301631519386923,1,Lemon Grove,CA,S,M,0,2,100000,84,0
6639,1.26,4.3647680350735705,1,Lakewood,CA,S,M,0,1,20000,41,0
6642,2.1366666666666667,5.293219218676826,2,San Diego,CA,M,M,1,2,120000,73,1
6644,1.6441666666666668,5.695560405555658,1,Berkeley,CA,S,M,0,1,40000,28,0
6645,5.095833333333333,17.652484480472808,1,Imperial Beach,CA,S,F,0,1,20000,81,0
6648,7.198333333333333,10.912665563324557,4,San Gabriel,CA,M,F,2,4,80000,41,0
6654,1.205,4.174242446240995,1,Coronado,CA,S,F,0,1,40000,65,0
6665,11.353333333333333,22.60115215620387,3,Beverly Hills,CA,M,M,3,4,80000,65,1
6667,1.8275,6.330645701664246,1,La Jolla,CA,S,M,0,1,20000,64,0
6670,9.1658333333333335,21.41955455709204,2,Pomona,CA,S,M,0,2,80000,22,0
6682,0.9700000000000001,3.360178566683622,1,West Covina,CA,S,M,0,1,60000,53,0
6687,5.900833333333333,14.167581726240261,2,Burbank,CA,S,M,0,3,20000,22,0
6688,1.7791666666666668,4.912397041869651,2,Pomona,CA,M,M,1,2,140000,59,0
6692,4.033333333333333,13.971876514388942,1,La Jolla,CA,S,M,0,1,40000,41,0
6694,4.373333333333333,15.149671063535779,1,Newport Beach,CA,M,F,4,1,150000,38,0
6696,3.7233333333333336,7.408862424437535,4,Long Beach,CA,M,F,1,4,20000,66,0
6702,2.0925,4.942706518424164,2,Los Angeles,CA,M,F,0,2,80000,84,1
6706,2.435,8.435087432860433,1,Torrance,CA,M,M,4,1,40000,55,0
6708,2.966666666666667,8.741576031537535,2,San Diego,CA,M,F,4,2,80000,68,1
6715,7.964166666666667,23.232166360197212,2,Torrance,CA,S,M,0,3,60000,57,0
6716,6.0825,16.258263423424243,2,Newport Beach,CA,M,M,2,2,40000,87,0
6717,6.420000000000001,15.831949285600249,2,Santa Monica,CA,S,F,0,3,20000,67,0
6718,1.7058333333333333,5.90918000515582,1,Lakewood,CA,S,M,0,1,80000,53,0
6730,9.624166666666667,11.355943944859357,6,Lakewood,CA,M,M,2,6,40000,72,0
6731,2.4658333333333333,8.541897232660514,1,Los Angeles,CA,M,F,3,1,80000,54,1
6735,3.4208333333333334,8.321058125823502,2,Santa Monica,CA,S,M,0,2,40000,85,0
6739,3.4891666666666663,12.086827885484814,1,El Cajon,CA,S,F,0,1,140000,77,0
6740,1.3949999999999998,4.832421753117167,1,Downey,CA,S,F,0,1,140000,66,0
6745,5.136666666666667,11.996817254689855,2,Lakewood,CA,M,M,1,2,60000,38,0
6749,4.718333333333334,12.301016095010077,2,Woodland Hills,CA,S,M,0,3,100000,55,0
6752,9.854166666666666,21.23419217734083,3,Grossmont,CA,M,M,4,3,100000,43,0
6754,1.6783333333333332,4.06661984573146,2,Bellflower,CA,M,M,0,2,100000,76,0
6757,8.358333333333334,18.253638657605343,3,Woodland Hills,CA,M,M,1,3,20000,52,0
6763,3.475833333333333,9.938086022362594,2,Bellflower,CA,S,M,0,2,40000,34,0
6766,1.1199999999999999,3.879793808954285,1,Lemon Grove,CA,S,M,0,1,120000,68,0
6772,8.515,17.415544519454194,3,Spring Valley,CA,S,M,0,3,40000,60,0
6778,3.3791666666666664,11.705776707819663,1,Lincoln Acres,CA,M,M,1,1,20000,29,0
6783,0.30833333333333335,1.0680979980008076,1,Concord,CA,S,F,0,1,40000,62,0
6788,6.95,13.29038066354076,3,Glendale,CA,M,F,0,3,40000,23,0
6793,12.7275,19.351853622750554,4,Burbank,CA,M,F,3,4,80000,27,0
6795,0.6375000000000001,2.2083647796503185,1,San Jose,CA,S,F,0,1,40000,26,0
6796,1.7233333333333334,5.96980178342073,1,Palo Alto,CA,S,F,0,1,60000,36,0
6800,9.465833333333334,22.26468073728733,2,Imperial Beach,CA,M,F,1,2,40000,64,0
6802,3.0908333333333338,10.70696074212161,1,Altadena,CA,M,F,4,1,100000,45,0
6805,7.9383333333333335,22.784515010033115,2,Torrance,CA,M,M,1,3,150000,47,0
6806,2.8783333333333334,6.810388900033313,2,Woodland Hills,CA,S,M,0,2,40000,49,0
6808,10.294166666666667,18.934519922537504,3,Arcadia,CA,M,F,2,3,40000,84,0
6815,2.0408333333333335,4.971541663825369,2,Newport Beach,CA,M,F,1,2,20000,66,0
6817,2.950833333333333,10.221986516002323,1,La Mesa,CA,M,M,0,1,120000,43,0
6823,1.9625000000000001,6.798299419707844,1,Burlingame,CA,M,M,2,1,40000,47,0
6824,3.4233333333333333,8.027593699612643,2,La Mesa,CA,M,M,4,3,60000,62,0
6826,2.6975,9.344414106834092,1,Long Beach,CA,S,F,0,1,80000,70,0
6829,15.435833333333335,24.49943652722477,4,Spring Valley,CA,S,M,0,5,40000,61,0
6831,3.2583333333333333,7.657463184648192,2,Palo Alto,CA,M,F,1,2,40000,76,0
6842,6.350833333333334,15.522609585161039,2,Coronado,CA,M,F,4,2,100000,21,0
6845,7.630833333333333,14.624834083492948,3,Glendale,CA,M,F,0,3,100000,44,0
6848,1.7616666666666667,6.102592345334345,1,Oakland,CA,S,M,0,1,40000,23,0
6849,11.175833333333333,17.61268213446484,4,Pomona,CA,S,F,0,4,150000,29,0
6851,7.5725,24.38287742174078,2,West Covina,CA,S,M,0,3,20000,66,0
6865,4.7625,10.04880103657781,3,San Diego,CA,S,M,0,3,60000,30,1
6872,1.5166666666666666,5.253887449625594,1,Coronado,CA,M,F,2,1,40000,87,0
6877,7.415,17.051996150810986,3,Lemon Grove,CA,M,M,0,3,40000,48,0
6878,10.477500000000001,19.116524087339158,3,Lakewood,CA,S,M,0,4,40000,28,0
6891,10.315,19.591511844766764,3,Newport Beach,CA,M,F,5,3,40000,58,0
6892,4.398333333333333,15.236273603914224,1,Woodland Hills,CA,S,F,0,1,20000,62,0
6893,2.4441666666666664,8.466841697665862,1,Arcadia,CA,M,F,0,1,40000,61,0
6894,4.945833333333334,17.132869238202144,1,El Cajon,CA,M,M,1,2,60000,79,0
6897,12.352500000000001,31.762713739397476,2,Torrance,CA,M,F,2,3,150000,34,0
6898,1.2783333333333333,4.428276564684429,1,Torrance,CA,S,F,0,1,60000,35,0
6899,3.0925,7.901460308069642,2,Torrance,CA,S,M,0,2,20000,65,0
6905,5.135,8.606965994841831,4,Bellflower,CA,M,M,1,4,40000,26,0
6909,2.81,7.440080644724222,2,Woodland Hills,CA,S,M,0,2,40000,40,0
6911,11.508333333333333,23.665813407580654,3,Arcadia,CA,S,M,0,3,40000,61,0
6913,1.0458333333333334,3.622872939164902,1,Los Angeles,CA,M,M,1,1,20000,87,1
6916,7.806666666666667,19.18883308467493,2,Newport Beach,CA,S,M,0,2,120000,86,0
6920,1.0333333333333334,3.57957166897568,1,Colma,CA,M,M,1,1,20000,56,0
6921,7.173333333333333,15.22944178128985,3,El Cajon,CA,M,M,1,3,40000,47,0
6922,5.9025,16.409259096342804,2,Bellflower,CA,S,F,0,2,150000,64,0
6924,6.921666666666666,16.230791070920688,2,Grossmont,CA,S,F,0,2,60000,56,0
6925,6.068333333333333,12.626341032887868,3,San Diego,CA,S,M,0,3,20000,62,1
6927,1.3616666666666666,4.716951699279242,1,Pomona,CA,S,M,0,1,40000,77,0
6929,0.8616666666666667,2.984900891710365,1,Chula Vista,CA,S,M,0,1,150000,38,0
6930,1.8691666666666666,4.482323785175667,2,Chula Vista,CA,M,M,1,2,140000,45,0
6939,6.870833333333334,14.28686902421771,3,Bellflower,CA,M,F,4,3,80000,35,0
6940,10.506666666666666,22.551739031243983,4,Torrance,CA,M,M,1,4,40000,71,0
6946,2.09,7.239972375637906,1,San Gabriel,CA,S,M,0,1,120000,78,0
6948,14.282499999999999,22.909247090917834,4,El Cajon,CA,S,M,0,4,20000,85,0
6954,4.0200000000000005,13.925688492853773,1,La Mesa,CA,M,M,0,1,40000,32,0
6958,10.7925,17.102174835116998,4,San Gabriel,CA,S,M,0,4,40000,41,0
6964,6.664166666666667,23.085350513547187,1,Torrance,CA,S,M,0,2,80000,26,0
6965,4.968333333333333,11.773151144820483,2,San Diego,CA,M,F,2,2,60000,21,1
6966,3.361666666666667,11.645154929554753,1,Lemon Grove,CA,M,M,3,1,20000,87,0
6967,10.842500000000001,18.980321927052383,4,La Jolla,CA,M,F,1,4,60000,40,0
6969,2.6225,9.084606485698762,1,Chula Vista,CA,M,F,2,1,60000,34,0
6970,13.371666666666668,26.57335809802857,3,San Gabriel,CA,M,M,2,4,40000,25,0
6972,4.0616666666666665,14.07002606015118,1,Spring Valley,CA,M,M,2,1,20000,69,0
6975,10.924166666666666,22.804152515927818,3,Newport Beach,CA,S,M,0,4,80000,69,0
6977,3.6816666666666666,8.847723727124121,2,La Mesa,CA,M,M,1,2,20000,25,0
6981,2.983333333333333,10.3345698184943,1,Grossmont,CA,M,M,0,1,20000,46,0
6987,9.831666666666667,15.672225480612239,4,San Gabriel,CA,M,M,0,4,40000,82,0
6988,13.940000000000001,25.538374334251657,3,Bellflower,CA,M,F,0,4,60000,80,0
6999,10.244166666666667,17.295188746812762,4,Grossmont,CA,S,M,0,4,20000,72,0
7002,3.833333333333333,10.421424028791783,2,Coronado,CA,M,M,0,2,60000,63,0
7012,3.4575,11.977131334338788,1,San Gabriel,CA,M,M,3,1,20000,47,0
7014,10.39,16.577795116030686,4,San Diego,CA,M,M,0,4,40000,45,1
7017,4.7875,11.958606733227747,3,National City,CA,M,M,3,3,120000,58,0
7018,5.9125000000000005,20.481500799501976,1,Long Beach,CA,S,M,0,1,60000,81,0
7019,0.7358333333333333,2.5490014384721977,1,Oakland,CA,M,M,2,1,40000,57,0
7033,5.7825,12.434807543197588,3,Pomona,CA,M,F,0,3,60000,25,0
7035,8.0725,19.812846670325246,2,Long Beach,CA,M,F,3,3,60000,60,0
7036,2.751666666666667,7.663303148872238,2,Altadena,CA,S,F,0,2,40000,32,0
7038,2.0633333333333335,7.147596332567567,1,La Jolla,CA,S,M,0,1,20000,55,0
7048,2.290833333333333,7.935679450011405,1,National City,CA,M,F,0,1,40000,19,0
7060,5.905,14.201621226273621,2,Santa Monica,CA,M,M,2,2,60000,20,0
7068,7.805833333333333,14.190645099266394,3,San Diego,CA,S,F,0,3,60000,30,1
7076,6.536666666666667,15.718713417934419,2,Newport Beach,CA,S,F,0,2,20000,58,0
7077,1.3541666666666667,4.69097093716571,1,National City,CA,M,F,0,1,40000,85,0
7081,6.178333333333334,14.435404603287228,2,Downey,CA,M,M,1,3,60000,68,0
7095,4.1275,14.298079416481082,1,National City,CA,M,M,3,1,60000,57,0
7104,7.2683333333333335,17.11335567398289,2,Downey,CA,M,F,4,2,40000,44,0
7105,6.4075,17.38791070359989,2,El Cajon,CA,M,M,0,3,40000,50,0
7106,7.0874999999999995,13.182930509495293,3,Spring Valley,CA,M,F,0,3,40000,19,0
7111,2.7383333333333333,9.485864922785552,1,Long Beach,CA,S,F,0,1,40000,60,0
7112,9.281666666666666,17.63222763904639,3,El Cajon,CA,S,M,0,3,20000,81,0
7124,5.2683333333333335,12.831719811986751,2,Bellflower,CA,S,F,0,2,150000,21,0
7127,15.775,23.58521551542599,4,Newport Beach,CA,S,M,0,5,80000,69,0
7139,19.454166666666666,30.865622965697714,5,San Gabriel,CA,M,M,4,6,100000,21,0
7140,6.246666666666666,14.806572455460037,2,Spring Valley,CA,S,M,0,2,60000,48,0
7151,6.748333333333333,16.770285861570393,2,Grossmont,CA,S,M,0,2,80000,87,0
7154,4.8533333333333335,11.553062823600527,2,Lemon Grove,CA,M,F,1,2,60000,60,0
7159,0.6216666666666667,2.153516504077304,1,Redwood City,CA,M,F,0,1,60000,57,0
7160,0.7166666666666667,2.4826061575153906,1,Chula Vista,CA,M,M,1,1,60000,28,0
7165,3.6158333333333337,10.594831894786623,2,Los Angeles,CA,S,F,0,2,20000,65,1
7172,9.125833333333333,17.03627491204541,4,San Gabriel,CA,S,F,0,5,40000,49,0
7173,0.7458333333333332,2.583642454623575,1,San Francisco,CA,S,M,0,1,60000,71,1
7175,2.0616666666666665,7.141822829875671,1,Lakewood,CA,S,M,0,1,150000,54,0
7177,3.7391666666666663,12.952853289269253,1,Coronado,CA,S,F,0,1,40000,53,0
7181,7.881666666666667,18.815659258536048,2,Torrance,CA,M,F,0,2,60000,68,0
7188,1.9591666666666667,6.786752414324051,1,Chula Vista,CA,S,M,0,1,100000,76,0
7193,7.736666666666667,19.11134995152611,2,Pomona,CA,S,M,0,3,140000,36,0
7195,9.165,17.392460487756807,3,Long Beach,CA,S,F,0,3,140000,41,0
7196,5.241666666666666,13.374120078673881,2,Altadena,CA,S,M,0,2,20000,78,0
7198,3.525,9.373355370895254,2,La Jolla,CA,M,F,1,2,80000,43,0
7199,4.791666666666667,9.059968726951178,3,Imperial Beach,CA,S,M,0,3,60000,72,0
7206,12.693333333333333,21.723570497308106,4,Santa Monica,CA,S,F,0,4,140000,48,0
7210,8.195833333333333,17.75672444114589,3,Pomona,CA,M,F,0,3,40000,84,0
7212,7.4783333333333335,13.960871184937718,3,Lincoln Acres,CA,M,M,5,3,20000,65,0
7223,10.454166666666666,21.549835881397136,3,San Gabriel,CA,S,F,0,4,40000,47,0
7224,12.906666666666666,20.25114018488536,5,Long Beach,CA,M,M,1,5,60000,88,0
7230,5.698333333333333,13.308937416319726,2,Beverly Hills,CA,S,M,0,2,40000,41,1
7242,11.414166666666667,18.47253167584648,4,Grossmont,CA,M,M,3,4,40000,82,0
7246,5.3325,12.06355376932745,3,Torrance,CA,M,M,1,3,40000,22,0
7247,3.5375,12.254259463549808,1,Lincoln Acres,CA,S,M,0,1,40000,25,0
7252,3.6133333333333333,12.516953836031085,1,Woodland Hills,CA,M,F,0,1,40000,76,0
7253,2.2425,7.768247871946414,1,Lemon Grove,CA,M,F,3,1,120000,66,0
7258,1.9791666666666667,4.857946551473132,2,Downey,CA,S,M,0,2,20000,45,0
7260,2.1083333333333334,7.303480905248766,1,San Diego,CA,S,M,0,1,40000,20,1
7265,7.155833333333334,17.159381986292956,2,El Cajon,CA,S,M,0,2,20000,40,0
7266,1.045,3.619986187818953,1,El Cajon,CA,M,F,0,1,40000,65,0
7271,2.714166666666667,6.893831838987837,2,Santa Monica,CA,S,F,0,2,20000,24,0
7287,4.276666666666666,10.30743097640403,2,National City,CA,S,F,0,2,20000,43,0
7290,3.4941666666666666,12.104148393560505,1,Chula Vista,CA,M,F,1,1,40000,39,0
7294,14.073333333333334,25.735453555299344,5,Glendale,CA,M,F,0,5,20000,37,0
7299,6.8875,16.414416681685644,2,San Gabriel,CA,M,M,2,2,20000,77,0
7300,11.901666666666667,35.55127023260231,2,Torrance,CA,M,F,4,4,150000,27,0
7301,4.5808333333333335,11.342424350707178,2,San Diego,CA,M,M,1,2,40000,49,1
7303,0.8025000000000001,2.779941546148048,1,Pomona,CA,M,F,1,1,60000,44,0
7305,3.5316666666666667,12.23405220412817,1,Chula Vista,CA,S,F,0,1,40000,32,0
7306,12.848333333333333,20.451198157091092,4,Burbank,CA,S,F,0,4,40000,60,0
7312,5.030833333333334,10.490459265735728,3,El Cajon,CA,S,F,0,4,40000,61,0
7313,2.2091666666666665,5.93205078494373,2,Santa Cruz,CA,M,M,1,2,60000,23,0
7318,2.5775,8.928721913017563,1,Arcadia,CA,M,M,1,1,60000,30,0
7323,5.133333333333334,15.264926723662576,2,Lincoln Acres,CA,S,M,0,2,20000,85,0
7324,6.480833333333333,15.184843195726055,2,Bellflower,CA,S,F,0,3,80000,52,0
7330,1.8916666666666666,6.552925555302252,1,Altadena,CA,S,F,0,1,20000,47,0
7333,2.686666666666667,9.306886339336769,1,Torrance,CA,S,F,0,1,20000,53,0
7335,10.41,16.4847108227318,4,Los Angeles,CA,S,F,0,4,40000,36,1
7339,1.345,4.65921667236028,1,Chula Vista,CA,M,F,1,1,60000,34,0
7340,6.736666666666666,15.755195006630977,2,Spring Valley,CA,M,M,1,2,40000,39,0
7341,5.093333333333334,15.460488839345123,2,La Jolla,CA,S,M,0,2,40000,50,0
7343,10.104166666666666,16.377420408673164,4,Newport Beach,CA,S,F,0,4,60000,65,0
7346,2.7225,6.37877464009279,2,Lincoln Acres,CA,S,M,0,2,150000,40,0
7351,1.1083333333333334,3.8393792901110113,1,Torrance,CA,M,M,3,1,60000,79,0
7352,8.369166666666667,17.14415111413343,3,Burbank,CA,S,F,0,3,60000,62,0
7353,0.9641666666666667,3.339971307261985,1,Oakland,CA,S,M,0,1,20000,72,0
7357,3.2591666666666668,7.844199314065642,2,Spring Valley,CA,S,M,0,2,60000,87,0
7363,7.603333333333333,17.76607816411189,2,San Gabriel,CA,S,F,0,2,40000,43,0
7369,2.339166666666667,8.103111028076398,1,Altadena,CA,M,M,5,1,60000,86,0
7378,4.2225,10.089014840634613,2,Beverly Hills,CA,S,F,0,2,20000,85,1
7379,13.77,18.494861202752805,5,Woodland Hills,CA,S,M,0,5,60000,51,0
7381,7.4383333333333335,12.345355279201039,4,Glendale,CA,M,M,0,4,80000,29,0
7385,1.4116666666666668,4.890156780036131,1,West Covina,CA,S,F,0,1,20000,81,0
7387,7.019166666666666,16.491006065750085,2,National City,CA,M,F,5,2,40000,74,0
7388,12.351666666666667,20.71558299415874,4,Lemon Grove,CA,S,M,0,4,80000,53,0
7391,10.220833333333333,23.871078148456075,2,Lakewood,CA,M,M,3,2,60000,47,0
7393,1.4833333333333334,3.511123449665061,2,Coronado,CA,S,F,0,2,60000,73,0
7397,5.6875,13.30209766438088,2,Imperial Beach,CA,M,F,4,2,120000,30,0
7398,4.739166666666667,14.832060151352318,2,Chula Vista,CA,S,M,0,2,20000,69,0
7399,2.913333333333333,6.993366120615286,2,Fremont,CA,M,F,4,2,20000,24,0
7401,8.838333333333333,18.26234368775533,3,Spring Valley,CA,M,M,1,3,120000,82,0
7407,1.0833333333333333,3.7527767497325675,1,Beverly Hills,CA,M,M,4,1,60000,54,1
7408,19.484166666666667,22.209126894685493,6,Bellflower,CA,M,M,2,6,20000,47,0
7411,9.395833333333334,18.313846454791985,3,Lakewood,CA,M,M,0,3,40000,47,0
7417,11.023333333333333,25.888742493191668,2,Glendale,CA,M,F,3,3,60000,73,0
7421,1.2758333333333334,4.419616310646585,1,Pomona,CA,S,M,0,1,20000,18,0
7425,10.743333333333332,22.222696969676306,4,San Gabriel,CA,S,M,0,6,40000,65,0
7426,3.2733333333333334,11.33915928688425,1,Arcadia,CA,M,M,0,1,20000,46,0
7429,6.663333333333333,15.587689975999613,2,Downey,CA,S,F,0,2,120000,86,0
7435,3.9608333333333334,13.720729147291456,1,Imperial Beach,CA,S,M,0,1,60000,85,0
7436,8.1,18.93157103407379,2,El Cajon,CA,S,F,0,2,100000,25,0
7439,6.443333333333333,13.33707364204507,3,West Covina,CA,S,M,0,4,20000,46,0
7441,2.9508333333333336,6.938870039440315,2,Lemon Grove,CA,M,M,0,2,40000,78,0
7442,3.2741666666666664,11.342046038230198,1,La Mesa,CA,S,F,0,1,20000,85,0
7447,5.819166666666667,13.647754699339131,2,Downey,CA,S,M,0,2,150000,80,0
7453,4.590833333333333,12.580733797310387,2,El Cajon,CA,M,M,4,2,80000,18,0
7459,1.5358333333333334,5.320282730582401,1,Burbank,CA,M,F,1,1,40000,44,0
7465,3.8,11.24633273560764,2,Arcadia,CA,S,F,0,2,20000,75,0
7469,3.158333333333333,10.940787601143407,1,Downey,CA,M,F,2,1,60000,19,0
7473,1.1491666666666667,3.9808301060624696,1,Santa Monica,CA,S,F,0,1,40000,66,0
7474,2.535,8.781497594374208,1,Long Beach,CA,S,M,0,1,40000,79,0
7477,4.474166666666666,15.498967976395503,1,Bellflower,CA,M,M,1,1,150000,87,0
7478,10.939166666666667,20.355624846189023,3,West Covina,CA,M,F,0,3,60000,83,0
7481,1.3133333333333335,3.285309818884759,2,Woodland Hills,CA,S,M,0,2,140000,70,0
7484,0.7266666666666667,1.7541085968938668,2,Chula Vista,CA,S,M,0,2,80000,35,0
7487,2.5975,8.998003945320319,1,Torrance,CA,S,F,0,1,20000,35,0
7489,2.7933333333333334,9.676390511618129,1,National City,CA,M,M,0,1,40000,61,0
7490,9.488333333333333,23.73206684993317,2,National City,CA,S,M,0,3,100000,30,0
7497,3.341666666666667,7.881012663741926,2,San Diego,CA,S,M,0,2,40000,60,1
7501,4.196666666666667,7.689742084968347,3,Chula Vista,CA,S,F,0,3,40000,75,0
7507,0.8175,2.8319030703751147,1,Long Beach,CA,S,M,0,1,20000,25,0
7512,10.685,19.02483759338159,4,Woodland Hills,CA,M,M,2,4,20000,45,0
7517,25.355,40.407780866380854,4,San Gabriel,CA,M,M,0,5,20000,76,0
7519,13.105,16.813750595596126,5,Lemon Grove,CA,M,F,1,5,60000,27,0
7520,6.384166666666666,17.280376394434622,2,Santa Monica,CA,M,M,0,2,40000,64,0
7523,14.245833333333332,29.089967798455042,3,Downey,CA,M,M,4,4,40000,32,0
7530,11.23,17.204991347650463,4,El Cajon,CA,M,M,1,4,40000,79,0
7535,10.929166666666667,20.384837706818598,3,San Gabriel,CA,S,F,0,3,40000,86,0
7536,15.028333333333332,21.06062238281469,6,Newport Beach,CA,S,F,0,6,40000,21,0
7538,8.371666666666666,16.5985726841652,3,Los Angeles,CA,S,M,0,3,60000,61,1
7540,2.6733333333333333,9.260698317801596,1,Colma,CA,S,M,0,1,40000,73,0
7541,10.113333333333333,25.556843713691652,2,Lincoln Acres,CA,M,M,4,2,20000,69,0
7542,6.94,13.533637554425102,3,Spring Valley,CA,S,F,0,3,80000,65,0
7547,8.57,17.773281786280933,3,El Cajon,CA,S,M,0,3,20000,52,0
7551,2.1483333333333334,7.442044969854276,1,Woodland Hills,CA,S,M,0,1,80000,83,0
7554,1.0658333333333332,3.6921549714676565,1,Imperial Beach,CA,M,F,4,1,40000,20,0
7555,4.5841666666666665,9.613193073095227,3,El Cajon,CA,M,M,2,3,80000,88,0
7560,25.296666666666667,26.57721078919557,7,Newport Beach,CA,S,M,0,7,60000,64,0
7567,3.8208333333333333,8.115722628816167,3,National City,CA,M,M,2,3,40000,24,0
7571,5.54,12.990530817064055,2,Bellflower,CA,M,F,1,2,20000,86,0
7578,4.6025,10.770618387750327,2,Chula Vista,CA,S,F,0,2,120000,32,0
7583,2.9,7.759503264326327,2,Santa Monica,CA,S,F,0,2,120000,21,0
7584,5.921666666666667,12.119169513500903,3,Lakewood,CA,M,F,1,3,20000,46,0
7590,3.200833333333333,11.088011919786762,1,Lemon Grove,CA,M,M,1,1,40000,25,0
7595,14.735833333333334,19.063821737585155,5,Chula Vista,CA,M,M,2,5,40000,49,0
7596,3.0683333333333334,7.665085937172682,2,El Cajon,CA,S,M,0,2,40000,53,0
7597,0.9125,3.1609927238132007,1,Fremont,CA,M,M,1,1,20000,65,0
7599,6.5125,15.414148827973248,2,Newport Beach,CA,S,F,0,2,20000,80,0
7601,4.3925,13.049548320292024,2,La Mesa,CA,M,F,1,2,80000,42,0
7602,4.816666666666666,12.769261624081576,2,Burbank,CA,S,F,0,2,20000,54,0
7605,2.3125,8.010734985006058,1,West Covina,CA,M,M,4,1,20000,50,0
7611,3.475,12.0377531126037,1,Burbank,CA,M,F,2,1,60000,38,0
7612,4.023333333333333,12.810455483587214,2,Bellflower,CA,S,F,0,2,40000,86,0
7613,2.3375,7.140781883595865,2,San Carlos,CA,M,M,4,2,40000,54,0
7619,7.161666666666666,13.535896271720905,4,Arcadia,CA,S,F,0,4,60000,79,0
7625,6.873333333333333,12.877203488994406,3,Santa Monica,CA,M,M,4,3,40000,34,0
7626,6.880833333333333,16.29490520396055,2,San Gabriel,CA,M,M,3,3,120000,63,0
7635,3.2841666666666662,11.376687054381575,1,La Mesa,CA,S,F,0,1,140000,76,0
7636,3.8783333333333334,13.434940764042592,1,Burbank,CA,M,F,1,1,60000,65,0
7637,4.650833333333333,10.075245504189809,3,Los Angeles,CA,M,F,5,4,40000,54,1
7638,9.596666666666666,13.11000612532506,5,Altadena,CA,M,F,2,5,80000,56,0
7640,2.3625000000000003,8.183940065762945,1,San Jose,CA,M,M,1,1,20000,20,0
7642,7.824166666666667,19.890647166368662,2,Woodland Hills,CA,M,M,1,3,40000,22,0
7643,4.048333333333333,10.264386651589724,2,National City,CA,S,M,0,2,20000,30,0
7644,3.6,12.470765814495916,1,La Mesa,CA,S,M,0,1,40000,78,0
7647,4.935833333333333,11.7466478454945,2,Bellflower,CA,S,F,0,2,60000,87,0
7649,6.314166666666666,15.072975490974406,2,San Diego,CA,S,F,0,3,120000,43,1
7650,4.536666666666667,10.715348663001917,2,San Diego,CA,M,M,3,3,80000,88,1
7653,3.01,7.152254571430288,2,Downey,CA,S,M,0,2,100000,52,0
7659,3.48,10.470238340605762,2,Altadena,CA,S,F,0,2,40000,45,0
7660,6.183333333333334,17.181158990080508,2,Burbank,CA,S,F,0,2,20000,49,0
7661,2.674166666666667,9.263585069147545,1,Novato,CA,S,F,0,1,80000,49,0
7662,2.0025,5.043101724137637,2,San Diego,CA,M,M,3,2,60000,63,1
7664,4.240833333333334,14.690677599530028,1,Lincoln Acres,CA,S,M,0,1,20000,65,0
7665,1.9216666666666666,6.6568486037563845,1,Woodland Hills,CA,M,M,0,1,40000,34,0
7666,6.1625000000000005,15.139487276655046,2,Woodland Hills,CA,S,M,0,3,60000,35,0
7667,2.7608333333333333,6.5032334032364005,2,Long Beach,CA,M,M,1,2,80000,65,0
7672,6.6375,15.52180994893666,2,Woodland Hills,CA,M,F,1,2,20000,73,0
7674,3.220833333333333,11.157293952089518,1,Santa Monica,CA,M,F,3,1,40000,86,0
7677,5.9191666666666665,15.345930143516782,2,El Cajon,CA,S,M,0,2,20000,40,0
7684,2.6683333333333334,7.656072852001313,2,Altadena,CA,M,M,3,2,40000,86,0
7686,0.4991666666666667,1.7291640562229291,1,Fremont,CA,M,F,2,1,40000,71,0
7690,11.981666666666667,22.208382051228615,3,Newport Beach,CA,S,M,0,4,20000,37,0
7692,3.525833333333334,9.680244604660599,2,National City,CA,S,F,0,2,40000,29,0
7695,2.67,7.431351278077347,2,San Gabriel,CA,S,F,0,2,80000,50,0
7699,6.035833333333334,13.133880862683029,3,Pomona,CA,S,M,0,3,40000,73,0
7705,11.13,17.077944841227236,5,Newport Beach,CA,S,M,0,5,40000,21,0
7708,3.48,9.95464624274423,2,Long Beach,CA,M,M,0,2,20000,62,0
7714,3.4499999999999997,11.951150572225252,1,Torrance,CA,M,F,0,1,40000,29,0
7719,3.5716666666666668,8.349302456801498,2,Lincoln Acres,CA,M,M,1,2,40000,46,0
7722,0.45,1.5588457268119895,1,San Francisco,CA,M,M,2,1,40000,69,1
7729,4.468333333333333,12.011983284380745,2,Grossmont,CA,S,M,0,2,40000,38,0
7730,0.5766666666666667,1.997631931396105,1,Grossmont,CA,S,M,0,1,140000,50,0
7731,7.989166666666667,17.548854123862505,3,Los Angeles,CA,M,F,5,3,20000,81,1
7736,2.7908333333333335,9.667730257580285,1,West Covina,CA,S,M,0,1,80000,19,0
7747,10.524166666666666,24.582968035293103,2,Downey,CA,M,F,5,3,140000,53,0
7753,2.1108333333333333,7.31214115928661,1,Lakewood,CA,M,M,5,1,20000,78,0
7756,1.0133333333333334,3.510289636672925,1,San Carlos,CA,M,F,1,1,20000,87,0
7757,7.344166666666667,17.582417590687957,2,Woodland Hills,CA,M,M,2,2,40000,23,0
7762,2.4975,8.651593783806542,1,Burbank,CA,S,F,0,1,140000,18,0
7765,7.2475000000000005,17.873769061240147,2,West Covina,CA,S,F,0,2,20000,39,0
7767,2.8608333333333333,6.693351461553382,2,San Diego,CA,S,M,0,2,40000,28,1
7771,0.9208333333333334,3.1898602372726823,1,El Cajon,CA,M,M,1,1,40000,27,0
7775,9.185833333333333,18.94769425086447,4,Woodland Hills,CA,S,M,0,4,40000,58,0
7777,1.1883333333333332,4.116507419322032,1,Imperial Beach,CA,M,F,0,1,40000,84,0
7783,1.5933333333333335,5.519468573452823,1,West Covina,CA,M,M,1,1,60000,87,0
7784,1.2808333333333333,4.436936818722274,1,Torrance,CA,M,F,1,1,80000,32,0
7795,2.6091666666666664,9.038418464163591,1,Burbank,CA,M,F,0,1,20000,51,0
7801,7.8516666666666675,19.92706785589223,2,Arcadia,CA,M,M,1,3,80000,54,0
7803,0.20083333333333334,0.6957070743734991,1,Oakland,CA,M,M,1,1,60000,59,0
7804,1.2666666666666666,4.387862045841155,1,Santa Cruz,CA,M,M,3,1,20000,31,0
7805,10.244166666666667,21.674201446266327,3,Downey,CA,S,M,0,5,80000,69,0
7808,5.4991666666666665,14.765575725827675,2,Glendale,CA,M,F,0,2,120000,51,0
7814,5.664166666666667,13.290965802743491,2,Lincoln Acres,CA,M,M,5,2,20000,60,0
7819,5.203333333333333,13.978427101874669,2,La Mesa,CA,S,M,0,2,40000,78,0
7820,7.108333333333333,16.61348019658808,2,Chula Vista,CA,M,M,2,2,140000,18,0
7821,6.8125,16.284308746877663,2,Los Angeles,CA,M,M,3,2,80000,24,1
7823,2.254166666666667,7.808662390789689,1,Torrance,CA,M,F,1,1,20000,51,0
7825,7.6049999999999995,17.800400148719845,2,National City,CA,M,M,3,2,40000,70,0
7832,9.653333333333334,17.595778591537922,3,Burbank,CA,S,F,0,3,100000,41,0
7837,0.6525,2.2603263038773846,1,Burlingame,CA,S,M,0,1,60000,73,0
7838,5.93,13.832482193603708,3,Coronado,CA,M,F,0,3,20000,52,0
7841,3.8858333333333333,11.393579099517838,2,Santa Monica,CA,M,M,3,2,80000,49,0
7847,0.9,3.117691453623979,1,El Cajon,CA,M,F,2,1,80000,79,0
7850,7.304166666666666,13.863022403196034,3,San Diego,CA,M,F,3,3,120000,32,1
7851,24.266666666666666,31.09993549637664,6,Woodland Hills,CA,S,M,0,6,40000,78,0
7854,7.09,14.243835668297164,3,Long Beach,CA,S,F,0,3,140000,42,0
7855,4.189166666666667,14.511699016081245,1,Spring Valley,CA,S,F,0,1,80000,39,0
7856,3.2983333333333333,9.097378077159808,2,San Gabriel,CA,M,F,1,2,20000,32,0
7859,5.1691666666666665,11.612231371456668,3,Pomona,CA,S,F,0,3,40000,32,0
7867,2.2416666666666667,7.765361120600466,1,National City,CA,S,F,0,1,40000,67,0
7868,10.420833333333333,19.17175121622878,3,La Mesa,CA,M,F,4,3,40000,39,0
7871,2.24,6.6796243770276345,2,Bellflower,CA,M,F,1,2,20000,28,0
7873,2.645,9.16254877203936,1,San Diego,CA,S,M,0,1,40000,66,1
7876,0.6224999999999999,2.156403255423252,1,Richmond,CA,M,M,0,1,20000,53,0
7880,2.32,5.860958655683929,2,Santa Monica,CA,S,F,0,2,60000,79,0
7881,2.6416666666666666,9.151001766655568,1,La Jolla,CA,M,M,3,1,20000,41,0
7890,8.859166666666667,22.476128532019896,3,Grossmont,CA,M,F,0,4,60000,39,0
7892,3.2133333333333334,11.131313189975986,1,National City,CA,S,M,0,1,40000,64,0
7895,4.248333333333333,14.71665836164356,1,Chula Vista,CA,M,M,5,1,40000,42,0
7900,1.8791666666666667,6.509624285113031,1,Pomona,CA,M,F,1,1,40000,37,0
7902,3.8666666666666667,13.394526245199318,1,El Cajon,CA,M,M,0,1,60000,61,0
7904,5.300833333333333,14.710714993026702,2,Beverly Hills,CA,S,M,0,2,60000,57,1
7914,3.283333333333333,8.798995121689474,2,Spring Valley,CA,M,F,2,2,80000,32,0
7923,6.7683333333333335,18.55107437875393,2,Grossmont,CA,M,M,1,2,150000,31,0
7924,15.168333333333333,28.49312064766554,3,Newport Beach,CA,M,M,0,4,60000,26,0
7933,1.5466666666666666,5.3578104980797265,1,Richmond,CA,S,M,0,1,60000,77,0
7935,4.086666666666667,9.656452702099193,2,Pomona,CA,S,M,0,2,40000,28,0
7937,0.4066666666666667,1.4087346568226868,1,Chula Vista,CA,M,M,2,1,40000,54,0
7938,0.45083333333333336,1.5617324781579378,1,Lemon Grove,CA,S,M,0,1,60000,34,0
7942,6.78,15.841740606844484,2,Spring Valley,CA,S,M,0,2,100000,38,0
7950,2.0008333333333335,6.931089981621458,1,San Jose,CA,S,F,0,1,40000,80,0
7971,2.295,5.479542947097952,2,Chula Vista,CA,M,M,1,3,40000,28,0
7972,0.9775,3.386159328797155,1,Bellflower,CA,M,F,1,1,40000,42,0
7974,0.4033333333333333,1.3971876514388943,1,San Jose,CA,S,M,0,1,40000,40,0
7975,3.9691666666666667,9.82079931789792,2,Newport Beach,CA,M,F,4,2,60000,53,0
7983,4.679166666666667,13.35295708368704,2,Torrance,CA,M,M,1,2,40000,24,0
7985,7.9375,15.666203418360638,3,National City,CA,S,M,0,3,60000,44,0
7986,5.059166666666667,13.485784069519168,2,National City,CA,M,M,0,2,20000,57,0
7992,1.78,6.1661008749452035,1,San Francisco,CA,M,F,5,1,40000,25,1
7999,1.5108333333333333,5.233680190203957,1,Grossmont,CA,S,M,0,1,40000,79,0
8004,7.410833333333334,19.808848095706825,2,La Mesa,CA,S,F,0,2,80000,22,0
8010,2.7899999999999996,9.664843506234334,1,San Diego,CA,M,F,0,1,60000,55,1
8011,4.805,16.64500826073691,1,Pomona,CA,S,M,0,2,60000,38,0
8014,4.345,15.051521517773544,1,Lincoln Acres,CA,S,F,0,2,60000,65,0
8024,6.173333333333334,14.655107290530824,2,San Gabriel,CA,M,M,1,2,80000,75,0
8025,1.4383333333333332,3.990137462506395,2,Richmond,CA,S,F,0,2,20000,22,0
8029,3.535,12.245599209511962,1,Bellflower,CA,S,M,0,1,60000,36,0
8032,3.4958333333333336,12.109921896252402,1,Lincoln Acres,CA,S,M,0,2,20000,43,0
8033,5.365,8.826288728977357,4,La Jolla,CA,S,F,0,4,20000,31,0
8034,7.403333333333333,17.413192142914536,2,La Jolla,CA,S,M,0,2,100000,76,0
8038,1.9325,6.694376371253711,1,San Diego,CA,M,F,1,1,60000,22,1
8042,10.869166666666667,19.678243389052483,4,Long Beach,CA,S,M,0,5,40000,57,0
8046,3.5225,11.273023410699626,2,West Covina,CA,M,M,2,2,60000,67,0
8048,3.3183333333333334,7.787034484359631,2,Santa Monica,CA,M,F,1,2,40000,70,0
8050,3.6616666666666666,12.684385414096077,1,San Diego,CA,M,F,3,2,100000,47,1
8053,8.432500000000001,13.406537838613735,4,Imperial Beach,CA,M,F,0,4,80000,55,0
8056,3.84,9.010393998044702,2,Coronado,CA,S,F,0,2,120000,85,0
8070,5.805000000000001,14.142484994447823,2,West Covina,CA,S,M,0,2,60000,72,0
8072,6.306666666666667,14.563835866677266,3,Santa Monica,CA,S,M,0,3,40000,42,0
8073,3.6758333333333333,12.733460186977196,1,La Jolla,CA,S,F,0,1,60000,21,0
8076,1.2758333333333334,4.419616310646585,1,Richmond,CA,M,M,2,1,40000,30,0
8080,6.0441666666666665,14.138275231270308,2,San Diego,CA,S,M,0,2,40000,50,1
8081,0.9583333333333334,3.3197640478403483,1,Daly City,CA,S,M,0,1,80000,82,0
8083,4.407500000000001,12.169875718346512,2,Grossmont,CA,M,F,0,2,40000,57,0
8085,0.8375,2.9011851026778697,1,Oakland,CA,M,M,0,1,60000,35,0
8090,1.2516666666666667,4.335900521614089,1,Concord,CA,M,F,4,1,20000,73,0
8094,0.5666666666666667,1.9629909152447276,1,Downey,CA,S,F,0,1,60000,82,0
8113,9.7275,18.58137147546141,3,Spring Valley,CA,S,F,0,3,60000,82,0
8114,3.8225,13.241528423864066,1,Spring Valley,CA,M,M,0,1,40000,25,0
8119,2.6141666666666667,9.055738972239281,1,Long Beach,CA,M,F,0,1,60000,80,0
8123,3.0091666666666668,10.424059110218693,1,Spring Valley,CA,S,F,0,1,60000,79,0
8124,4.151666666666666,9.696317795322036,2,Newport Beach,CA,S,M,0,2,20000,51,0
8125,7.066666666666666,15.382318854234343,3,Long Beach,CA,S,F,0,3,40000,19,0
8126,2.5091666666666668,8.692008302649816,1,Imperial Beach,CA,M,M,4,1,20000,74,0
8128,1.8266666666666669,6.327758950318299,1,Daly City,CA,M,M,0,1,40000,71,0
8129,0.8508333333333334,2.9473731242130397,1,Bellflower,CA,S,F,0,1,20000,77,0
8130,6.36,12.784146432202661,3,Glendale,CA,S,M,0,3,60000,46,0
8133,1.115,3.8624733008785963,1,Pomona,CA,M,M,3,1,60000,22,0
8138,3.0108333333333337,10.42983261291059,1,Lemon Grove,CA,M,M,4,1,40000,34,0
8142,4.8825,9.548525945258394,3,Burbank,CA,M,F,2,3,80000,31,0
8148,9.954166666666667,16.787675380974274,4,Downey,CA,S,M,0,4,100000,27,0
8149,2.3874999999999997,8.270542606141388,1,Coronado,CA,S,F,0,1,80000,87,0
8151,10.413333333333332,19.025144287271914,3,Woodland Hills,CA,S,M,0,3,40000,76,0
8153,1.71,5.92361376188556,1,Imperial Beach,CA,M,F,1,1,20000,70,0
8154,7.859999999999999,15.301892931030698,3,Glendale,CA,S,F,0,4,140000,55,0
8156,9.0775,24.85934326822156,2,Los Angeles,CA,M,M,0,3,60000,41,1
8159,4.065,14.081573065534974,1,Beverly Hills,CA,S,M,0,1,100000,35,1
8161,5.184166666666666,12.172551430712188,2,Lemon Grove,CA,M,F,0,2,20000,61,0
8167,2.086666666666667,4.873470544849446,2,San Carlos,CA,M,F,0,2,80000,73,0
8171,10.571666666666667,20.58886849879337,3,La Mesa,CA,S,F,0,3,100000,72,0
8186,4.9525,11.57284213147315,2,National City,CA,M,F,2,2,80000,53,0
8190,1.9758333333333333,6.844487441243014,1,Santa Monica,CA,M,F,2,1,40000,62,0
8193,3.2591666666666668,11.290084514003132,1,Woodland Hills,CA,M,M,1,1,40000,53,0
8194,3.4383333333333335,9.853067665668517,2,Pomona,CA,M,F,0,2,60000,34,0
8195,12.3625,20.78710313675722,4,Long Beach,CA,S,F,0,5,80000,20,0
8196,5.329166666666667,9.075098254748173,4,La Mesa,CA,M,F,0,4,140000,52,0
8200,4.581666666666666,15.87135890002281,1,Glendale,CA,M,M,0,1,20000,66,0
8208,3.1016666666666666,10.744488509618934,1,Lemon Grove,CA,S,M,0,1,80000,86,0
8209,0.6616666666666667,2.2920805686828145,1,Richmond,CA,M,F,0,1,40000,48,0
8220,3.1025000000000005,10.747375260964885,1,Coronado,CA,S,F,0,2,40000,78,0
8224,1.0833333333333333,3.7527767497325675,1,San Gabriel,CA,M,F,3,1,60000,40,0
8234,8.467500000000001,17.82924417150858,3,La Jolla,CA,S,F,0,3,40000,60,0
8240,18.830000000000002,25.268012836930268,5,Woodland Hills,CA,S,M,0,7,60000,73,0
8246,2.3475,8.13197854153588,1,La Jolla,CA,S,F,0,1,40000,46,0
8247,12.885833333333332,14.41761199387959,6,Glendale,CA,S,M,0,7,60000,39,0
8248,2.9633333333333334,7.005088194024441,2,Arcadia,CA,S,M,0,2,20000,80,0
8253,1.0733333333333335,3.71813573358119,1,Chula Vista,CA,M,M,1,1,40000,47,0
8260,8.975833333333334,20.57820888854533,3,Pomona,CA,S,M,0,4,40000,81,0
8264,0.815,2.82324281633727,1,La Jolla,CA,S,M,0,1,60000,37,0
8266,8.786666666666667,20.88883056621989,2,Lakewood,CA,S,F,0,2,20000,44,0
8267,5.4575000000000005,16.958797194162308,2,Los Angeles,CA,S,M,0,3,40000,26,1
8270,12.474166666666667,36.52757525196381,2,Newport Beach,CA,S,F,0,3,20000,62,0
8271,5.8341666666666665,13.980987387639448,2,Lemon Grove,CA,M,M,0,2,40000,65,0
8272,2.8858333333333337,9.99681991101837,1,Long Beach,CA,M,F,1,1,120000,65,0
8282,1.3358333333333334,4.627462407554851,1,Daly City,CA,M,F,0,1,20000,85,0
8288,1.2716666666666667,4.405182553916845,1,West Covina,CA,S,F,0,1,60000,39,0
8295,7.345833333333332,17.24566478242804,2,Altadena,CA,S,F,0,3,60000,32,0
8296,12.354166666666668,23.206464796115185,3,Beverly Hills,CA,M,M,3,3,20000,47,1
8299,0.6325,2.1910442715746297,1,Grossmont,CA,S,M,0,1,80000,30,0
8301,4.506666666666667,15.61155127888748,1,Coronado,CA,M,F,4,1,60000,42,0
8305,3.8516666666666666,13.342564720972252,1,Spring Valley,CA,M,F,3,1,40000,19,0
8306,6.6033333333333335,17.32245171254154,2,Spring Valley,CA,S,F,0,2,20000,32,0
8312,1.4858333333333331,5.147077649825514,1,Downey,CA,M,F,2,1,40000,70,0
8317,1.895,4.433911673372929,2,Long Beach,CA,M,M,0,2,20000,25,0
8319,1.6125,5.58586385440963,1,Coronado,CA,S,F,0,1,60000,46,0
8323,6.216666666666667,14.570847191525546,2,Glendale,CA,S,M,0,2,60000,51,0
8330,0.9708333333333333,3.36306531802957,1,Lemon Grove,CA,S,M,0,1,20000,34,0
8335,0.16749999999999998,0.5802370205355738,1,Long Beach,CA,M,F,0,1,40000,61,0
8340,13.281666666666666,20.095367550002585,4,Lakewood,CA,M,F,0,5,140000,42,0
8344,0.42166666666666663,1.4606961810497532,1,Novato,CA,M,F,0,1,80000,68,0
8347,3.1525,10.920580341721772,1,Lemon Grove,CA,S,F,0,1,80000,20,0
8348,6.090833333333333,14.23486594012509,2,Imperial Beach,CA,S,M,0,2,100000,56,0
8349,1.5016666666666667,5.201925925398528,1,Colma,CA,M,F,1,1,140000,30,0
8354,6.586666666666667,15.61155127888748,2,Lincoln Acres,CA,S,F,0,2,40000,81,0
8360,3.4558333333333335,9.38198027006446,3,Bellflower,CA,S,M,0,3,140000,55,0
8366,9.715,15.666738072048751,4,Lincoln Acres,CA,M,F,3,4,40000,72,0
8371,4.581666666666666,15.87135890002281,1,Arcadia,CA,M,M,3,1,60000,46,0
8372,2.7541666666666664,6.589510201598423,2,Imperial Beach,CA,S,M,0,2,20000,40,0
8378,5.81,14.040555544564468,2,National City,CA,M,M,1,2,60000,68,0
8389,12.725833333333334,26.17351418317704,3,Los Angeles,CA,M,M,4,4,40000,19,1
8390,4.9799999999999995,10.86702769431876,3,Coronado,CA,M,M,0,3,60000,53,0
8394,5.2075,10.345730015105486,3,Woodland Hills,CA,M,F,0,3,20000,31,0
8396,2.6991666666666667,9.35018760952599,1,La Mesa,CA,S,M,0,1,20000,81,0
8406,4.995,17.303187567613083,1,West Covina,CA,S,M,0,1,40000,46,0
8408,2.891666666666667,10.017027170440008,1,Santa Monica,CA,S,M,0,1,60000,80,0
8409,1.7874999999999999,4.1749885683022585,2,La Jolla,CA,S,M,0,2,40000,27,0
8423,2.0083333333333333,6.957070743734991,1,Chula Vista,CA,M,F,0,1,100000,79,0
8424,2.6533333333333333,9.191416285498843,1,National City,CA,S,F,0,1,60000,25,0
8426,2.1091666666666664,7.3063676565947135,1,Colma,CA,M,M,4,1,20000,32,0
8430,9.475,32.822362803430224,1,Downey,CA,M,F,2,3,20000,30,0
8432,2.0466666666666664,7.089861305648604,1,Beverly Hills,CA,M,F,3,1,80000,32,1
8443,0.7999999999999999,2.7712812921102037,1,La Jolla,CA,M,F,0,1,40000,67,0
8444,0.9725,3.368838820721466,1,Richmond,CA,S,F,0,1,60000,40,0
8448,1.8,6.235382907247958,1,San Diego,CA,S,M,0,1,40000,59,1
8451,3.8975,7.298782121323081,3,Grossmont,CA,S,M,0,3,60000,21,0
8457,7.6450000000000005,17.93494126507857,2,Torrance,CA,M,M,1,2,40000,87,0
8465,0.9433333333333334,3.267802523613282,1,Palo Alto,CA,S,F,0,1,20000,79,0
8468,2.1141666666666667,7.323688164670403,1,Fremont,CA,M,F,3,1,20000,40,0
8471,13.76,21.368869881208038,4,Lincoln Acres,CA,M,F,0,4,140000,76,0
8475,6.341666666666667,13.404050156801885,3,Lakewood,CA,S,F,0,4,20000,59,0
8476,14.654166666666667,21.776593129627354,5,Downey,CA,M,M,4,5,40000,25,0
8480,0.87,3.0137684051698463,1,San Carlos,CA,S,M,0,1,40000,57,0
8484,3.1408333333333336,9.268090377333632,2,El Cajon,CA,M,F,2,2,40000,39,0
8490,12.853333333333333,25.57980500790466,3,La Mesa,CA,S,M,0,4,80000,32,0
8493,10.813333333333333,21.324244986456712,3,Altadena,CA,S,M,0,4,60000,24,0
8494,3.7866666666666666,9.603538489283599,2,Spring Valley,CA,M,M,0,2,150000,42,0
8499,0.32,1.1085125168440815,1,Imperial Beach,CA,S,M,0,1,20000,44,0
8505,4.443333333333333,15.392158176595423,1,Bellflower,CA,M,M,2,1,40000,74,0
8509,2.1408333333333336,7.416064207740743,1,La Jolla,CA,S,M,0,1,40000,19,0
8513,1.1908333333333332,4.125167673359876,1,San Jose,CA,S,F,0,1,40000,66,0
8517,8.268333333333334,15.543388441470034,3,Coronado,CA,S,F,0,3,40000,86,0
8518,0.87,3.0137684051698463,1,Chula Vista,CA,S,F,0,1,60000,50,0
8529,3.0091666666666668,10.424059110218693,1,Chula Vista,CA,M,M,3,1,20000,45,0
8536,4.26,11.266910522733049,2,Chula Vista,CA,S,M,0,2,60000,60,0
8539,4.973333333333334,17.228132032618433,1,Glendale,CA,S,F,0,1,80000,81,0
8540,7.7575,15.089837715254836,3,Lakewood,CA,S,F,0,4,40000,48,0
8542,3.0324999999999998,9.553037712971436,2,La Mesa,CA,S,F,0,2,40000,71,0
8545,7.801666666666667,18.323316905632627,2,San Gabriel,CA,S,F,0,2,40000,68,0
8546,16.830000000000002,33.26311498013706,4,San Gabriel,CA,M,M,4,6,40000,43,0
8554,2.6791666666666667,9.280905577223233,1,Lincoln Acres,CA,S,F,0,1,60000,42,0
8557,17.7825,25.987801028034813,5,Torrance,CA,S,M,0,5,20000,34,0
8559,8.065,14.876040223368339,3,Los Angeles,CA,S,F,0,3,40000,49,1
8563,3.7624999999999997,13.033682326955802,1,Santa Monica,CA,S,M,0,1,40000,54,0
8566,3.910833333333333,13.547524066534567,1,Lincoln Acres,CA,S,M,0,1,20000,27,0
8575,11.756666666666666,23.294136731388136,3,El Cajon,CA,S,F,0,3,20000,35,0
8586,0.7458333333333332,2.583642454623575,1,La Jolla,CA,M,M,2,1,40000,23,0
8590,0.47750000000000004,1.654108521228278,1,Coronado,CA,S,M,0,1,80000,33,0
8593,4.243333333333333,14.699337853567872,1,Santa Monica,CA,M,M,1,1,120000,56,0
8594,7.93,18.529566545487143,2,Santa Monica,CA,M,F,0,2,140000,75,0
8597,2.8825000000000003,9.985272905634579,1,Lakewood,CA,M,M,2,1,40000,82,0
8598,11.393333333333333,30.382152157096602,2,Pomona,CA,S,F,0,3,40000,84,0
8600,5.33,12.72582913890986,2,Santa Monica,CA,S,M,0,2,40000,49,0
8601,3.8983333333333334,13.504222796345347,1,Beverly Hills,CA,S,F,0,1,20000,65,1
8602,8.643333333333333,16.10160823889303,4,San Diego,CA,S,F,0,4,80000,50,1
8605,3.5075000000000003,12.150336415095675,1,Burbank,CA,M,M,1,1,120000,80,0
8608,8.519166666666667,18.19453537258488,3,Coronado,CA,M,F,5,4,80000,56,0
8609,2.441666666666667,8.458181443628018,1,West Covina,CA,M,M,1,1,20000,57,0
8618,0.725,2.5114736709748717,1,Grossmont,CA,M,M,1,1,40000,83,0
8622,3.766666666666667,13.048116083685544,1,Downey,CA,M,F,1,1,100000,23,0
8623,1.7541666666666667,6.076611583220812,1,Lincoln Acres,CA,S,M,0,1,40000,20,0
8624,7.3966666666666665,15.15736804529751,3,Beverly Hills,CA,S,M,0,3,80000,83,1
8628,2.4691666666666663,6.703374263395377,2,Pomona,CA,M,F,2,2,80000,85,0
8629,1.3166666666666667,4.561067126598044,1,La Mesa,CA,M,F,2,1,150000,68,0
8630,1.7016666666666669,5.894746248426079,1,El Cajon,CA,S,F,0,1,60000,76,0
8632,7.735833333333334,14.015052595064502,3,La Jolla,CA,S,F,0,3,40000,41,0
8634,3.4316666666666666,11.887642042614395,1,Lakewood,CA,M,F,2,1,60000,42,0
8635,7.22,15.124260462761626,3,Los Angeles,CA,M,M,0,3,40000,56,1
8638,8.3775,16.812429452369727,4,Los Angeles,CA,M,F,1,4,40000,52,1
8641,0.19583333333333333,0.6783865662978104,1,San Carlos,CA,M,M,0,1,40000,61,0
8645,5.399166666666667,13.50124065567399,2,Altadena,CA,M,F,1,2,20000,69,0
8646,7.326666666666667,15.200203547281461,3,Bellflower,CA,M,F,0,3,40000,33,0
8652,3.56,9.244933747734486,2,Newport Beach,CA,M,F,1,2,40000,61,0
8658,5.1450000000000005,12.353057405870308,2,Glendale,CA,S,F,0,2,40000,50,0
8660,2.9183333333333334,10.109403213510348,1,Los Angeles,CA,M,M,4,1,140000,75,1
8671,7.6466666666666665,14.660588065430474,3,San Diego,CA,M,F,2,3,60000,21,1
8676,7.633333333333334,16.055123415246232,3,Downey,CA,S,F,0,3,80000,40,0
8678,0.805,2.7886018001858925,1,Chula Vista,CA,S,M,0,1,20000,25,0
8679,3.7191666666666667,8.688268431242978,2,Fremont,CA,M,F,3,2,80000,50,0
8681,4.308333333333334,14.924504458551827,1,Imperial Beach,CA,M,M,1,1,120000,38,0
8682,6.828333333333333,16.74181799258879,2,Glendale,CA,M,F,0,2,40000,73,0
8684,6.229166666666666,11.587375150515662,3,Los Angeles,CA,S,F,0,3,20000,80,1
8693,5.04,17.459072140294282,1,Beverly Hills,CA,M,M,2,1,40000,77,1
8694,1.0416666666666667,3.608439182435161,1,San Gabriel,CA,S,M,0,1,100000,84,0
8699,2.6125000000000003,9.049965469547384,1,Burbank,CA,M,F,2,1,20000,64,0
8700,6.57,16.555819630461176,2,Lakewood,CA,S,F,0,2,40000,37,0
8705,1.5333333333333332,5.3116224765445565,1,Arcadia,CA,M,F,5,1,40000,35,0
8706,5.529166666666667,14.006986216841504,2,Arcadia,CA,S,F,0,2,20000,86,0
8709,10.9125,18.315173106173223,4,Downey,CA,M,M,0,4,40000,56,0
8711,8.72,19.397682616980074,3,Beverly Hills,CA,S,M,0,3,60000,38,1
8712,3.4941666666666666,8.233016080870897,2,Spring Valley,CA,S,M,0,2,40000,48,0
8724,8.066666666666666,19.033252401250213,2,Glendale,CA,S,M,0,2,40000,21,0
8726,1.5366666666666668,5.32316948192835,1,National City,CA,S,M,0,1,60000,70,0
8730,6.335833333333333,13.623012254225857,3,Santa Monica,CA,M,F,1,3,20000,48,0
8734,6.3308333333333335,15.50085479070184,2,Pomona,CA,S,F,0,2,20000,42,0
8736,6.225833333333333,14.677583686655915,2,Chula Vista,CA,M,F,1,2,80000,38,0
8738,3.1291666666666664,10.839751304035223,1,Berkeley,CA,S,M,0,1,40000,84,0
8739,2.6166666666666667,9.064399226277125,1,San Gabriel,CA,M,M,1,1,80000,76,0
8745,8.019166666666667,16.738907566360222,4,Altadena,CA,M,M,1,4,80000,30,0
8747,6.35,15.471638568684313,3,Santa Monica,CA,S,F,0,3,120000,29,0
8748,1.0075,3.4900823772512877,1,San Gabriel,CA,M,M,0,1,20000,33,0
8753,6.9225,13.893942515944264,3,Beverly Hills,CA,S,M,0,3,40000,22,1
8754,3.2950000000000004,9.852878213542938,2,Beverly Hills,CA,S,F,0,2,60000,35,1
8757,1.6300000000000001,3.169958416704605,3,Glendale,CA,M,F,2,3,60000,76,0
8758,5.924166666666666,12.60518468966663,3,Newport Beach,CA,M,M,3,3,80000,72,0
8759,0.19999999999999998,0.6928203230275509,1,El Cajon,CA,M,M,0,1,20000,65,0
8760,14.4625,24.896506189715563,4,Lemon Grove,CA,S,F,0,5,150000,36,0
8766,3.59,12.436124798344538,1,Beverly Hills,CA,M,F,2,1,20000,60,1
8782,8.880833333333333,14.895186811568196,4,Downey,CA,S,F,0,4,40000,64,0
8784,2.5641666666666665,5.9888797834491605,2,Lincoln Acres,CA,S,F,0,2,40000,67,0
8785,3.6758333333333337,10.162699586172362,2,Woodland Hills,CA,M,M,3,2,20000,29,0
8786,5.225833333333333,12.252314407218472,2,La Jolla,CA,M,M,0,2,40000,36,0
8787,11.301666666666666,29.04215801940762,2,Santa Monica,CA,S,M,0,3,140000,60,0
8793,12.39,26.17945377581435,3,Beverly Hills,CA,S,M,0,4,60000,51,1
8798,5.076666666666666,12.724101921038267,2,Los Angeles,CA,M,M,0,2,40000,45,1
8803,2.5483333333333333,8.827685615909378,1,Daly City,CA,M,F,2,1,140000,21,0
8805,1.0508333333333333,3.6401934472405904,1,Arcadia,CA,S,M,0,1,100000,63,0
8810,7.005,16.637137264674962,2,Newport Beach,CA,M,M,0,2,60000,69,0
8815,16.7275,22.628847287156596,5,Burbank,CA,M,F,2,6,20000,23,0
8816,6.756666666666667,16.791490990884927,2,West Covina,CA,M,F,0,2,40000,29,0
8823,3.645,12.626650387177117,1,Altadena,CA,S,M,0,1,20000,53,0
8830,1.5775,5.464620297879808,1,Redwood City,CA,S,F,0,1,40000,47,0
8833,2.158333333333333,7.476685986005653,1,Torrance,CA,M,M,1,1,80000,50,0
8834,22.782500000000002,27.31122151157918,6,Torrance,CA,M,M,1,6,20000,19,0
8839,11.036666666666667,38.23213482573702,1,Lincoln Acres,CA,M,F,1,2,40000,50,0
8851,2.6866666666666665,7.798425637540081,2,Glendale,CA,M,M,2,2,60000,86,0
8852,1.5358333333333334,5.320282730582401,1,Grossmont,CA,S,F,0,1,20000,75,0
8863,1.9958333333333333,6.913769473545768,1,Santa Monica,CA,M,F,1,1,80000,79,0
8864,6.499166666666667,18.18629676848795,3,Torrance,CA,M,M,0,3,80000,34,0
8868,0.32666666666666666,1.1316065276116665,1,Burlingame,CA,S,F,0,1,100000,28,0
8871,0.9316666666666666,3.227388004770008,1,Beverly Hills,CA,M,F,5,1,40000,38,1
8872,5.1450000000000005,12.256067514055678,3,Spring Valley,CA,S,F,0,3,60000,53,0
8874,0.16083333333333333,0.5571430097679888,1,Mill Valley,CA,M,M,1,1,60000,61,0
8882,9.235,17.05121883140216,3,Burbank,CA,S,F,0,3,40000,42,0
8884,7.178333333333334,13.276641027371982,3,Los Angeles,CA,S,M,0,3,60000,55,1
8885,9.1425,21.806463647693587,3,West Covina,CA,M,F,2,4,20000,38,0
8893,12.9225,39.470240141379705,2,Downey,CA,S,M,0,3,20000,54,0
8899,4.0575,12.041742644197763,3,Arcadia,CA,M,M,1,3,80000,79,0
8911,11.6725,21.129184093441598,3,El Cajon,CA,M,M,2,3,20000,64,0
8912,6.759166666666667,13.982748109615997,3,San Gabriel,CA,S,F,0,4,60000,63,0
8918,1.8550000000000002,6.4259084960805355,1,Altadena,CA,S,M,0,1,20000,56,0
8922,6.123333333333333,17.202075632335944,2,Woodland Hills,CA,S,F,0,2,20000,22,0
8923,0.9049999999999999,3.135011961699668,1,National City,CA,M,F,2,1,20000,30,0
8924,11.571666666666667,21.065601790309216,3,La Mesa,CA,M,M,4,3,40000,78,0
8929,10.1175,15.714399375326845,4,Santa Monica,CA,M,M,5,4,20000,28,0
8930,1.5666666666666667,3.768957737126064,2,Santa Monica,CA,M,M,0,2,40000,73,0
8933,1.6933333333333334,5.865878734966597,1,Lakewood,CA,S,M,0,1,20000,37,0
8934,5.805,16.03261250190884,2,Pomona,CA,S,F,0,2,60000,77,0
8937,7.1241666666666665,16.63865568123783,2,Woodland Hills,CA,M,M,1,2,20000,20,0
8942,9.390833333333333,17.361322456087336,3,Long Beach,CA,M,M,2,3,40000,53,0
8948,7.128333333333333,16.650952379714354,2,Lincoln Acres,CA,S,M,0,2,40000,49,0
8951,4.245,14.705111356259767,1,Imperial Beach,CA,M,M,1,1,20000,86,0
8953,4.2683333333333335,14.785940393946316,1,Coronado,CA,S,M,0,1,40000,80,0
8954,3.6933333333333334,10.436907704116312,2,Beverly Hills,CA,S,F,0,2,140000,71,1
8957,2.6991666666666667,9.35018760952599,1,Imperial Beach,CA,M,F,0,1,60000,25,0
8969,1.165,4.035678381635484,1,Santa Monica,CA,S,F,0,1,60000,83,0
8971,1.065,3.689268220121708,1,Richmond,CA,M,M,0,1,20000,82,0
8977,12.720833333333333,18.524984828031247,5,Beverly Hills,CA,M,M,0,5,60000,74,1
8979,1.23,4.260844986619438,1,La Jolla,CA,S,F,0,1,60000,47,0
8981,7.4775,13.672906271495133,3,Burbank,CA,M,F,3,4,40000,25,0
8982,2.4616666666666664,5.96515614873474,2,Downey,CA,S,M,0,2,60000,85,0
8984,0.12,0.41569219381653055,1,Beverly Hills,CA,M,F,2,1,80000,49,1
8987,2.2891666666666666,5.391055653636499,2,Grossmont,CA,S,M,0,2,60000,71,0
8991,5.1274999999999995,12.877455370459717,2,Bellflower,CA,S,F,0,3,80000,31,0
8993,4.234166666666667,11.01245778721315,2,San Diego,CA,M,F,2,2,20000,69,1
9005,9.741666666666667,19.641485702615793,3,La Mesa,CA,M,M,0,4,60000,82,0
9012,4.213333333333334,14.59541480511374,1,National City,CA,M,F,2,1,40000,21,0
9019,9.485,17.546826441890232,3,Newport Beach,CA,M,M,2,3,60000,75,0
9020,0.8366666666666666,2.8982983513319214,1,Pomona,CA,M,M,3,1,120000,35,0
9021,5.95,15.345996812909162,2,Arcadia,CA,S,M,0,2,20000,85,0
9022,3.1783333333333337,6.741218979779053,3,El Cajon,CA,S,F,0,3,140000,70,0
9023,8.095,28.041902574540124,1,La Mesa,CA,S,M,0,2,40000,35,0
9024,3.4283333333333332,8.264316320327064,2,Beverly Hills,CA,M,F,0,2,60000,67,1
9027,6.5125,15.236133561671442,2,Torrance,CA,S,M,0,2,60000,28,0
9033,4.195,14.531906275502882,1,Bellflower,CA,M,F,3,1,60000,53,0
9039,6.504166666666666,15.462718482814976,2,Altadena,CA,M,M,1,3,20000,24,0
9044,1.4475,5.0142870879119,1,Newport Beach,CA,M,M,1,1,40000,81,0
9045,5.2491666666666665,18.183646728127265,1,National City,CA,S,M,0,2,60000,71,0
9048,1.2366666666666668,2.963840669663522,2,San Carlos,CA,S,F,0,2,80000,37,0
9052,1.5716666666666665,5.444413038458171,1,Grossmont,CA,M,M,3,1,60000,25,0
9055,3.109166666666667,10.77046927173247,1,Pomona,CA,M,F,0,1,20000,19,0
9057,2.39,6.35405954703548,2,Chula Vista,CA,M,M,0,2,140000,45,0
9058,9.8025,20.70108917863546,3,Lemon Grove,CA,S,M,0,4,20000,20,0
9067,3.9266666666666663,13.602372342107582,1,Lakewood,CA,S,F,0,1,40000,48,0
9068,5.546666666666667,17.107815509735644,3,Downey,CA,S,M,0,3,40000,52,0
9069,2.51,4.685860743672491,3,Beverly Hills,CA,S,M,0,3,100000,63,1
9070,5.6033333333333335,18.075085481167584,2,Chula Vista,CA,M,F,0,2,40000,81,0
9072,4.314166666666667,14.944711717973464,1,Spring Valley,CA,M,M,0,1,20000,84,0
9075,6.985833333333333,12.85600705601247,3,Burbank,CA,S,M,0,3,40000,87,0
9081,7.010000000000001,16.541378418983104,2,Arcadia,CA,M,M,2,2,60000,36,0
9087,15.195833333333333,23.67340489330642,4,Beverly Hills,CA,S,F,0,4,40000,72,1
9092,10.016666666666666,15.53851422248679,4,Bellflower,CA,M,M,0,4,20000,33,0
9095,0.5325,1.844634110060854,1,West Covina,CA,S,F,0,1,80000,49,0
9096,1.5166666666666666,5.253887449625594,1,Palo Alto,CA,S,F,0,1,80000,58,0
9099,7.144166666666667,17.743358018928628,3,La Mesa,CA,S,M,0,4,20000,44,0
9101,13.130833333333333,20.577508665501465,5,Los Angeles,CA,S,M,0,5,40000,60,1
9103,2.9575,7.150288137868673,2,Torrance,CA,S,F,0,2,120000,87,0
9105,3.7225,12.895118262350291,1,National City,CA,M,F,2,1,40000,36,0
9106,3.1441666666666666,10.891712828262289,1,National City,CA,M,M,2,1,100000,55,0
9109,2.605,9.02398470743385,1,Downey,CA,M,M,1,1,60000,57,0
9112,6.378333333333333,15.653826040204027,2,San Gabriel,CA,M,M,0,2,20000,23,0
9118,3.408333333333333,8.018784575021707,2,Coronado,CA,M,F,2,2,20000,35,0
9122,2.7800000000000002,6.50327050588604,2,Woodland Hills,CA,M,M,4,2,40000,24,0
9124,3.8808333333333334,7.360263654286174,3,La Mesa,CA,S,M,0,3,20000,43,0
9127,9.216666666666667,16.93152859626267,3,Spring Valley,CA,S,M,0,3,20000,53,0
9130,8.221666666666668,13.253407680725557,4,San Diego,CA,M,M,3,4,120000,76,1
9131,0.945,3.2735760263051783,1,Woodland Hills,CA,S,M,0,1,150000,52,0
9133,2.4675,6.953381289965074,2,El Cajon,CA,S,M,0,2,40000,68,0
9140,7.928333333333334,17.374082491580452,3,Arcadia,CA,S,M,0,3,80000,70,0
9145,0.6316666666666667,2.188157520228682,1,Santa Monica,CA,M,F,1,1,80000,36,0
9152,8.525,16.0032953992721,3,Lincoln Acres,CA,M,F,3,3,100000,29,0
9153,1.6375,5.6724663947880725,1,La Jolla,CA,S,M,0,1,120000,35,0
9154,0.9199999999999999,3.186973485926734,1,La Jolla,CA,M,F,0,1,40000,26,0
9156,2.6433333333333335,6.647278777929744,2,Pomona,CA,S,M,0,2,150000,44,0
9157,8.124166666666666,20.583814231899133,2,Bellflower,CA,M,F,1,2,20000,66,0
9158,4.0249999999999995,13.943009000929461,1,West Covina,CA,S,F,0,1,40000,30,0
9160,6.09,15.358332650980765,2,Santa Monica,CA,S,F,0,2,20000,70,0
9161,7.5125,18.148221112424615,3,La Jolla,CA,S,M,0,3,60000,49,0
9170,1.7375,6.01887655630185,1,West Covina,CA,S,M,0,1,40000,77,0
9172,2.026666666666667,7.02057927334585,1,National City,CA,M,F,1,1,20000,31,0
9175,5.305833333333333,16.788823370073175,2,Chula Vista,CA,S,F,0,2,100000,80,0
9179,7.005,14.26907686381479,3,Newport Beach,CA,M,F,4,4,40000,66,0
9180,4.309166666666667,8.195620181018343,3,Woodland Hills,CA,S,M,0,3,20000,45,0
9181,5.926666666666667,20.530575572383093,1,Imperial Beach,CA,S,M,0,3,20000,18,0
9182,13.003333333333334,20.71490826053604,4,Downey,CA,S,M,0,4,120000,68,0
9188,6.365000000000001,22.04900678035181,1,Long Beach,CA,S,M,0,2,40000,42,0
9190,7.395,14.657466914976691,3,Los Angeles,CA,M,M,3,3,40000,28,1
9193,5.58,13.03237995428031,2,Beverly Hills,CA,M,F,1,2,20000,40,1
9195,5.970000000000001,12.816148194580716,3,La Jolla,CA,M,M,3,3,80000,51,0
9196,0.8791666666666668,3.045522669975276,1,Richmond,CA,S,F,0,1,40000,56,0
9202,0.42416666666666664,1.4693564350875976,1,Daly City,CA,M,M,2,1,40000,75,0
9203,0.7475,2.5894159573154716,1,Grossmont,CA,M,M,4,1,60000,35,0
9204,5.91,14.367031071804007,4,Newport Beach,CA,M,M,1,5,60000,29,0
9209,10.7325,20.796967053788485,3,Torrance,CA,M,F,3,3,60000,65,0
9211,0.385,1.3336791218280355,1,San Carlos,CA,S,F,0,1,80000,70,0
9218,3.8041666666666667,13.178019894253207,1,Bellflower,CA,M,F,1,1,80000,38,0
9221,0.75,2.598076211353316,1,Woodland Hills,CA,S,M,0,1,60000,78,0
9223,0.86,2.0125966944585434,2,Coronado,CA,M,M,4,2,40000,61,0
9227,5.286666666666667,15.355504984640959,2,Bellflower,CA,S,F,0,2,20000,59,0
9228,15.796666666666667,30.328357067672535,3,Torrance,CA,S,F,0,4,60000,70,0
9234,7.505,18.661341421140218,2,Spring Valley,CA,S,F,0,2,20000,39,0
9239,1.9533333333333334,6.766545154902414,1,Long Beach,CA,M,M,0,1,100000,30,0
9251,16.699166666666667,35.80327726450175,3,Lemon Grove,CA,M,M,4,4,100000,78,0
9252,6.4975,15.301951227331642,2,Glendale,CA,S,M,0,2,60000,22,0
9257,5.699166666666667,11.232026011959434,3,Glendale,CA,S,M,0,3,80000,33,0
9259,2.620833333333333,9.078832983006865,1,Palo Alto,CA,M,M,1,1,40000,61,0
9261,3.61,12.505406830647294,1,Pomona,CA,M,M,0,1,80000,77,0
9264,2.3133333333333335,6.3895558720793915,2,Spring Valley,CA,M,F,2,2,100000,28,0
9266,12.93,21.206373398751442,4,San Gabriel,CA,M,F,1,4,20000,67,0
9269,8.060833333333333,15.043506275486644,4,Newport Beach,CA,M,F,2,4,20000,75,0
9275,2.9291666666666667,7.515046069335997,2,Arcadia,CA,S,F,0,2,20000,62,0
9276,11.408333333333333,22.690215285381708,3,Glendale,CA,S,F,0,3,140000,23,0
9277,0.49833333333333335,1.7262773048769813,1,Burlingame,CA,M,M,2,1,60000,72,0
9279,2.7508333333333335,6.832669461469432,2,West Covina,CA,S,F,0,2,60000,23,0
9281,4.074999999999999,12.36953478951779,2,Lemon Grove,CA,S,M,0,2,20000,49,0
9282,9.805833333333332,21.532488965760695,3,Lemon Grove,CA,S,M,0,3,80000,88,0
9288,3.1191666666666666,10.805110287883846,1,Lemon Grove,CA,M,M,1,1,80000,46,0
9293,3.595,12.453445306420228,1,El Cajon,CA,M,F,0,1,80000,39,0
9299,10.211666666666668,19.79550446363257,3,National City,CA,M,F,1,3,60000,78,0
9300,17.469166666666666,32.73778841265114,4,Arcadia,CA,S,M,0,5,20000,66,0
9306,13.604166666666666,20.857243545908297,5,National City,CA,M,M,4,5,60000,35,0
9312,2.0858333333333334,7.225538618908167,1,San Jose,CA,S,M,0,1,80000,59,0
9313,2.861666666666667,9.913104121985876,1,Woodland Hills,CA,M,M,4,1,40000,48,0
9314,4.1049999999999995,9.60322625712081,2,Woodland Hills,CA,M,F,0,2,140000,23,0
9326,1.2916666666666667,4.474464586219599,1,Colma,CA,S,F,0,1,20000,80,0
9330,1.035,3.585345171667576,1,Richmond,CA,S,M,0,1,40000,52,0
9334,6.2683333333333335,12.044204063164635,3,Beverly Hills,CA,S,M,0,5,20000,55,1
9338,8.520833333333334,16.53552234561776,3,Newport Beach,CA,M,F,1,3,20000,33,0
9350,0.9208333333333334,3.1898602372726823,1,Downey,CA,S,M,0,1,120000,24,0
9355,2.7424999999999997,9.500298679515291,1,Pomona,CA,S,M,0,2,100000,42,0
9357,3.2908333333333335,11.399781065149162,1,Burbank,CA,M,F,0,1,40000,58,0
9361,3.385,11.000746668873312,2,Newport Beach,CA,M,F,2,2,60000,39,0
9362,4.660833333333334,14.08566160600161,2,Newport Beach,CA,M,M,2,2,40000,58,0
9369,15.013333333333332,23.14632204568199,4,Torrance,CA,M,M,5,5,20000,43,0
9370,7.905,15.361053763569501,3,Grossmont,CA,S,F,0,4,100000,27,0
9380,7.005,21.967269661103455,2,Pomona,CA,S,M,0,3,80000,27,0
9381,5.251666666666667,12.657222037120535,2,Lincoln Acres,CA,M,M,0,2,120000,55,0
9385,4.650833333333333,15.31643885641908,2,Grossmont,CA,M,M,1,2,20000,38,0
9386,1.9141666666666668,4.700387717728155,2,Lakewood,CA,M,F,3,2,60000,60,0
9387,7.6175,15.932701719762065,3,Los Angeles,CA,M,F,2,3,40000,42,1
9390,9.805833333333334,22.978738179746365,2,Los Angeles,CA,M,M,0,2,80000,76,1
9393,4.0216666666666665,13.93146199554567,1,El Cajon,CA,S,M,0,1,140000,35,0
9394,21.7225,38.71854409476397,4,Spring Valley,CA,S,F,0,6,80000,48,0
9399,7.159166666666667,17.09110904339836,2,Long Beach,CA,S,F,0,2,100000,41,0
9403,4.841666666666667,16.77202531995863,1,Torrance,CA,M,M,0,1,40000,39,0
9404,6.506666666666667,12.59900813796888,3,Newport Beach,CA,S,F,0,3,60000,82,0
9405,4.034166666666667,13.97476326573489,1,Santa Monica,CA,S,M,0,1,20000,49,0
9406,5.13,11.986199640343967,2,Imperial Beach,CA,S,F,0,2,100000,35,0
9409,4.575,14.795077498337688,2,Bellflower,CA,M,M,1,2,20000,38,0
9422,9.884166666666667,19.331759764854844,4,Burbank,CA,M,F,4,4,40000,62,0
9427,5.886666666666667,13.85211656510778,2,Spring Valley,CA,M,F,0,2,40000,70,0
9428,3.5866666666666664,12.424577792960745,1,Torrance,CA,S,F,0,1,20000,58,0
9430,0.6566666666666666,2.274760060607125,1,Santa Cruz,CA,M,F,3,1,20000,50,0
9431,3.5108333333333337,12.161883420479468,1,Pomona,CA,S,F,0,2,40000,37,0
9433,2.981666666666667,10.328796315802405,1,Chula Vista,CA,S,F,0,1,40000,31,0
9440,3.7441666666666666,12.970173797344943,1,El Cajon,CA,S,F,0,1,60000,29,0
9446,3.7775,8.824567076684787,2,Arcadia,CA,S,M,0,2,20000,79,0
9449,11.014166666666666,18.804515153321958,4,Burbank,CA,S,M,0,4,20000,22,0
9466,3.0399999999999996,10.530868910018773,1,Lincoln Acres,CA,M,F,5,1,120000,77,0
9470,3.8449999999999998,9.625889805387061,2,Altadena,CA,S,F,0,2,120000,87,0
9471,3.5108333333333333,8.473796464109313,2,Los Angeles,CA,M,F,3,2,20000,62,1
9476,5.2575,18.212514241586746,1,Glendale,CA,S,F,0,2,20000,87,0
9477,3.783333333333333,9.93656181010618,2,Los Angeles,CA,S,M,0,2,60000,38,1
9478,0.9816666666666666,3.4005930855268955,1,Oakland,CA,M,M,5,1,100000,72,0
9479,4.2425,14.696451102221923,1,Downey,CA,M,M,2,1,120000,21,0
9481,5.081666666666666,12.321990566266129,2,Lincoln Acres,CA,S,F,0,2,40000,21,0
9482,8.149166666666666,16.361451068307055,3,Santa Monica,CA,M,F,1,3,120000,38,0
9486,2.4875000000000003,8.616952767655166,1,Pomona,CA,S,F,0,1,40000,48,0
9488,7.989166666666667,19.816808961693162,2,Chula Vista,CA,M,F,2,3,60000,58,0
9494,10.342500000000001,16.481097781728895,4,Long Beach,CA,M,M,2,4,150000,31,0
9499,4.623333333333333,16.01569646732022,1,Santa Monica,CA,M,M,4,1,120000,87,0
9500,4.520833333333333,15.660626051768599,1,Arcadia,CA,M,M,3,1,40000,53,0
9503,1.445,3.4397238261232546,2,Spring Valley,CA,M,F,4,2,20000,54,0
9506,0.6091666666666666,2.110215233888082,1,Concord,CA,M,M,3,1,40000,66,0
9507,3.8191666666666664,13.229981418480273,1,Woodland Hills,CA,S,M,0,1,40000,58,0
9509,12.000833333333333,26.336863021018253,3,Burbank,CA,M,M,3,4,140000,30,0
9511,1.02,3.53338364744051,1,Chula Vista,CA,M,M,1,1,80000,83,0
9516,1.7300000000000002,5.992895794188316,1,Woodland Hills,CA,S,F,0,1,60000,86,0
9518,1.0908333333333333,3.7787575118461008,1,Redwood City,CA,M,M,4,1,20000,46,0
9521,2.3683333333333336,8.204147325184582,1,Torrance,CA,S,F,0,1,20000,83,0
9522,21.636666666666667,27.007944398011126,5,Torrance,CA,M,M,4,5,40000,25,0
9527,11.908333333333333,23.65485106247509,4,Burbank,CA,S,F,0,5,80000,22,0
9528,2.7583333333333333,6.664043044351507,2,Santa Monica,CA,M,M,0,2,40000,64,0
9533,3.3633333333333333,11.650928432246648,1,La Mesa,CA,M,F,2,1,40000,31,0
9536,0.945,3.2735760263051783,1,Coronado,CA,M,F,2,1,140000,27,0
9540,17.435833333333335,25.382698279924792,6,Newport Beach,CA,S,M,0,7,40000,79,0
9544,2.2475,7.785568380022103,1,Daly City,CA,M,F,1,1,120000,35,0
9545,1.6375,5.6724663947880725,1,Spring Valley,CA,S,M,0,1,20000,83,0
9546,11.594166666666666,21.99173830755265,4,Bellflower,CA,S,M,0,5,40000,42,0
9547,1.2566666666666666,4.353221029689778,1,San Francisco,CA,S,F,0,1,40000,24,1
9550,7.501666666666666,12.405040642147583,4,Downey,CA,S,M,0,4,80000,52,0
9551,8.540000000000001,29.583427793276424,1,La Mesa,CA,M,M,1,2,20000,55,0
9552,11.667499999999999,16.679482292489013,5,Beverly Hills,CA,S,M,0,6,60000,54,1
9558,4.35,12.578575580580006,3,Los Angeles,CA,M,F,3,3,100000,27,1
9568,2.0975,7.265953137751441,1,Downey,CA,M,F,0,1,80000,77,0
9575,0.6016666666666667,2.084234471774549,1,Altadena,CA,S,M,0,1,60000,69,0
9579,2.2058333333333335,5.386012960071727,2,El Cajon,CA,M,M,3,2,20000,68,0
9581,4.8125,16.670989022850446,1,Coronado,CA,S,F,0,1,40000,84,0
9587,3.5558333333333336,12.317767993160667,1,Imperial Beach,CA,S,F,0,1,40000,52,0
9588,7.555833333333333,10.02562667126176,5,Lakewood,CA,M,M,2,5,80000,34,0
9591,6.243333333333333,15.123277863391035,2,West Covina,CA,S,F,0,2,40000,76,0
9598,4.5575,11.642855105170725,2,Bellflower,CA,S,M,0,2,100000,71,0
9599,8.885,21.047670352624,2,San Diego,CA,S,F,0,2,60000,36,1
9603,10.036666666666667,15.669748117331244,4,Glendale,CA,S,M,0,4,140000,71,0
9604,10.774999999999999,21.19567730372484,4,El Cajon,CA,M,M,1,4,40000,21,0
9616,1.46,5.057588358101122,1,Lakewood,CA,M,M,0,1,60000,54,0
9621,8.844166666666666,14.049255210497707,4,Long Beach,CA,M,M,4,4,60000,37,0
9622,5.711666666666667,16.95661084990605,2,Burbank,CA,S,F,0,2,40000,39,0
9628,5.717499999999999,16.256686526416807,2,Spring Valley,CA,S,M,0,2,60000,61,0
9633,0.8833333333333333,3.0599564267050163,1,Burbank,CA,M,F,0,1,60000,82,0
9635,1.0758333333333334,3.726795987619034,1,San Jose,CA,M,M,0,2,40000,33,0
9640,2.2733333333333334,7.875057671746496,1,Burbank,CA,M,F,1,2,140000,85,0
9656,6.9825,17.535016460577594,2,Chula Vista,CA,M,M,0,2,60000,61,0
9657,2.435,6.682536943407047,2,La Mesa,CA,M,F,2,2,40000,71,0
9658,8.095,13.069484583285114,4,Altadena,CA,M,F,2,4,20000,62,0
9662,11.151666666666667,21.18081157056733,3,Woodland Hills,CA,S,M,0,3,60000,72,0
9670,1.4516666666666669,5.028720844641641,1,Arcadia,CA,S,M,0,1,40000,47,0
9675,11.351666666666667,17.477565273194887,4,National City,CA,M,F,1,4,20000,65,0
9676,6.144166666666667,21.284017673675557,1,Lemon Grove,CA,S,M,0,2,60000,75,0
9679,2.0058333333333334,6.948410489697146,1,Lakewood,CA,S,F,0,1,40000,26,0
9688,1.2058333333333333,4.177129197586943,1,Altadena,CA,M,M,1,1,60000,28,0
9694,2.3608333333333333,5.6006338250616094,2,Long Beach,CA,S,M,0,2,140000,40,0
9703,6.626666666666667,15.476561359525299,2,Chula Vista,CA,S,M,0,2,20000,70,0
9704,2.7525,9.534939695666669,1,Lincoln Acres,CA,S,F,0,1,100000,85,0
9706,10.665,20.993389219206385,3,Beverly Hills,CA,M,M,0,3,120000,23,1
9710,0.57,1.97453792062852,1,Newport Beach,CA,S,M,0,1,20000,21,0
9712,4.5625,10.7611913204981,2,Long Beach,CA,M,F,0,3,60000,23,0
9722,6.166666666666666,16.133172112893433,2,Torrance,CA,M,M,0,2,100000,44,0
9731,0.6058333333333333,2.0986682285042897,1,Daly City,CA,S,F,0,1,20000,81,0
9733,17.7575,26.670412317431804,5,Arcadia,CA,S,M,0,5,40000,65,0
9737,6.701666666666667,18.509059125114106,2,Torrance,CA,M,F,1,2,20000,32,0
9740,2.8633333333333333,9.918877624677771,1,Concord,CA,M,M,1,1,40000,41,0
9744,9.614166666666666,17.428388783994365,3,West Covina,CA,S,M,0,3,40000,61,0
9748,2.89,10.011253667748111,1,La Jolla,CA,S,F,0,1,40000,55,0
9751,0.7000000000000001,2.4248711305964283,1,Coronado,CA,M,M,3,1,60000,47,0
9761,3.6783333333333332,12.742120441015041,1,Spring Valley,CA,M,F,3,1,40000,45,0
9763,2.84,7.823518157685605,2,San Francisco,CA,S,M,0,2,60000,82,1
9769,7.746666666666667,17.72255744592869,3,Spring Valley,CA,M,F,2,4,20000,20,0
9770,15.944166666666668,20.932195931510662,5,Glendale,CA,S,M,0,6,20000,43,0
9772,2.9783333333333335,10.317249310418614,1,Los Angeles,CA,M,M,1,1,20000,23,1
9775,8.618333333333332,18.87623076460944,3,Beverly Hills,CA,S,F,0,4,40000,62,1
9779,4.11,14.23745763821617,1,Lakewood,CA,S,M,0,1,40000,55,0
9786,0.9616666666666666,3.3313110532241406,1,Imperial Beach,CA,M,F,3,1,60000,36,0
9792,6.441666666666666,14.346564259801232,3,Torrance,CA,S,F,0,3,140000,42,0
9803,3.185,8.144771328895612,2,Imperial Beach,CA,S,M,0,2,40000,57,0
9807,2.9633333333333334,10.265287786191546,1,West Covina,CA,S,F,0,1,40000,88,0
9814,3.2225,9.13328988321892,2,San Gabriel,CA,S,M,0,2,60000,60,0
9816,7.754166666666667,19.21536906575914,2,Bellflower,CA,S,F,0,3,40000,25,0
9828,0.44249999999999995,1.5328649646984562,1,San Carlos,CA,S,M,0,1,20000,26,0
9840,8.051666666666668,17.677158776914418,3,Burbank,CA,M,M,0,3,40000,67,0
9846,2.4883333333333333,8.619839519001113,1,National City,CA,M,F,1,1,60000,40,0
9852,4.719166666666666,9.053899670441695,3,Imperial Beach,CA,S,M,0,3,20000,62,0
9857,3.4450000000000003,8.110070619578195,2,Lincoln Acres,CA,S,M,0,3,60000,19,0
9862,5.0175,17.381129853953684,1,Altadena,CA,M,M,4,1,150000,83,0
9869,6.368333333333333,15.129261733675593,2,Imperial Beach,CA,M,M,1,2,80000,47,0
9879,1.5733333333333333,5.4501865411500665,1,El Cajon,CA,M,M,0,1,60000,29,0
9882,1.0291666666666666,3.565137912245939,1,Berkeley,CA,S,M,0,1,150000,78,0
9883,8.18,13.611463751358464,4,Woodland Hills,CA,S,M,0,5,60000,28,0
9886,3.6683333333333334,12.707479424863664,1,Long Beach,CA,S,F,0,1,60000,87,0
9903,3.236666666666667,11.212142227662534,1,Burbank,CA,S,M,0,1,40000,65,0
9908,2.5025,5.863886587331896,2,Woodland Hills,CA,M,M,1,2,60000,52,0
9909,8.906666666666666,17.11521669229585,3,Lemon Grove,CA,S,M,0,3,40000,36,0
9910,6.808333333333334,11.766942008968355,4,Grossmont,CA,S,M,0,4,40000,44,0
9911,1.4633333333333332,5.0691353634849134,1,Mill Valley,CA,S,F,0,1,20000,25,0
9913,1.6658333333333333,3.9610615159743903,2,West Covina,CA,S,M,0,2,20000,19,0
9916,1.1841666666666668,4.102073662592291,1,Santa Monica,CA,S,M,0,1,40000,66,0
9917,3.1275,7.3298507054125155,2,Mill Valley,CA,M,F,5,2,80000,33,0
9923,2.6258333333333335,9.096153491082553,1,Daly City,CA,M,M,3,1,80000,59,0
9931,11.465833333333332,20.04210407133095,4,Torrance,CA,M,F,3,5,60000,21,0
9932,5.721666666666667,11.585755229695827,3,West Covina,CA,S,F,0,3,120000,31,0
9940,0.8475,2.935826118829247,1,Concord,CA,S,M,0,1,40000,44,0
9943,12.012500000000001,19.89327164692077,4,Altadena,CA,S,M,0,6,40000,23,0
9949,2.5816666666666666,8.943155669747304,1,National City,CA,S,M,0,1,80000,31,0
9958,0.42166666666666663,1.4606961810497532,1,Santa Cruz,CA,S,M,0,1,20000,59,0
9959,4.189166666666667,14.511699016081245,1,Pomona,CA,S,F,0,1,20000,84,0
9960,1.5616666666666665,5.409772022306793,1,Downey,CA,M,F,3,1,20000,29,0
9969,0.9975,3.4554413610999104,1,Palo Alto,CA,M,F,1,1,20000,75,0
9973,11.8625,23.321804906372687,3,Long Beach,CA,S,M,0,5,20000,22,0
9974,7.989166666666667,19.082985023948492,2,Burbank,CA,M,M,1,2,60000,30,0
9975,2.0100000000000002,6.9628442464268865,1,San Diego,CA,M,F,4,1,40000,81,1
9979,4.341666666666667,13.421058644962221,2,Glendale,CA,S,M,0,2,40000,80,0
9980,2.901666666666667,10.051668186591385,1,Lakewood,CA,S,M,0,1,40000,52,0
9985,15.386666666666667,26.239486668112633,4,San Gabriel,CA,M,M,3,5,60000,66,0
9986,5.6866666666666665,10.664643652857054,3,Arcadia,CA,S,M,0,3,150000,47,0
9991,0.9758333333333334,3.3803858261052593,1,Beverly Hills,CA,M,F,1,1,40000,76,1
9992,7.769166666666667,14.778465573156426,3,Spring Valley,CA,S,M,0,3,20000,85,0
9994,0.21083333333333332,0.7303480905248766,1,Mill Valley,CA,M,M,1,1,40000,23,0
9998,6.6466666666666665,13.06440294243959,3,Altadena,CA,S,M,0,3,60000,32,0
10003,2.6416666666666666,9.151001766655568,1,Lemon Grove,CA,S,F,0,1,80000,40,0
10007,6.9875,19.975279779585748,2,Downey,CA,S,F,0,3,80000,65,0
10009,6.950833333333333,16.6689048875898,2,Lincoln Acres,CA,S,F,0,2,100000,59,0
10012,1.2633333333333334,4.376315040457364,1,Lemon Grove,CA,M,F,1,1,20000,30,0
10018,3.73,7.824405873465874,3,San Diego,CA,S,M,0,3,20000,37,1
10022,1.4183333333333332,4.913250790803715,1,Long Beach,CA,M,M,1,1,20000,49,0
10023,0.1758333333333333,0.6091045339950552,1,Daly City,CA,S,F,0,1,40000,62,0
10031,3.215,11.13708669266788,1,El Cajon,CA,M,F,0,1,20000,33,0
10032,6.283333333333333,15.596738781106152,2,San Gabriel,CA,M,F,1,2,40000,27,0
10036,1.7541666666666667,5.479868044750602,2,Mill Valley,CA,M,M,1,2,120000,39,0
10040,5.7250000000000005,19.831981746663644,1,Lincoln Acres,CA,M,F,3,1,60000,64,0
10042,4.2700000000000005,14.791713896638212,1,La Jolla,CA,M,F,1,1,20000,78,0
10049,8.080833333333334,23.461013098458913,2,Altadena,CA,M,F,2,3,100000,78,0
10050,1.6766666666666665,4.028641398182707,2,Altadena,CA,M,M,1,2,150000,47,0
10051,1.1766666666666665,4.076092900478757,1,Berkeley,CA,S,M,0,1,40000,45,0
10053,4.8625,13.304423136686536,2,Torrance,CA,M,F,0,2,140000,50,0
10054,1.5183333333333333,5.25966095231749,1,Woodland Hills,CA,S,F,0,1,120000,84,0
10056,3.8275,13.258848931939756,1,Arcadia,CA,M,M,2,1,40000,42,0
10060,2.339166666666667,8.103111028076398,1,Berkeley,CA,S,F,0,1,140000,30,0
10061,3.1775,9.575990929022819,3,Glendale,CA,M,M,3,4,20000,36,0
10064,2.5683333333333334,7.183604860227126,2,National City,CA,M,M,2,2,60000,62,0
10065,0.8908333333333333,3.0859371888185496,1,Pomona,CA,S,F,0,1,80000,24,0
10080,10.449166666666667,24.54425889484076,2,Altadena,CA,M,M,5,2,140000,19,0
10083,2.405,7.834850465591657,2,West Covina,CA,S,F,0,2,60000,56,0
10087,5.038333333333333,12.189381991443755,2,La Mesa,CA,M,F,1,2,20000,41,0
10097,8.584166666666668,21.87873415747203,2,Beverly Hills,CA,S,M,0,3,40000,32,1
10098,1.8841666666666665,4.474037140361413,2,Beverly Hills,CA,M,M,0,2,40000,45,1
10099,10.921666666666667,28.16885766984956,2,La Jolla,CA,M,M,1,3,20000,75,0
10101,8.681666666666667,16.504418600281966,3,Burbank,CA,M,F,0,4,120000,53,0
10104,11.380833333333333,23.027000933028532,3,Beverly Hills,CA,M,F,4,4,20000,83,1
10107,3.9875000000000003,9.93041162288855,2,Grossmont,CA,S,F,0,3,60000,29,0
10109,6.031666666666666,14.958466640749787,3,Arcadia,CA,M,F,3,3,40000,39,0
10110,4.725833333333333,16.370766882871838,1,Grossmont,CA,M,M,1,1,40000,78,0
10120,0.8591666666666667,2.976240637672521,1,Downey,CA,M,F,1,1,100000,54,0
10126,2.9283333333333332,7.192198846140465,2,Lakewood,CA,S,F,0,2,60000,71,0
10133,4.605833333333333,10.783502937638614,2,National City,CA,M,F,3,2,20000,45,0
10134,14.018333333333334,23.94615392664943,4,Imperial Beach,CA,M,F,1,4,20000,47,0
10135,1.7325,6.001556048226159,1,Richmond,CA,S,F,0,1,40000,88,0
10136,6.7325,12.34781771296966,3,Los Angeles,CA,M,M,0,4,40000,65,1
10138,4.21,11.943297854293162,2,Bellflower,CA,M,M,4,2,20000,67,0
10143,3.3524999999999996,11.613400664749323,1,Long Beach,CA,S,M,0,1,40000,47,0
10144,6.430833333333333,15.502249372464004,2,Lakewood,CA,M,F,1,2,60000,73,0
10149,7.526666666666667,15.110194230947851,3,Santa Monica,CA,S,M,0,3,60000,24,0
10153,1.7566666666666666,6.085271837258655,1,Bellflower,CA,S,M,0,1,40000,33,0
10155,2.2841666666666667,7.912585439243821,1,Palo Alto,CA,M,F,0,1,40000,32,0
10157,7.551666666666667,26.159740696981945,1,Woodland Hills,CA,S,F,0,2,60000,48,0
10161,7.860833333333333,15.07178728517945,3,Burbank,CA,S,M,0,5,40000,24,0
10165,3,6.514392457544226,3,Newport Beach,CA,M,F,0,3,40000,33,0
10174,17.245833333333334,20.294321847315427,6,Burbank,CA,S,M,0,6,40000,35,0
10175,1.7308333333333332,5.995782545534263,1,Fremont,CA,M,F,1,1,100000,70,0
10182,3.3466666666666662,11.593193405327685,1,La Mesa,CA,M,F,0,1,60000,80,0
10192,11.525,17.767116459142358,4,San Gabriel,CA,M,M,2,4,80000,54,0
10195,6.998333333333333,16.913362567311484,2,Glendale,CA,S,M,0,2,80000,59,0
10197,0.355,1.2297560733739028,1,Redwood City,CA,M,F,3,1,40000,37,0
10201,4.184166666666667,10.535677445823039,2,San Gabriel,CA,S,M,0,2,80000,38,0
10204,3.535,9.882899372147833,2,Santa Cruz,CA,S,F,0,2,20000,79,0
10205,10.795833333333333,20.341406252600464,3,Downey,CA,S,M,0,3,40000,53,0
10209,10.334166666666667,16.492658674438005,4,Santa Monica,CA,S,F,0,5,20000,29,0
10210,7.498333333333333,16.801759016859098,3,Santa Monica,CA,S,M,0,3,20000,74,0
10213,4.036666666666666,13.983423519772735,1,Lakewood,CA,S,M,0,1,40000,38,0
10214,14.468333333333334,20.109817065906952,5,Pomona,CA,M,F,2,5,150000,78,0
10217,1.7175,5.949594523999093,1,Woodland Hills,CA,S,F,0,1,60000,21,0
10222,7.829166666666667,18.32777200085028,2,Long Beach,CA,S,M,0,2,20000,65,0
10231,5.7058333333333335,11.366323830695764,3,Lakewood,CA,S,M,0,3,140000,34,0
10233,12.554166666666667,20.32235824644792,4,Coronado,CA,M,M,0,5,60000,28,0
10234,5.654166666666667,12.88444619639815,3,Beverly Hills,CA,S,F,0,3,20000,18,1
10249,5.1425,17.814142555845905,1,Beverly Hills,CA,S,F,0,1,40000,23,1
10251,6.783333333333333,13.363502081370283,3,La Jolla,CA,M,F,3,3,100000,21,0
10256,0.645,2.234345541763852,1,Altadena,CA,S,F,0,1,20000,57,0
10259,2.9441666666666664,10.198892505234738,1,West Covina,CA,S,F,0,2,40000,63,0
10265,4.4475,15.406591933325164,1,Downey,CA,M,M,0,1,120000,82,0
10268,2.580833333333333,8.940268918401355,1,Pomona,CA,S,F,0,1,40000,53,0
10274,4.075,9.611463326295704,2,Torrance,CA,S,M,0,2,60000,60,0
